{
  "k": 8,
  "m": 256,
  "num_traj": 64,
  "num_diffs": 1024,
  "drift_mean": -104.71834981538404,
  "drift_min": -113.24959981538404,
  "drift_max": -94.24959981538404,
  "max_prefix_D_mean": 1.9936572358586528,
  "max_prefix_D_max": 6.718800023076994,
  "first_delta_rate": 1.0,
  "first_delta_mean": 5.1923828125,
  "first_delta_median": 5.0,
  "first_delta_min": 2.0,
  "first_delta_max": 10.0,
  "tau_2_mean": 5.155533399800598,
  "tau_2_median": 5.0,
  "tau_2_min": 2.0,
  "tau_2_max": 13.0,
  "tau_3_mean": 4.263671875,
  "tau_3_median": 4.0,
  "tau_3_min": 1.0,
  "tau_3_max": 9.0,
  "tau_4_mean": 3.6494140625,
  "tau_4_median": 4.0,
  "tau_4_min": 1.0,
  "tau_4_max": 8.0,
  "tau_5_mean": 3.087890625,
  "tau_5_median": 3.0,
  "tau_5_min": 1.0,
  "tau_5_max": 7.0,
  "tau_6_mean": 2.552734375,
  "tau_6_median": 2.0,
  "tau_6_min": 1.0,
  "tau_6_max": 7.0,
  "corr_maxPrefix_tau4": 0.5518550746467323
}