root,blocks_audited,reached_state_one_endpoint,maximum_queue,terminal_block,witness_start_block,witness_block_count,witness_length,witness_claim_holes,witness_terminal_valuation,witness_absorption_deficit
1,1,True,0,-1,-1,0,0,0,0,0
3,2,True,0,-1,-1,0,0,0,0,0
5,2,True,0,-1,-1,0,0,0,0,0
7,4,True,1,0,0,1,3,1,1,1
9,5,True,1,1,1,1,3,1,1,1
11,4,True,0,-1,-1,0,0,0,0,0
13,3,True,0,-1,-1,0,0,0,0,0
15,3,True,0,-1,-1,0,0,0,0,0
17,4,True,0,-1,-1,0,0,0,0,0
19,5,True,0,-1,-1,0,0,0,0,0
21,2,True,0,-1,-1,0,0,0,0,0
23,3,True,0,-1,-1,0,0,0,0,0
25,6,True,0,-1,-1,0,0,0,0,0
27,18,True,5,9,1,9,27,11,11,5
29,5,True,0,-1,-1,0,0,0,0,0
31,17,True,5,8,0,9,27,11,11,5
33,7,True,0,-1,-1,0,0,0,0,0
35,3,True,0,-1,-1,0,0,0,0,0
37,5,True,1,1,1,1,3,1,1,1
39,7,True,1,0,0,1,3,1,1,1
41,18,True,5,9,1,9,27,11,11,5
43,7,True,1,3,3,1,3,1,1,1
45,5,True,0,-1,-1,0,0,0,0,0
47,17,True,4,8,0,9,26,11,11,4
49,6,True,1,2,2,1,3,1,1,1
51,6,True,0,-1,-1,0,0,0,0,0
53,3,True,0,-1,-1,0,0,0,0,0
55,18,True,4,9,1,9,26,11,11,4
57,8,True,1,4,4,1,3,1,1,1
59,7,True,1,0,0,1,2,0,1,1
61,4,True,0,-1,-1,0,0,0,0,0
63,16,True,4,7,0,8,27,11,12,4
65,7,True,1,3,3,1,3,1,1,1
67,6,True,0,-1,-1,0,0,0,0,0
69,4,True,0,-1,-1,0,0,0,0,0
71,17,True,3,8,3,6,19,8,8,3
73,19,True,4,10,2,9,26,11,11,4
75,3,True,0,-1,-1,0,0,0,0,0
77,6,True,0,-1,-1,0,0,0,0,0
79,7,True,0,-1,-1,0,0,0,0,0
81,5,True,0,-1,-1,0,0,0,0,0
83,18,True,4,9,1,9,26,11,11,4
85,2,True,0,-1,-1,0,0,0,0,0
87,6,True,1,2,2,1,3,1,1,1
89,7,True,0,-1,-1,0,0,0,0,0
91,15,True,3,6,1,6,19,8,8,3
93,4,True,0,-1,-1,0,0,0,0,0
95,16,True,3,7,2,6,19,8,8,3
97,20,True,4,11,3,9,26,11,11,4
99,5,True,1,1,1,1,3,1,1,1
101,6,True,0,-1,-1,0,0,0,0,0
103,14,True,3,5,0,6,19,8,8,3
105,8,True,0,-1,-1,0,0,0,0,0
107,17,True,3,8,3,6,19,8,8,3
109,19,True,5,10,2,9,27,11,11,5
111,11,True,3,2,0,3,12,5,4,3
113,3,True,0,-1,-1,0,0,0,0,0
115,8,True,1,4,4,1,3,1,1,1
117,5,True,0,-1,-1,0,0,0,0,0
119,7,True,0,-1,-1,0,0,0,0,0
121,16,True,3,7,2,6,19,8,8,3
123,10,True,1,0,0,1,2,0,1,1
125,18,True,4,9,1,9,26,11,11,4
127,9,True,4,0,0,1,7,2,1,4
129,21,True,4,12,4,9,26,11,11,4
131,6,True,1,2,2,1,3,1,1,1
133,7,True,0,-1,-1,0,0,0,0,0
135,9,True,1,5,5,1,3,1,1,1
137,15,True,3,6,1,6,19,8,8,3
139,9,True,1,2,2,1,2,0,1,1
141,4,True,0,-1,-1,0,0,0,0,0
143,16,True,3,7,2,6,19,8,8,3
145,20,True,5,11,3,9,27,11,11,5
147,19,True,4,10,2,9,26,11,11,4
149,5,True,1,1,1,1,3,1,1,1
151,2,True,0,-1,-1,0,0,0,0,0
153,9,True,1,5,5,1,3,1,1,1
155,14,True,2,5,3,3,11,5,4,2
157,8,True,1,1,1,1,2,0,1,1
159,9,True,2,0,0,1,5,2,1,2
161,17,True,3,8,3,6,19,8,8,3
163,4,True,0,-1,-1,0,0,0,0,0
165,18,True,5,9,1,9,27,11,11,5
167,11,True,2,2,0,3,11,5,4,2
169,10,True,4,1,1,1,7,2,1,4
171,22,True,5,13,5,9,27,11,11,5
173,8,True,1,4,4,1,3,1,1,1
175,13,True,2,4,2,3,11,5,4,2
177,8,True,0,-1,-1,0,0,0,0,0
179,7,True,0,-1,-1,0,0,0,0,0
181,5,True,0,-1,-1,0,0,0,0,0
183,15,True,2,6,4,3,11,5,4,2
185,10,True,1,3,3,1,2,0,1,1
187,9,True,0,-1,-1,0,0,0,0,0
189,18,True,3,9,4,6,19,8,8,3
191,9,True,3,0,0,1,6,2,1,3
193,21,True,5,12,4,9,27,11,11,5
195,19,True,4,10,2,9,26,11,11,4
197,6,True,1,2,2,1,3,1,1,1
199,19,True,3,10,5,6,19,8,8,3
201,3,True,0,-1,-1,0,0,0,0,0
203,9,True,1,5,5,1,3,1,1,1
205,7,True,0,-1,-1,0,0,0,0,0
207,14,True,2,5,3,3,11,5,4,2
209,9,True,1,2,2,1,2,0,1,1
211,8,True,0,-1,-1,0,0,0,0,0
213,3,True,0,-1,-1,0,0,0,0,0
215,16,True,3,7,2,6,19,8,8,3
217,5,True,0,-1,-1,0,0,0,0,0
219,11,True,1,4,4,1,2,0,1,1
221,19,True,4,10,2,9,26,11,11,4
223,11,True,2,2,0,3,12,5,5,2
225,11,True,4,2,2,1,7,2,1,4
227,2,True,0,-1,-1,0,0,0,0,0
229,8,True,1,4,4,1,3,1,1,1
231,20,True,5,11,3,9,27,11,11,5
233,14,True,2,5,3,3,11,5,4,2
235,21,True,3,12,7,6,19,8,8,3
237,8,True,0,-1,-1,0,0,0,0,0
239,9,True,2,0,0,1,4,1,1,2
241,6,True,0,-1,-1,0,0,0,0,0
243,16,True,3,7,2,6,19,8,8,3
245,4,True,0,-1,-1,0,0,0,0,0
247,10,True,1,3,3,1,2,0,1,1
249,10,True,0,-1,-1,0,0,0,0,0
251,11,True,2,2,0,3,10,4,4,2
253,17,True,3,8,3,6,19,8,8,3
255,8,True,0,-1,-1,0,0,0,0,0
257,22,True,5,13,5,9,27,11,11,5
259,20,True,4,11,3,9,26,11,11,4
261,7,True,1,3,3,1,3,1,1,1
263,13,True,2,4,2,3,11,5,4,2
265,20,True,3,11,6,6,19,8,8,3
267,5,True,0,-1,-1,0,0,0,0,0
269,7,True,0,-1,-1,0,0,0,0,0
271,8,True,1,4,4,1,3,1,1,1
273,8,True,0,-1,-1,0,0,0,0,0
275,15,True,2,6,4,3,11,5,4,2
277,4,True,0,-1,-1,0,0,0,0,0
279,8,True,1,1,1,1,2,0,1,1
281,9,True,0,-1,-1,0,0,0,0,0
283,10,True,1,1,1,1,6,3,2,1
285,18,True,3,9,4,6,19,8,8,3
287,9,True,2,0,0,1,5,2,1,2
289,6,True,0,-1,-1,0,0,0,0,0
291,19,True,5,10,2,9,27,11,11,5
293,19,True,4,10,2,9,26,11,11,4
295,11,True,0,-1,-1,0,0,0,0,0
297,12,True,2,3,1,3,12,5,5,2
299,19,True,3,10,5,6,19,8,8,3
301,4,True,0,-1,-1,0,0,0,0,0
303,9,True,1,0,0,1,4,2,1,1
305,9,True,1,5,5,1,3,1,1,1
307,9,True,1,5,5,1,3,1,1,1
309,6,True,0,-1,-1,0,0,0,0,0
311,14,True,2,5,3,3,11,5,4,2
313,22,True,3,13,8,6,19,8,8,3
315,8,True,0,-1,-1,0,0,0,0,0
317,8,True,0,-1,-1,0,0,0,0,0
319,9,True,1,0,0,1,6,3,2,1
321,7,True,0,-1,-1,0,0,0,0,0
323,16,True,3,7,2,6,19,8,8,3
325,5,True,0,-1,-1,0,0,0,0,0
327,24,True,4,15,7,9,26,11,11,4
329,11,True,1,4,4,1,2,0,1,1
331,5,True,0,-1,-1,0,0,0,0,0
333,19,True,4,10,2,9,26,11,11,4
335,11,True,1,2,2,1,6,3,2,1
337,18,True,3,9,4,6,19,8,8,3
339,10,True,3,1,1,1,6,2,1,3
341,2,True,0,-1,-1,0,0,0,0,0
343,21,True,5,12,4,9,27,11,11,5
345,21,True,4,12,4,9,26,11,11,4
347,20,True,5,11,3,9,27,11,11,5
349,7,True,1,3,3,1,3,1,1,1
351,12,True,2,3,1,3,11,5,4,2
353,21,True,3,12,7,6,19,8,8,3
355,7,True,0,-1,-1,0,0,0,0,0
357,7,True,0,-1,-1,0,0,0,0,0
359,9,True,1,0,0,1,3,1,1,1
361,9,True,1,5,5,1,3,1,1,1
363,11,True,1,7,7,1,3,1,1,1
365,16,True,3,7,2,6,19,8,8,3
367,8,True,1,0,0,1,4,2,1,1
369,5,True,0,-1,-1,0,0,0,0,0
371,10,True,1,3,3,1,2,0,1,1
373,4,True,0,-1,-1,0,0,0,0,0
375,9,True,0,-1,-1,0,0,0,0,0
377,11,True,1,2,2,1,6,3,2,1
379,12,True,1,8,8,1,3,1,1,1
381,17,True,3,8,3,6,19,8,8,3
383,8,True,0,-1,-1,0,0,0,0,0
385,7,True,0,-1,-1,0,0,0,0,0
387,20,True,5,11,3,9,27,11,11,5
389,20,True,4,11,3,9,26,11,11,4
391,19,True,5,10,2,9,27,11,11,5
393,12,True,0,-1,-1,0,0,0,0,0
395,13,True,2,4,2,3,11,5,4,2
397,6,True,1,2,2,1,3,1,1,1
399,18,True,3,9,4,6,19,8,8,3
401,5,True,0,-1,-1,0,0,0,0,0
403,3,True,0,-1,-1,0,0,0,0,0
405,6,True,0,-1,-1,0,0,0,0,0
407,8,True,1,4,4,1,3,1,1,1
409,10,True,1,6,6,1,3,1,1,1
411,21,True,5,12,4,9,27,11,11,5
413,15,True,2,6,4,3,11,5,4,2
415,22,True,4,13,5,9,26,11,11,4
417,23,True,3,14,9,6,19,8,8,3
419,8,True,1,1,1,1,2,0,1,1
421,8,True,0,-1,-1,0,0,0,0,0
423,5,True,1,0,0,1,3,1,1,1
425,10,True,1,1,1,1,6,3,2,1
427,11,True,1,7,7,1,3,1,1,1
429,18,True,3,9,4,6,19,8,8,3
431,9,True,2,0,0,1,4,1,1,2
433,6,True,0,-1,-1,0,0,0,0,0
435,5,True,0,-1,-1,0,0,0,0,0
437,19,True,5,10,2,9,27,11,11,5
439,11,True,1,4,4,1,2,0,1,1
441,6,True,0,-1,-1,0,0,0,0,0
443,11,True,0,-1,-1,0,0,0,0,0
445,12,True,2,3,1,3,11,5,4,2
447,16,True,5,5,0,6,23,9,9,5
449,19,True,3,10,5,6,19,8,8,3
451,10,True,4,1,1,1,7,2,1,4
453,3,True,0,-1,-1,0,0,0,0,0
455,9,True,1,0,0,1,3,1,1,1
457,22,True,5,13,5,9,27,11,11,5
459,22,True,4,13,5,9,26,11,11,4
461,9,True,1,5,5,1,3,1,1,1
463,20,True,5,11,3,9,27,11,11,5
465,8,True,1,4,4,1,3,1,1,1
467,14,True,2,5,3,3,11,5,4,2
469,5,True,0,-1,-1,0,0,0,0,0
471,20,True,3,11,6,6,19,8,8,3
473,8,True,0,-1,-1,0,0,0,0,0
475,5,True,1,0,0,1,2,0,1,1
477,8,True,0,-1,-1,0,0,0,0,0
479,9,True,1,0,0,1,5,2,2,1
481,10,True,1,6,6,1,3,1,1,1
483,5,True,0,-1,-1,0,0,0,0,0
485,16,True,3,7,2,6,19,8,8,3
487,22,True,5,13,5,9,27,11,11,5
489,9,True,1,1,1,1,4,2,1,1
491,24,True,4,15,7,9,26,11,11,4
493,11,True,1,4,4,1,2,0,1,1
495,17,True,3,1,0,2,7,2,2,3
497,5,True,0,-1,-1,0,0,0,0,0
499,10,True,0,-1,-1,0,0,0,0,0
501,18,True,4,9,1,9,26,11,11,4
503,11,True,1,2,2,1,6,3,2,1
505,13,True,1,9,9,1,3,1,1,1
507,8,True,1,0,0,1,2,0,1,1
509,10,True,3,1,1,1,6,2,1,3
511,11,True,5,0,0,1,9,3,1,5
513,8,True,0,-1,-1,0,0,0,0,0
515,21,True,5,12,4,9,27,11,11,5
517,21,True,4,12,4,9,26,11,11,4
519,13,True,1,6,6,1,2,0,1,1
521,20,True,5,11,3,9,27,11,11,5
523,21,True,4,12,4,9,26,11,11,4
525,7,True,1,3,3,1,3,1,1,1
527,12,True,2,3,1,3,11,5,4,2
529,7,True,1,3,3,1,3,1,1,1
531,20,True,3,11,6,6,19,8,8,3
533,7,True,0,-1,-1,0,0,0,0,0
535,4,True,0,-1,-1,0,0,0,0,0
537,4,True,0,-1,-1,0,0,0,0,0
539,9,True,0,-1,-1,0,0,0,0,0
541,10,True,1,6,6,1,3,1,1,1
543,23,True,5,14,6,9,27,11,11,5
545,11,True,1,7,7,1,3,1,1,1
547,7,True,0,-1,-1,0,0,0,0,0
549,15,True,3,6,1,6,19,8,8,3
551,8,True,1,4,4,1,3,1,1,1
553,23,True,4,14,6,9,26,11,11,4
555,7,True,0,-1,-1,0,0,0,0,0
557,10,True,1,3,3,1,2,0,1,1
559,17,True,1,0,0,1,4,2,1,1
561,9,True,0,-1,-1,0,0,0,0,0
563,9,True,0,-1,-1,0,0,0,0,0
565,4,True,0,-1,-1,0,0,0,0,0
567,10,True,1,1,1,1,5,2,2,1
569,12,True,1,8,8,1,3,1,1,1
571,7,True,0,-1,-1,0,0,0,0,0
573,17,True,3,8,3,6,19,8,8,3
575,8,True,0,-1,-1,0,0,0,0,0
577,7,True,0,-1,-1,0,0,0,0,0
579,5,True,0,-1,-1,0,0,0,0,0
581,20,True,5,11,3,9,27,11,11,5
583,6,True,0,-1,-1,0,0,0,0,0
585,12,True,1,5,5,1,2,0,1,1
587,19,True,5,10,2,9,27,11,11,5
589,20,True,4,11,3,9,26,11,11,4
591,11,True,0,-1,-1,0,0,0,0,0
593,13,True,2,4,2,3,11,5,4,2
595,12,True,1,3,3,1,6,3,2,1
597,5,True,1,1,1,1,3,1,1,1
599,18,True,3,9,4,6,19,8,8,3
601,11,True,4,2,2,1,7,2,1,4
603,16,True,1,1,1,1,3,1,1,1
605,3,True,0,-1,-1,0,0,0,0,0
607,8,True,0,-1,-1,0,0,0,0,0
609,23,True,5,14,6,9,27,11,11,5
611,8,True,1,4,4,1,3,1,1,1
613,9,True,1,5,5,1,3,1,1,1
615,13,True,1,0,0,1,3,1,1,1
617,21,True,5,12,4,9,27,11,11,5
619,23,True,4,14,6,9,26,11,11,4
621,15,True,2,6,4,3,11,5,4,2
623,22,True,4,13,5,9,26,11,11,4
625,6,True,0,-1,-1,0,0,0,0,0
627,22,True,3,13,8,6,19,8,8,3
629,8,True,1,1,1,1,2,0,1,1
631,8,True,0,-1,-1,0,0,0,0,0
633,6,True,1,1,1,1,2,0,1,1
635,5,True,0,-1,-1,0,0,0,0,0
637,10,True,2,1,1,1,4,1,1,2
639,21,True,4,2,0,3,12,5,3,4
641,11,True,1,7,7,1,3,1,1,1
643,6,True,0,-1,-1,0,0,0,0,0
645,17,True,3,8,3,6,19,8,8,3
647,9,True,1,0,0,1,3,1,1,1
649,23,True,5,14,6,9,27,11,11,5
651,17,True,2,8,6,3,11,5,4,2
653,5,True,0,-1,-1,0,0,0,0,0
655,23,True,4,14,6,9,26,11,11,4
657,12,True,1,5,5,1,2,0,1,1
659,11,True,1,4,4,1,2,0,1,1
661,18,True,5,9,1,9,27,11,11,5
663,4,True,0,-1,-1,0,0,0,0,0
665,11,True,0,-1,-1,0,0,0,0,0
667,21,True,3,2,1,2,8,3,2,3
669,12,True,2,3,1,3,10,4,4,2
671,16,True,4,5,5,1,8,3,1,4
673,14,True,1,10,10,1,3,1,1,1
675,17,True,3,8,3,6,19,8,8,3
677,10,True,4,1,1,1,7,2,1,4
679,15,True,1,0,0,1,3,1,1,1
681,12,True,5,1,1,1,9,3,1,5
683,9,True,0,-1,-1,0,0,0,0,0
685,23,True,5,14,6,9,27,11,11,5
687,7,True,1,0,0,1,4,2,1,1
689,22,True,4,13,5,9,26,11,11,4
691,21,True,4,12,4,9,26,11,11,4
693,8,True,1,4,4,1,3,1,1,1
695,20,True,5,11,3,9,27,11,11,5
697,22,True,4,13,5,9,26,11,11,4
699,13,True,0,-1,-1,0,0,0,0,0
701,14,True,2,5,3,3,11,5,4,2
703,26,True,6,9,0,10,32,13,13,6
705,8,True,1,4,4,1,3,1,1,1
707,20,True,3,11,6,6,19,8,8,3
709,8,True,0,-1,-1,0,0,0,0,0
711,13,True,4,4,4,1,7,2,1,4
713,5,True,0,-1,-1,0,0,0,0,0
715,4,True,0,-1,-1,0,0,0,0,0
717,8,True,0,-1,-1,0,0,0,0,0
719,9,True,0,-1,-1,0,0,0,0,0
721,11,True,1,7,7,1,3,1,1,1
723,9,True,1,5,5,1,3,1,1,1
725,5,True,0,-1,-1,0,0,0,0,0
727,10,True,1,6,6,1,3,1,1,1
729,8,True,0,-1,-1,0,0,0,0,0
731,22,True,5,13,5,9,27,11,11,5
733,16,True,2,7,5,3,11,5,4,2
735,8,True,1,0,0,1,5,2,2,1
737,24,True,4,15,7,9,26,11,11,4
739,4,True,0,-1,-1,0,0,0,0,0
741,10,True,1,3,3,1,2,0,1,1
743,17,True,2,1,0,2,6,2,2,2
745,18,True,1,1,1,1,4,2,1,1
747,10,True,0,-1,-1,0,0,0,0,0
749,10,True,0,-1,-1,0,0,0,0,0
751,20,True,3,1,0,2,8,3,2,3
753,5,True,0,-1,-1,0,0,0,0,0
755,11,True,1,2,2,1,6,3,2,1
757,18,True,3,9,4,6,19,8,8,3
759,12,True,1,8,8,1,3,1,1,1
761,8,True,0,-1,-1,0,0,0,0,0
763,26,True,4,17,9,9,26,11,11,4
765,10,True,2,1,1,1,5,2,1,2
767,11,True,4,0,0,1,8,3,1,4
769,8,True,0,-1,-1,0,0,0,0,0
771,6,True,0,-1,-1,0,0,0,0,0
773,21,True,5,12,4,9,27,11,11,5
775,26,True,4,17,9,9,26,11,11,4
777,7,True,0,-1,-1,0,0,0,0,0
779,13,True,1,6,6,1,2,0,1,1
781,20,True,4,11,3,9,26,11,11,4
783,18,True,5,9,1,9,27,11,11,5
785,21,True,4,12,4,9,26,11,11,4
787,12,True,0,-1,-1,0,0,0,0,0
789,6,True,1,2,2,1,3,1,1,1
791,12,True,2,3,1,3,11,5,4,2
793,13,True,1,4,4,1,6,3,2,1
795,17,True,4,6,6,1,8,3,1,4
797,20,True,3,11,6,6,19,8,8,3
799,14,True,2,0,0,1,5,2,1,2
801,12,True,4,3,3,1,7,2,1,4
803,4,True,0,-1,-1,0,0,0,0,0
805,3,True,0,-1,-1,0,0,0,0,0
807,13,True,4,2,2,1,8,3,1,4
809,9,True,0,-1,-1,0,0,0,0,0
811,25,True,5,16,8,9,27,11,11,5
813,10,True,1,6,6,1,3,1,1,1
815,23,True,5,14,6,9,27,11,11,5
817,10,True,1,6,6,1,3,1,1,1
819,10,True,1,6,6,1,3,1,1,1
821,7,True,0,-1,-1,0,0,0,0,0
823,21,True,5,12,4,9,27,11,11,5
825,24,True,4,15,7,9,26,11,11,4
827,8,True,1,4,4,1,3,1,1,1
829,15,True,2,6,4,3,11,5,4,2
831,22,True,4,13,5,9,26,11,11,4
833,7,True,0,-1,-1,0,0,0,0,0
835,22,True,3,13,8,6,19,8,8,3
837,9,True,1,2,2,1,2,0,1,1
839,17,True,1,0,0,1,3,1,1,1
841,9,True,0,-1,-1,0,0,0,0,0
843,9,True,0,-1,-1,0,0,0,0,0
845,9,True,0,-1,-1,0,0,0,0,0
847,5,True,1,0,0,1,4,1,2,1
849,11,True,2,2,2,1,4,1,1,2
851,10,True,1,1,1,1,5,2,2,1
853,3,True,0,-1,-1,0,0,0,0,0
855,10,True,1,6,6,1,3,1,1,1
857,7,True,0,-1,-1,0,0,0,0,0
859,25,True,4,16,8,9,26,11,11,4
861,17,True,3,8,3,6,19,8,8,3
863,8,True,0,-1,-1,0,0,0,0,0
865,24,True,5,15,7,9,27,11,11,5
867,5,True,0,-1,-1,0,0,0,0,0
869,5,True,0,-1,-1,0,0,0,0,0
871,28,True,6,2,0,3,15,6,3,6
873,24,True,4,15,7,9,26,11,11,4
875,6,True,0,-1,-1,0,0,0,0,0
877,12,True,1,5,5,1,2,0,1,1
879,24,True,3,15,10,6,19,8,8,3
881,19,True,5,10,2,9,27,11,11,5
883,6,True,0,-1,-1,0,0,0,0,0
885,19,True,4,10,2,9,26,11,11,4
887,11,True,0,-1,-1,0,0,0,0,0
889,22,True,3,3,2,2,8,3,2,3
891,8,True,1,1,1,1,2,0,1,1
893,12,True,1,3,3,1,6,3,2,1
895,16,True,4,5,5,1,8,3,1,4
897,15,True,1,11,11,1,3,1,1,1
899,18,True,3,9,4,6,19,8,8,3
901,11,True,4,2,2,1,7,2,1,4
903,18,True,3,9,4,6,19,8,8,3
905,16,True,1,1,1,1,3,1,1,1
907,10,True,0,-1,-1,0,0,0,0,0
909,3,True,0,-1,-1,0,0,0,0,0
911,8,True,0,-1,-1,0,0,0,0,0
913,24,True,5,15,7,9,27,11,11,5
915,22,True,5,13,5,9,27,11,11,5
917,8,True,1,4,4,1,3,1,1,1
919,21,True,4,12,4,9,26,11,11,4
921,22,True,4,13,5,9,26,11,11,4
923,13,True,1,0,0,1,2,0,1,1
925,21,True,5,12,4,9,27,11,11,5
927,19,True,2,0,0,1,5,2,1,2
929,23,True,4,14,6,9,26,11,11,4
931,7,True,1,3,3,1,3,1,1,1
933,14,True,2,5,3,3,11,5,4,2
935,22,True,4,13,5,9,26,11,11,4
937,27,True,6,10,1,10,32,13,13,6
939,15,True,1,0,0,1,2,0,1,1
941,22,True,3,13,8,6,19,8,8,3
943,6,True,2,0,0,1,4,1,1,2
945,9,True,0,-1,-1,0,0,0,0,0
947,8,True,0,-1,-1,0,0,0,0,0
949,8,True,0,-1,-1,0,0,0,0,0
951,5,True,0,-1,-1,0,0,0,0,0
953,5,True,0,-1,-1,0,0,0,0,0
955,5,True,1,0,0,1,2,0,1,1
957,10,True,1,1,1,1,3,1,1,1
959,21,True,4,2,0,3,11,4,3,4
961,12,True,1,8,8,1,3,1,1,1
963,9,True,1,5,5,1,3,1,1,1
965,6,True,0,-1,-1,0,0,0,0,0
967,24,True,4,15,7,9,26,11,11,4
969,11,True,1,7,7,1,3,1,1,1
971,9,True,1,0,0,1,2,0,1,1
973,17,True,3,8,3,6,19,8,8,3
975,22,True,5,13,5,9,27,11,11,5
977,17,True,2,8,6,3,11,5,4,2
979,9,True,1,5,5,1,3,1,1,1
981,4,True,0,-1,-1,0,0,0,0,0
983,23,True,4,14,6,9,26,11,11,4
985,5,True,0,-1,-1,0,0,0,0,0
987,7,True,1,0,0,1,2,0,1,1
989,11,True,1,4,4,1,2,0,1,1
991,17,True,2,1,0,2,7,2,3,2
993,19,True,1,2,2,1,4,2,1,1
995,4,True,0,-1,-1,0,0,0,0,0
997,10,True,0,-1,-1,0,0,0,0,0
999,9,True,1,0,0,1,3,1,1,1
1001,21,True,3,2,1,2,8,3,2,3
1003,7,True,1,0,0,1,2,0,1,1
1005,12,True,1,3,3,1,6,3,2,1
1007,16,True,4,5,5,1,8,3,1,4
1009,19,True,3,10,5,6,19,8,8,3
1011,13,True,1,9,9,1,3,1,1,1
1013,17,True,3,8,3,6,19,8,8,3
1015,8,True,0,-1,-1,0,0,0,0,0
1017,27,True,4,18,10,9,26,11,11,4
1019,15,True,1,0,0,1,2,0,1,1
1021,9,True,0,-1,-1,0,0,0,0,0
1023,10,True,3,0,0,1,10,4,3,3
1025,9,True,0,-1,-1,0,0,0,0,0
1027,7,True,0,-1,-1,0,0,0,0,0
1029,22,True,5,13,5,9,27,11,11,5
1031,7,True,0,-1,-1,0,0,0,0,0
1033,27,True,4,18,10,9,26,11,11,4
1035,21,True,5,12,4,9,27,11,11,5
1037,21,True,4,12,4,9,26,11,11,4
1039,12,True,1,5,5,1,2,0,1,1
1041,21,True,4,12,4,9,26,11,11,4
1043,20,True,5,11,3,9,27,11,11,5
1045,7,True,1,3,3,1,3,1,1,1
1047,20,True,4,11,3,9,26,11,11,4
1049,13,True,0,-1,-1,0,0,0,0,0
1051,17,True,4,8,8,1,7,2,1,4
1053,14,True,2,5,3,3,11,5,4,2
1055,26,True,5,9,0,10,31,13,13,5
1057,14,True,1,5,5,1,6,3,2,1
1059,6,True,1,2,2,1,3,1,1,1
1061,20,True,3,11,6,6,19,8,8,3
1063,15,True,1,11,11,1,3,1,1,1
1065,15,True,2,1,1,1,5,2,1,2
1067,13,True,4,4,4,1,7,2,1,4
1069,6,True,0,-1,-1,0,0,0,0,0
1071,29,True,4,20,12,9,26,11,11,4
1073,4,True,0,-1,-1,0,0,0,0,0
1075,4,True,0,-1,-1,0,0,0,0,0
1077,7,True,0,-1,-1,0,0,0,0,0
1079,9,True,0,-1,-1,0,0,0,0,0
1081,26,True,5,17,9,9,27,11,11,5
1083,23,True,5,14,6,9,27,11,11,5
1085,9,True,1,5,5,1,3,1,1,1
1087,22,True,5,13,5,9,27,11,11,5
1089,11,True,1,7,7,1,3,1,1,1
1091,10,True,1,6,6,1,3,1,1,1
1093,8,True,0,-1,-1,0,0,0,0,0
1095,16,True,1,9,9,1,2,0,1,1
1097,22,True,5,13,5,9,27,11,11,5
1099,7,True,0,-1,-1,0,0,0,0,0
1101,16,True,2,7,5,3,11,5,4,2
1103,8,True,1,4,4,1,3,1,1,1
1105,16,True,2,7,5,3,11,5,4,2
1107,23,True,4,14,6,9,26,11,11,4
1109,4,True,0,-1,-1,0,0,0,0,0
1111,6,True,0,-1,-1,0,0,0,0,0
1113,23,True,3,14,9,6,19,8,8,3
1115,17,True,2,8,8,1,4,1,1,2
1117,9,True,1,2,2,1,2,0,1,1
1119,16,True,1,12,12,1,3,1,1,1
1121,10,True,0,-1,-1,0,0,0,0,0
1123,8,True,0,-1,-1,0,0,0,0,0
1125,9,True,0,-1,-1,0,0,0,0,0
1127,20,True,3,11,6,6,19,8,8,3
1129,6,True,1,1,1,1,4,1,2,1
1131,7,True,1,2,2,1,2,0,1,1
1133,11,True,1,2,2,1,6,3,2,1
1135,12,True,1,0,0,1,4,2,1,1
1137,4,True,0,-1,-1,0,0,0,0,0
1139,12,True,1,8,8,1,3,1,1,1
1141,18,True,3,9,4,6,19,8,8,3
1143,7,True,0,-1,-1,0,0,0,0,0
1145,26,True,4,17,9,9,26,11,11,4
1147,14,True,1,10,10,1,3,1,1,1
1149,10,True,2,1,1,1,4,1,1,2
1151,11,True,3,0,0,1,7,3,1,3
1153,25,True,5,16,8,9,27,11,11,5
1155,6,True,0,-1,-1,0,0,0,0,0
1157,6,True,0,-1,-1,0,0,0,0,0
1159,10,True,1,2,2,1,4,2,1,1
1161,29,True,6,3,1,3,15,6,3,6
1163,26,True,4,17,9,9,26,11,11,4
1165,20,True,5,11,3,9,27,11,11,5
1167,5,True,0,-1,-1,0,0,0,0,0
1169,13,True,1,6,6,1,2,0,1,1
1171,12,True,1,5,5,1,2,0,1,1
1173,19,True,4,10,2,9,26,11,11,4
1175,18,True,5,9,1,9,27,11,11,5
1177,7,True,0,-1,-1,0,0,0,0,0
1179,12,True,1,1,1,1,4,2,1,1
1181,12,True,0,-1,-1,0,0,0,0,0
1183,16,True,4,7,7,1,7,2,1,4
1185,23,True,3,4,3,2,8,3,2,3
1187,12,True,2,3,1,3,11,5,4,2
1189,12,True,2,3,1,3,12,5,5,2
1191,8,True,1,1,1,1,2,0,1,1
1193,17,True,4,6,6,1,8,3,1,4
1195,21,True,3,12,7,6,19,8,8,3
1197,20,True,3,11,6,6,19,8,8,3
1199,14,True,1,0,0,1,4,2,1,1
1201,12,True,4,3,3,1,7,2,1,4
1203,11,True,4,2,2,1,7,2,1,4
1205,4,True,0,-1,-1,0,0,0,0,0
1207,16,True,1,1,1,1,2,0,1,1
1209,11,True,0,-1,-1,0,0,0,0,0
1211,13,True,4,2,2,1,8,3,1,4
1213,10,True,1,1,1,1,3,1,1,1
1215,25,True,5,16,8,9,27,11,11,5
1217,25,True,5,16,8,9,27,11,11,5
1219,22,True,5,13,5,9,27,11,11,5
1221,9,True,1,5,5,1,3,1,1,1
1223,23,True,5,14,6,9,27,11,11,5
1225,22,True,4,13,5,9,26,11,11,4
1227,22,True,4,13,5,9,26,11,11,4
1229,10,True,1,6,6,1,3,1,1,1
1231,13,True,1,6,6,1,2,0,1,1
1233,22,True,5,13,5,9,27,11,11,5
1235,21,True,5,12,4,9,27,11,11,5
1237,6,True,0,-1,-1,0,0,0,0,0
1239,22,True,4,13,5,9,26,11,11,4
1241,8,True,1,4,4,1,3,1,1,1
1243,14,True,0,-1,-1,0,0,0,0,0
1245,15,True,2,6,4,3,11,5,4,2
1247,22,True,4,13,5,9,26,11,11,4
1249,28,True,6,11,2,10,32,13,13,6
1251,5,True,0,-1,-1,0,0,0,0,0
1253,22,True,3,13,8,6,19,8,8,3
1255,16,True,2,7,7,1,4,1,1,2
1257,7,True,2,1,1,1,4,1,1,2
1259,17,True,1,13,13,1,3,1,1,1
1261,9,True,0,-1,-1,0,0,0,0,0
1263,30,True,5,21,13,9,27,11,11,5
1265,9,True,0,-1,-1,0,0,0,0,0
1267,6,True,0,-1,-1,0,0,0,0,0
1269,8,True,0,-1,-1,0,0,0,0,0
1271,5,True,0,-1,-1,0,0,0,0,0
1273,6,True,1,1,1,1,2,0,1,1
1275,15,True,4,4,4,1,8,3,1,4
1277,10,True,1,1,1,1,5,2,2,1
1279,21,True,3,0,0,1,8,3,2,3
1281,13,True,1,9,9,1,3,1,1,1
1283,10,True,1,6,6,1,3,1,1,1
1285,7,True,0,-1,-1,0,0,0,0,0
1287,25,True,5,16,8,9,27,11,11,5
1289,25,True,4,16,8,9,26,11,11,4
1291,13,True,1,9,9,1,3,1,1,1
1293,17,True,3,8,3,6,19,8,8,3
1295,8,True,0,-1,-1,0,0,0,0,0
1297,18,True,3,9,4,6,19,8,8,3
1299,23,True,5,14,6,9,27,11,11,5
1301,5,True,0,-1,-1,0,0,0,0,0
1303,16,True,2,7,5,3,11,5,4,2
1305,10,True,1,6,6,1,3,1,1,1
1307,28,True,5,2,1,2,12,5,2,5
1309,25,True,4,16,8,9,26,11,11,4
1311,16,True,2,0,0,1,5,2,1,2
1313,6,True,0,-1,-1,0,0,0,0,0
1315,11,True,1,4,4,1,2,0,1,1
1317,11,True,1,4,4,1,2,0,1,1
1319,24,True,3,15,10,6,19,8,8,3
1321,18,True,2,2,1,2,7,2,3,2
1323,11,True,1,4,4,1,2,0,1,1
1325,6,True,0,-1,-1,0,0,0,0,0
1327,11,True,1,0,0,1,4,2,1,1
1329,11,True,0,-1,-1,0,0,0,0,0
1331,11,True,0,-1,-1,0,0,0,0,0
1333,19,True,4,10,2,9,26,11,11,4
1335,21,True,3,12,7,6,19,8,8,3
1337,8,True,1,1,1,1,2,0,1,1
1339,5,True,0,-1,-1,0,0,0,0,0
1341,12,True,1,3,3,1,6,3,2,1
1343,16,True,4,5,5,1,8,3,1,4
1345,20,True,3,11,6,6,19,8,8,3
1347,13,True,1,9,9,1,3,1,1,1
1349,18,True,3,9,4,6,19,8,8,3
1351,27,True,5,18,10,9,27,11,11,5
1353,9,True,0,-1,-1,0,0,0,0,0
1355,18,True,3,9,4,6,19,8,8,3
1357,11,True,3,2,2,1,6,2,1,3
1359,15,True,1,11,11,1,3,1,1,1
1361,10,True,0,-1,-1,0,0,0,0,0
1363,12,True,4,1,1,1,8,3,1,4
1365,2,True,0,-1,-1,0,0,0,0,0
1367,8,True,0,-1,-1,0,0,0,0,0
1369,8,True,0,-1,-1,0,0,0,0,0
1371,20,True,2,11,9,3,11,5,4,2
1373,22,True,5,13,5,9,27,11,11,5
1375,6,True,0,-1,-1,0,0,0,0,0
1377,28,True,4,19,11,9,26,11,11,4
1379,21,True,4,12,4,9,26,11,11,4
1381,21,True,4,12,4,9,26,11,11,4
1383,15,True,4,4,3,2,10,4,2,4
1385,13,True,1,6,6,1,2,0,1,1
1387,14,True,1,7,7,1,2,0,1,1
1389,21,True,5,12,4,9,27,11,11,5
1391,19,True,2,3,2,2,7,2,3,2
1393,8,True,1,4,4,1,3,1,1,1
1395,22,True,4,13,5,9,26,11,11,4
1397,7,True,1,3,3,1,3,1,1,1
1399,13,True,0,-1,-1,0,0,0,0,0
1401,18,True,4,9,9,1,7,2,1,4
1403,22,True,4,13,5,9,26,11,11,4
1405,13,True,2,4,2,3,11,5,4,2
1407,25,True,5,8,0,9,32,13,14,5
1409,15,True,1,6,6,1,6,3,2,1
1411,7,True,1,3,3,1,3,1,1,1
1413,21,True,3,12,7,6,19,8,8,3
1415,6,True,1,0,0,1,3,1,1,1
1417,16,True,1,12,12,1,3,1,1,1
1419,20,True,3,11,6,6,19,8,8,3
1421,8,True,0,-1,-1,0,0,0,0,0
1423,12,True,4,3,3,1,7,2,1,4
1425,7,True,0,-1,-1,0,0,0,0,0
1427,5,True,0,-1,-1,0,0,0,0,0
1429,7,True,0,-1,-1,0,0,0,0,0
1431,3,True,0,-1,-1,0,0,0,0,0
1433,5,True,0,-1,-1,0,0,0,0,0
1435,14,True,4,3,3,1,8,3,1,4
1437,10,True,0,-1,-1,0,0,0,0,0
1439,21,True,3,2,0,3,10,4,3,3
1441,27,True,5,18,10,9,27,11,11,5
1443,10,True,1,6,6,1,3,1,1,1
1445,9,True,1,5,5,1,3,1,1,1
1447,10,True,1,0,0,1,3,1,1,1
1449,23,True,5,14,6,9,27,11,11,5
1451,24,True,4,15,7,9,26,11,11,4
1453,12,True,1,8,8,1,3,1,1,1
1455,23,True,4,14,6,9,26,11,11,4
1457,9,True,0,-1,-1,0,0,0,0,0
1459,8,True,0,-1,-1,0,0,0,0,0
1461,16,True,3,7,2,6,19,8,8,3
1463,22,True,5,13,5,9,27,11,11,5
1465,8,True,0,-1,-1,0,0,0,0,0
1467,25,True,4,16,8,9,26,11,11,4
1469,9,True,1,5,5,1,3,1,1,1
1471,27,True,5,1,0,2,12,5,2,5
1473,17,True,2,8,6,3,11,5,4,2
1475,23,True,4,14,6,9,26,11,11,4
1477,5,True,0,-1,-1,0,0,0,0,0
1479,16,True,2,7,5,3,11,5,4,2
1481,7,True,0,-1,-1,0,0,0,0,0
1483,24,True,3,15,10,6,19,8,8,3
1485,11,True,1,4,4,1,2,0,1,1
1487,17,True,2,8,8,1,4,1,1,2
1489,10,True,1,3,3,1,2,0,1,1
1491,18,True,1,1,1,1,3,1,1,1
1493,4,True,0,-1,-1,0,0,0,0,0
1495,9,True,0,-1,-1,0,0,0,0,0
1497,9,True,0,-1,-1,0,0,0,0,0
1499,9,True,0,-1,-1,0,0,0,0,0
1501,10,True,0,-1,-1,0,0,0,0,0
1503,20,True,3,11,6,6,19,8,8,3
1505,7,True,1,2,2,1,4,1,2,1
1507,4,True,0,-1,-1,0,0,0,0,0
1509,11,True,1,2,2,1,6,3,2,1
1511,16,True,4,5,5,1,8,3,1,4
1513,13,True,1,1,1,1,4,2,1,1
1515,23,True,3,2,2,1,8,3,2,3
1517,13,True,1,9,9,1,3,1,1,1
1519,27,True,5,18,10,9,27,11,11,5
1521,19,True,3,10,5,6,19,8,8,3
1523,8,True,0,-1,-1,0,0,0,0,0
1525,17,True,3,8,3,6,19,8,8,3
1527,26,True,4,17,9,9,26,11,11,4
1529,15,True,1,11,11,1,3,1,1,1
1531,13,True,1,9,9,1,3,1,1,1
1533,9,True,0,-1,-1,0,0,0,0,0
1535,10,True,2,0,0,1,9,4,3,2
1537,26,True,5,17,9,9,27,11,11,5
1539,7,True,0,-1,-1,0,0,0,0,0
1541,7,True,0,-1,-1,0,0,0,0,0
1543,19,True,2,10,8,3,11,5,4,2
1545,11,True,1,3,3,1,4,2,1,1
1547,7,True,0,-1,-1,0,0,0,0,0
1549,21,True,5,12,4,9,27,11,11,5
1551,25,True,4,16,8,9,26,11,11,4
1553,21,True,5,12,4,9,27,11,11,5
1555,7,True,0,-1,-1,0,0,0,0,0
1557,20,True,4,11,3,9,26,11,11,4
1559,12,True,1,5,5,1,2,0,1,1
1561,13,True,1,6,6,1,2,0,1,1
1563,25,True,3,16,11,6,19,8,8,3
1565,20,True,5,11,3,9,27,11,11,5
1567,12,True,2,0,0,1,5,2,1,2
1569,8,True,0,-1,-1,0,0,0,0,0
1571,20,True,4,11,3,9,26,11,11,4
1573,12,True,0,-1,-1,0,0,0,0,0
1575,11,True,1,0,0,1,3,1,1,1
1577,17,True,4,8,8,1,7,2,1,4
1579,21,True,4,12,4,9,26,11,11,4
1581,14,True,2,5,3,3,11,5,4,2
1583,26,True,5,9,0,10,30,12,13,5
1585,13,True,2,4,2,3,12,5,5,2
1587,13,True,1,4,4,1,6,3,2,1
1589,6,True,1,2,2,1,3,1,1,1
1591,17,True,4,6,6,1,8,3,1,4
1593,22,True,3,13,8,6,19,8,8,3
1595,15,True,1,11,11,1,3,1,1,1
1597,19,True,3,10,5,6,19,8,8,3
1599,13,True,1,9,9,1,3,1,1,1
1601,13,True,4,4,4,1,7,2,1,4
1603,11,True,4,2,2,1,7,2,1,4
1605,5,True,0,-1,-1,0,0,0,0,0
1607,29,True,4,20,12,9,26,11,11,4
1609,17,True,1,2,2,1,2,0,1,1
1611,4,True,0,-1,-1,0,0,0,0,0
1613,4,True,0,-1,-1,0,0,0,0,0
1615,13,True,4,2,2,1,8,3,1,4
1617,11,True,1,2,2,1,3,1,1,1
1619,9,True,0,-1,-1,0,0,0,0,0
1621,6,True,0,-1,-1,0,0,0,0,0
1623,24,True,5,15,7,9,27,11,11,5
1625,23,True,5,14,6,9,27,11,11,5
1627,13,True,1,1,1,1,3,1,1,1
1629,9,True,1,5,5,1,3,1,1,1
1631,22,True,5,13,5,9,27,11,11,5
1633,23,True,4,14,6,9,26,11,11,4
1635,9,True,1,5,5,1,3,1,1,1
1637,10,True,1,6,6,1,3,1,1,1
1639,16,True,4,5,4,2,10,4,2,4
1641,14,True,1,7,7,1,2,0,1,1
1643,16,True,1,9,9,1,2,0,1,1
1645,22,True,5,13,5,9,27,11,11,5
1647,21,True,4,12,4,9,26,11,11,4
1649,7,True,0,-1,-1,0,0,0,0,0
1651,24,True,4,15,7,9,26,11,11,4
1653,15,True,2,6,4,3,11,5,4,2
1655,8,True,1,4,4,1,3,1,1,1
1657,15,True,0,-1,-1,0,0,0,0,0
1659,9,True,1,1,1,1,2,0,1,1
1661,23,True,4,14,6,9,26,11,11,4
1663,12,True,4,1,0,2,10,4,2,4
1665,29,True,6,12,3,10,32,13,13,6
1667,6,True,0,-1,-1,0,0,0,0,0
1669,23,True,3,14,9,6,19,8,8,3
1671,9,True,1,0,0,1,3,1,1,1
1673,17,True,2,8,8,1,4,1,1,2
1675,22,True,3,13,8,6,19,8,8,3
1677,9,True,1,2,2,1,2,0,1,1
1679,16,True,1,12,12,1,3,1,1,1
1681,10,True,0,-1,-1,0,0,0,0,0
1683,9,True,0,-1,-1,0,0,0,0,0
1685,8,True,0,-1,-1,0,0,0,0,0
1687,8,True,0,-1,-1,0,0,0,0,0
1689,7,True,0,-1,-1,0,0,0,0,0
1691,20,True,3,11,6,6,19,8,8,3
1693,6,True,0,-1,-1,0,0,0,0,0
1695,31,True,4,22,14,9,26,11,11,4
1697,7,True,1,2,2,1,2,0,1,1
1699,10,True,2,1,1,1,4,1,1,2
1701,10,True,1,1,1,1,6,3,2,1
1703,12,True,1,0,0,1,3,1,1,1
1705,22,True,3,1,1,1,8,3,2,3
1707,29,True,5,20,12,9,27,11,11,5
1709,12,True,1,8,8,1,3,1,1,1
1711,25,True,5,16,8,9,27,11,11,5
1713,8,True,0,-1,-1,0,0,0,0,0
1715,7,True,0,-1,-1,0,0,0,0,0
1717,18,True,3,9,4,6,19,8,8,3
1719,25,True,4,16,8,9,26,11,11,4
1721,14,True,1,10,10,1,3,1,1,1
1723,12,True,1,8,8,1,3,1,1,1
1725,10,True,1,1,1,1,3,1,1,1
1727,11,True,3,0,0,1,6,2,1,3
1729,19,True,3,10,5,6,19,8,8,3
1731,23,True,5,14,6,9,27,11,11,5
1733,6,True,0,-1,-1,0,0,0,0,0
1735,17,True,3,8,3,6,19,8,8,3
1737,17,True,2,8,6,3,11,5,4,2
1739,10,True,1,2,2,1,4,2,1,1
1741,6,True,0,-1,-1,0,0,0,0,0
1743,28,True,5,2,0,3,15,6,4,5
1745,26,True,4,17,9,9,26,11,11,4
1747,24,True,4,15,7,9,26,11,11,4
1749,19,True,5,10,2,9,27,11,11,5
1751,5,True,0,-1,-1,0,0,0,0,0
1753,12,True,1,5,5,1,2,0,1,1
1755,8,True,0,-1,-1,0,0,0,0,0
1757,12,True,1,5,5,1,2,0,1,1
1759,24,True,3,15,10,6,19,8,8,3
1761,19,True,2,3,2,2,7,2,3,2
1763,18,True,5,9,1,9,27,11,11,5
1765,6,True,0,-1,-1,0,0,0,0,0
1767,27,True,3,18,13,6,19,8,8,3
1769,12,True,1,1,1,1,4,2,1,1
1771,11,True,0,-1,-1,0,0,0,0,0
1773,12,True,0,-1,-1,0,0,0,0,0
1775,16,True,4,7,7,1,7,2,1,4
1777,20,True,4,11,3,9,26,11,11,4
1779,22,True,3,3,2,2,8,3,2,3
1781,12,True,2,3,1,3,11,5,4,2
1783,8,True,1,3,3,1,4,1,2,1
1785,6,True,0,-1,-1,0,0,0,0,0
1787,8,True,1,1,1,1,2,0,1,1
1789,17,True,4,6,6,1,8,3,1,4
1791,16,True,4,0,0,1,8,3,1,4
1793,21,True,3,12,7,6,19,8,8,3
1795,14,True,1,10,10,1,3,1,1,1
1797,19,True,3,10,5,6,19,8,8,3
1799,14,True,1,0,0,1,3,1,1,1
1801,28,True,5,19,11,9,27,11,11,5
1803,10,True,0,-1,-1,0,0,0,0,0
1805,11,True,4,2,2,1,7,2,1,4
1807,17,True,3,8,3,6,19,8,8,3
1809,12,True,3,3,3,1,6,2,1,3
1811,16,True,1,1,1,1,2,0,1,1
1813,3,True,0,-1,-1,0,0,0,0,0
1815,9,True,0,-1,-1,0,0,0,0,0
1817,13,True,4,2,2,1,8,3,1,4
1819,29,True,7,3,1,3,18,7,4,7
1821,10,True,0,-1,-1,0,0,0,0,0
1823,25,True,5,16,8,9,27,11,11,5
1825,9,True,0,-1,-1,0,0,0,0,0
1827,23,True,5,14,6,9,27,11,11,5
1829,22,True,5,13,5,9,27,11,11,5
1831,12,True,1,0,0,1,3,1,1,1
1833,7,True,0,-1,-1,0,0,0,0,0
1835,23,True,5,14,6,9,27,11,11,5
1837,23,True,4,14,6,9,26,11,11,4
1839,26,True,4,17,9,9,26,11,11,4
1841,22,True,4,13,5,9,26,11,11,4
1843,22,True,4,13,5,9,26,11,11,4
1845,9,True,1,5,5,1,3,1,1,1
1847,13,True,1,6,6,1,2,0,1,1
1849,15,True,1,8,8,1,2,0,1,1
1851,21,True,4,12,4,9,26,11,11,4
1853,21,True,5,12,4,9,27,11,11,5
1855,19,True,2,0,0,1,6,2,2,2
1857,9,True,1,5,5,1,3,1,1,1
1859,22,True,4,13,5,9,26,11,11,4
1861,8,True,1,4,4,1,3,1,1,1
1863,14,True,1,0,0,1,3,1,1,1
1865,14,True,0,-1,-1,0,0,0,0,0
1867,8,True,1,0,0,1,2,0,1,1
1869,15,True,2,6,4,3,11,5,4,2
1871,22,True,4,13,5,9,26,11,11,4
1873,14,True,2,5,3,3,11,5,4,2
1875,27,True,5,10,1,10,31,13,13,5
1877,5,True,0,-1,-1,0,0,0,0,0
1879,14,True,1,5,5,1,6,3,2,1
1881,8,True,1,4,4,1,3,1,1,1
1883,16,True,2,7,7,1,4,1,1,2
1885,21,True,3,12,7,6,19,8,8,3
1887,5,True,1,1,1,1,3,1,1,1
1889,17,True,1,13,13,1,3,1,1,1
1891,8,True,0,-1,-1,0,0,0,0,0
1893,8,True,0,-1,-1,0,0,0,0,0
1895,30,True,5,21,13,9,27,11,11,5
1897,13,True,4,4,4,1,7,2,1,4
1899,13,True,4,4,4,1,7,2,1,4
1901,6,True,0,-1,-1,0,0,0,0,0
1903,19,True,3,10,5,6,19,8,8,3
1905,8,True,0,-1,-1,0,0,0,0,0
1907,5,True,0,-1,-1,0,0,0,0,0
1909,8,True,0,-1,-1,0,0,0,0,0
1911,5,True,0,-1,-1,0,0,0,0,0
1913,15,True,4,4,4,1,8,3,1,4
1915,32,True,7,6,4,3,18,7,4,7
1917,10,True,0,-1,-1,0,0,0,0,0
1919,21,True,3,0,0,1,7,2,2,3
1921,28,True,5,19,11,9,27,11,11,5
1923,11,True,1,7,7,1,3,1,1,1
1925,10,True,1,6,6,1,3,1,1,1
1927,11,True,1,0,0,1,3,1,1,1
1929,11,True,1,1,1,1,3,1,1,1
1931,25,True,5,16,8,9,27,11,11,5
1933,6,True,0,-1,-1,0,0,0,0,0
1935,23,True,4,14,6,9,26,11,11,4
1937,13,True,1,9,9,1,3,1,1,1
1939,11,True,1,7,7,1,3,1,1,1
1941,16,True,3,7,2,6,19,8,8,3
1943,8,True,0,-1,-1,0,0,0,0,0
1945,9,True,0,-1,-1,0,0,0,0,0
1947,16,True,1,0,0,1,2,0,1,1
1949,23,True,5,14,6,9,27,11,11,5
1951,28,True,3,19,14,6,19,8,8,3
1953,9,True,0,-1,-1,0,0,0,0,0
1955,16,True,2,7,5,3,11,5,4,2
1957,9,True,1,1,1,1,4,2,1,1
1959,14,True,2,3,0,4,9,3,4,2
1961,28,True,5,2,1,2,12,5,2,5
1963,17,True,1,0,0,1,2,0,1,1
1965,25,True,4,16,8,9,26,11,11,4
1967,16,True,2,0,0,1,4,1,1,2
1969,6,True,0,-1,-1,0,0,0,0,0
1971,5,True,0,-1,-1,0,0,0,0,0
1973,11,True,1,4,4,1,2,0,1,1
1975,7,True,0,-1,-1,0,0,0,0,0
1977,25,True,3,16,11,6,19,8,8,3
1979,24,True,3,15,10,6,19,8,8,3
1981,18,True,2,2,1,2,6,2,2,2
1983,8,True,3,0,0,1,6,2,1,3
1985,11,True,1,4,4,1,2,0,1,1
1987,18,True,1,1,1,1,4,2,1,1
1989,5,True,0,-1,-1,0,0,0,0,0
1991,11,True,1,0,0,1,3,1,1,1
1993,10,True,0,-1,-1,0,0,0,0,0
1995,10,True,1,0,0,1,2,0,1,1
1997,11,True,0,-1,-1,0,0,0,0,0
1999,9,True,1,0,0,1,4,1,2,1
2001,11,True,0,-1,-1,0,0,0,0,0
2003,21,True,3,12,7,6,19,8,8,3
2005,18,True,4,9,1,9,26,11,11,4
2007,6,True,1,1,1,1,4,1,2,1
2009,5,True,0,-1,-1,0,0,0,0,0
2011,7,True,1,0,0,1,2,0,1,1
2013,12,True,1,3,3,1,6,3,2,1
2015,16,True,4,5,5,1,8,3,1,4
2017,14,True,1,2,2,1,4,2,1,1
2019,18,True,3,9,4,6,19,8,8,3
2021,13,True,1,9,9,1,3,1,1,1
2023,29,True,5,20,12,9,27,11,11,5
2025,28,True,5,19,11,9,27,11,11,5
2027,27,True,5,18,10,9,27,11,11,5
2029,9,True,0,-1,-1,0,0,0,0,0
2031,11,True,2,0,0,1,4,1,1,2
2033,18,True,3,9,4,6,19,8,8,3
2035,27,True,4,18,10,9,26,11,11,4
2037,10,True,3,1,1,1,6,2,1,3
2039,15,True,1,11,11,1,3,1,1,1
2041,14,True,1,10,10,1,3,1,1,1
2043,25,True,4,16,8,9,26,11,11,4
2045,12,True,4,1,1,1,8,3,1,4
2047,28,True,7,2,0,3,18,7,4,7
2049,27,True,5,18,10,9,27,11,11,5
2051,8,True,0,-1,-1,0,0,0,0,0
2053,8,True,0,-1,-1,0,0,0,0,0
2055,7,True,0,-1,-1,0,0,0,0,0
2057,20,True,2,11,9,3,11,5,4,2
2059,7,True,0,-1,-1,0,0,0,0,0
2061,22,True,5,13,5,9,27,11,11,5
2063,6,True,0,-1,-1,0,0,0,0,0
2065,22,True,5,13,5,9,27,11,11,5
2067,27,True,4,18,10,9,26,11,11,4
2069,21,True,4,12,4,9,26,11,11,4
2071,20,True,5,11,3,9,27,11,11,5
2073,8,True,0,-1,-1,0,0,0,0,0
2075,15,True,4,4,3,2,10,4,2,4
2077,14,True,1,7,7,1,2,0,1,1
2079,10,True,1,0,0,1,5,3,1,1
2081,14,True,1,7,7,1,2,0,1,1
2083,20,True,4,11,3,9,26,11,11,4
2085,20,True,5,11,3,9,27,11,11,5
2087,19,True,2,3,2,2,7,2,3,2
2089,13,True,2,1,1,1,5,2,1,2
2091,8,True,0,-1,-1,0,0,0,0,0
2093,22,True,4,13,5,9,26,11,11,4
2095,20,True,1,0,0,1,4,2,1,1
2097,13,True,0,-1,-1,0,0,0,0,0
2099,13,True,0,-1,-1,0,0,0,0,0
2101,7,True,1,3,3,1,3,1,1,1
2103,17,True,4,8,8,1,7,2,1,4
2105,22,True,4,13,5,9,26,11,11,4
2107,23,True,3,4,3,2,8,3,2,3
2109,13,True,2,4,2,3,11,5,4,2
2111,25,True,4,8,6,3,12,5,3,4
2113,14,True,2,5,3,3,12,5,5,2
2115,13,True,1,4,4,1,6,3,2,1
2117,7,True,1,3,3,1,3,1,1,1
2119,15,True,2,6,6,1,4,1,1,2
2121,18,True,4,7,7,1,8,3,1,4
2123,6,True,1,2,2,1,3,1,1,1
2125,21,True,3,12,7,6,19,8,8,3
2127,15,True,1,11,11,1,3,1,1,1
2129,20,True,3,11,6,6,19,8,8,3
2131,15,True,1,1,1,1,4,2,1,1
2133,7,True,0,-1,-1,0,0,0,0,0
2135,12,True,4,3,3,1,7,2,1,4
2137,12,True,4,3,3,1,7,2,1,4
2139,13,True,1,2,2,1,5,2,2,1
2141,5,True,0,-1,-1,0,0,0,0,0
2143,28,True,4,19,11,9,26,11,11,4
2145,18,True,1,3,3,1,2,0,1,1
2147,3,True,0,-1,-1,0,0,0,0,0
2149,4,True,0,-1,-1,0,0,0,0,0
2151,21,True,4,4,1,4,13,5,4,4
2153,14,True,4,3,3,1,8,3,1,4
2155,31,True,7,5,3,3,18,7,4,7
2157,10,True,0,-1,-1,0,0,0,0,0
2159,21,True,3,12,7,6,19,8,8,3
2161,7,True,0,-1,-1,0,0,0,0,0
2163,26,True,5,17,9,9,27,11,11,5
2165,10,True,1,6,6,1,3,1,1,1
2167,23,True,5,14,6,9,27,11,11,5
2169,14,True,1,2,2,1,3,1,1,1
2171,10,True,0,-1,-1,0,0,0,0,0
2173,24,True,5,15,7,9,27,11,11,5
2175,12,True,3,0,0,1,7,3,1,3
2177,24,True,4,15,7,9,26,11,11,4
2179,10,True,1,6,6,1,3,1,1,1
2181,11,True,1,7,7,1,3,1,1,1
2183,23,True,4,14,6,9,26,11,11,4
2185,17,True,4,6,5,2,10,4,2,4
2187,15,True,1,2,2,1,2,0,1,1
2189,8,True,0,-1,-1,0,0,0,0,0
2191,15,True,1,8,8,1,2,0,1,1
2193,23,True,5,14,6,9,27,11,11,5
2195,22,True,5,13,5,9,27,11,11,5
2197,15,True,3,6,1,6,19,8,8,3
2199,6,True,0,-1,-1,0,0,0,0,0
2201,25,True,4,16,8,9,26,11,11,4
2203,10,True,1,1,1,1,4,2,1,1
2205,9,True,1,5,5,1,3,1,1,1
2207,27,True,4,1,0,2,11,5,2,4
2209,16,True,0,-1,-1,0,0,0,0,0
2211,15,True,2,6,4,3,11,5,4,2
2213,23,True,4,14,6,9,26,11,11,4
2215,22,True,4,5,1,5,18,7,7,4
2217,13,True,4,2,1,2,10,4,2,4
2219,16,True,2,7,5,3,11,5,4,2
2221,8,True,0,-1,-1,0,0,0,0,0
2223,27,True,4,10,8,3,12,5,3,4
2225,24,True,3,15,10,6,19,8,8,3
2227,23,True,3,14,9,6,19,8,8,3
2229,10,True,1,3,3,1,2,0,1,1
2231,17,True,2,8,8,1,4,1,1,2
2233,23,True,3,14,9,6,19,8,8,3
2235,8,True,1,2,2,1,3,1,1,1
2237,18,True,1,1,1,1,3,1,1,1
2239,21,True,3,12,7,6,19,8,8,3
2241,11,True,0,-1,-1,0,0,0,0,0
2243,9,True,0,-1,-1,0,0,0,0,0
2245,9,True,0,-1,-1,0,0,0,0,0
2247,16,True,4,7,7,1,7,2,1,4
2249,9,True,0,-1,-1,0,0,0,0,0
2251,7,True,1,2,2,1,2,0,1,1
2253,10,True,0,-1,-1,0,0,0,0,0
2255,20,True,3,11,6,6,19,8,8,3
2257,7,True,0,-1,-1,0,0,0,0,0
2259,6,True,0,-1,-1,0,0,0,0,0
2261,4,True,0,-1,-1,0,0,0,0,0
2263,6,True,1,1,1,1,2,0,1,1
2265,11,True,2,2,2,1,4,1,1,2
2267,16,True,4,5,5,1,8,3,1,4
2269,11,True,1,2,2,1,5,2,2,1
2271,12,True,1,0,0,1,5,2,2,1
2273,23,True,3,2,2,1,8,3,2,3
2275,3,True,0,-1,-1,0,0,0,0,0
2277,12,True,1,8,8,1,3,1,1,1
2279,27,True,5,18,10,9,27,11,11,5
2281,26,True,5,17,9,9,27,11,11,5
2283,13,True,1,2,2,1,3,1,1,1
2285,8,True,0,-1,-1,0,0,0,0,0
2287,19,True,4,2,0,3,12,5,3,4
2289,19,True,3,10,5,6,19,8,8,3
2291,26,True,4,17,9,9,26,11,11,4
2293,17,True,3,8,3,6,19,8,8,3
2295,14,True,1,10,10,1,3,1,1,1
2297,13,True,1,9,9,1,3,1,1,1
2299,24,True,4,15,7,9,26,11,11,4
2301,9,True,0,-1,-1,0,0,0,0,0
2303,10,True,1,0,0,1,8,4,3,1
2305,20,True,3,11,6,6,19,8,8,3
2307,24,True,5,15,7,9,27,11,11,5
2309,7,True,0,-1,-1,0,0,0,0,0
2311,24,True,5,15,7,9,27,11,11,5
2313,18,True,3,9,4,6,19,8,8,3
2315,19,True,2,10,8,3,11,5,4,2
2317,6,True,0,-1,-1,0,0,0,0,0
2319,9,True,1,1,1,1,4,2,1,1
2321,7,True,0,-1,-1,0,0,0,0,0
2323,29,True,5,3,2,2,12,5,2,5
2325,20,True,5,11,3,9,27,11,11,5
2327,25,True,4,16,8,9,26,11,11,4
2329,25,True,4,16,8,9,26,11,11,4
2331,16,True,2,7,5,3,11,5,4,2
2333,7,True,0,-1,-1,0,0,0,0,0
2335,14,True,4,3,2,2,10,4,2,4
2337,13,True,1,6,6,1,2,0,1,1
2339,12,True,1,5,5,1,2,0,1,1
2341,12,True,1,5,5,1,2,0,1,1
2343,26,True,3,17,12,6,19,8,8,3
2345,25,True,3,16,11,6,19,8,8,3
2347,20,True,2,4,3,2,6,2,2,2
2349,20,True,5,11,3,9,27,11,11,5
2351,12,True,1,0,0,1,4,2,1,1
2353,7,True,0,-1,-1,0,0,0,0,0
2355,7,True,0,-1,-1,0,0,0,0,0
2357,20,True,4,11,3,9,26,11,11,4
2359,12,True,1,1,1,1,3,1,1,1
2361,12,True,0,-1,-1,0,0,0,0,0
2363,11,True,0,-1,-1,0,0,0,0,0
2365,12,True,0,-1,-1,0,0,0,0,0
2367,16,True,4,7,7,1,7,2,1,4
2369,21,True,4,12,4,9,26,11,11,4
2371,22,True,3,3,2,2,8,3,2,3
2373,13,True,2,4,2,3,11,5,4,2
2375,26,True,4,9,7,3,12,5,3,4
2377,9,True,1,4,4,1,4,1,2,1
2379,13,True,2,4,2,3,10,4,4,2
2381,13,True,1,4,4,1,6,3,2,1
2383,8,True,1,3,3,1,2,0,1,1
2385,18,True,4,7,7,1,8,3,1,4
2387,17,True,4,6,6,1,8,3,1,4
2389,5,True,1,1,1,1,3,1,1,1
2391,20,True,3,11,6,6,19,8,8,3
2393,15,True,1,11,11,1,3,1,1,1
2395,6,True,1,1,1,1,3,1,1,1
2397,19,True,3,10,5,6,19,8,8,3
2399,13,True,1,9,9,1,3,1,1,1
2401,29,True,5,20,12,9,27,11,11,5
2403,11,True,4,2,2,1,7,2,1,4
2405,11,True,4,2,2,1,7,2,1,4
2407,12,True,1,1,1,1,5,2,2,1
2409,18,True,3,9,4,6,19,8,8,3
2411,29,True,4,20,12,9,26,11,11,4
2413,17,True,1,2,2,1,3,1,1,1
2415,18,True,3,9,4,6,19,8,8,3
2417,4,True,0,-1,-1,0,0,0,0,0
2419,11,True,0,-1,-1,0,0,0,0,0
2421,3,True,0,-1,-1,0,0,0,0,0
2423,13,True,4,2,2,1,8,3,1,4
2425,30,True,7,4,2,3,18,7,4,7
2427,23,True,3,14,9,6,19,8,8,3
2429,9,True,0,-1,-1,0,0,0,0,0
2431,24,True,5,15,7,9,27,11,11,5
2433,10,True,0,-1,-1,0,0,0,0,0
2435,24,True,5,15,7,9,27,11,11,5
2437,23,True,5,14,6,9,27,11,11,5
2439,23,True,5,14,6,9,27,11,11,5
2441,13,True,1,1,1,1,3,1,1,1
2443,9,True,0,-1,-1,0,0,0,0,0
2445,9,True,1,5,5,1,3,1,1,1
2447,22,True,5,13,5,9,27,11,11,5
2449,24,True,4,15,7,9,26,11,11,4
2451,22,True,4,13,5,9,26,11,11,4
2453,9,True,1,5,5,1,3,1,1,1
2455,21,True,4,12,4,9,26,11,11,4
2457,23,True,4,14,6,9,26,11,11,4
2459,16,True,4,5,4,2,10,4,2,4
2461,14,True,1,1,1,1,2,0,1,1
2463,33,True,6,16,7,10,32,13,13,6
2465,16,True,1,9,9,1,2,0,1,1
2467,21,True,5,12,4,9,27,11,11,5
2469,21,True,5,12,4,9,27,11,11,5
2471,21,True,4,12,4,9,26,11,11,4
2473,20,True,2,1,1,1,6,2,2,2
2475,15,True,2,3,3,1,5,2,1,2
2477,24,True,4,15,7,9,26,11,11,4
2479,9,True,1,0,0,1,4,2,1,1
2481,9,True,1,5,5,1,3,1,1,1
2483,8,True,1,4,4,1,3,1,1,1
2485,15,True,2,6,4,3,11,5,4,2
2487,14,True,0,-1,-1,0,0,0,0,0
2489,9,True,1,1,1,1,2,0,1,1
2491,19,True,4,10,10,1,7,2,1,4
2493,23,True,4,14,6,9,26,11,11,4
2495,12,True,3,1,0,2,9,4,2,3
2497,15,True,2,6,4,3,11,5,4,2
2499,27,True,6,10,1,10,32,13,13,6
2501,6,True,0,-1,-1,0,0,0,0,0
2503,12,True,1,0,0,1,3,1,1,1
2505,15,True,1,6,6,1,6,3,2,1
2507,9,True,1,5,5,1,3,1,1,1
2509,23,True,3,14,9,6,19,8,8,3
2511,16,True,2,7,7,1,4,1,1,2
2513,22,True,3,13,8,6,19,8,8,3
2515,7,True,1,1,1,1,3,1,1,1
2517,8,True,1,1,1,1,2,0,1,1
2519,16,True,1,12,12,1,3,1,1,1
2521,9,True,0,-1,-1,0,0,0,0,0
2523,20,True,3,11,6,6,19,8,8,3
2525,9,True,0,-1,-1,0,0,0,0,0
2527,30,True,5,21,13,9,27,11,11,5
2529,14,True,4,5,5,1,7,2,1,4
2531,8,True,0,-1,-1,0,0,0,0,0
2533,6,True,1,1,1,1,2,0,1,1
2535,14,True,1,0,0,1,3,1,1,1
2537,20,True,3,11,6,6,19,8,8,3
2539,30,True,4,21,13,9,26,11,11,4
2541,6,True,0,-1,-1,0,0,0,0,0
2543,31,True,4,22,14,9,26,11,11,4
2545,9,True,0,-1,-1,0,0,0,0,0
2547,6,True,0,-1,-1,0,0,0,0,0
2549,10,True,2,1,1,1,4,1,1,2
2551,15,True,4,4,4,1,8,3,1,4
2553,33,True,7,7,5,3,18,7,4,7
2555,12,True,1,3,3,1,3,1,1,1
2557,22,True,4,3,1,3,11,4,3,4
2559,19,True,6,4,0,5,20,8,6,6
2561,29,True,5,20,12,9,27,11,11,5
2563,12,True,1,8,8,1,3,1,1,1
2565,11,True,1,7,7,1,3,1,1,1
2567,25,True,5,16,8,9,27,11,11,5
2569,12,True,1,1,1,1,3,1,1,1
2571,11,True,1,7,7,1,3,1,1,1
2573,7,True,0,-1,-1,0,0,0,0,0
2575,24,True,5,15,7,9,27,11,11,5
2577,7,True,0,-1,-1,0,0,0,0,0
2579,25,True,4,16,8,9,26,11,11,4
2581,17,True,3,8,3,6,19,8,8,3
2583,12,True,1,8,8,1,3,1,1,1
2585,12,True,1,8,8,1,3,1,1,1
2587,23,True,4,14,6,9,26,11,11,4
2589,10,True,1,1,1,1,2,0,1,1
2591,11,True,2,0,0,1,5,2,1,2
2593,10,True,0,-1,-1,0,0,0,0,0
2595,17,True,3,8,3,6,19,8,8,3
2597,23,True,5,14,6,9,27,11,11,5
2599,23,True,5,14,6,9,27,11,11,5
2601,29,True,3,20,15,6,19,8,8,3
2603,17,True,3,8,3,6,19,8,8,3
2605,18,True,2,9,7,3,11,5,4,2
2607,16,True,2,4,4,1,5,2,1,2
2609,10,True,1,2,2,1,4,2,1,1
2611,10,True,1,6,6,1,3,1,1,1
2613,5,True,0,-1,-1,0,0,0,0,0
2615,28,True,4,2,1,2,11,5,2,4
2617,18,True,1,1,1,1,2,0,1,1
2619,17,True,2,8,6,3,11,5,4,2
2621,24,True,4,15,7,9,26,11,11,4
2623,15,True,2,6,4,3,11,5,4,2
2625,7,True,0,-1,-1,0,0,0,0,0
2627,5,True,0,-1,-1,0,0,0,0,0
2629,12,True,1,5,5,1,2,0,1,1
2631,30,True,6,13,4,10,32,13,13,6
2633,8,True,0,-1,-1,0,0,0,0,0
2635,11,True,1,4,4,1,2,0,1,1
2637,12,True,1,5,5,1,2,0,1,1
2639,24,True,3,15,10,6,19,8,8,3
2641,19,True,2,3,2,2,6,2,2,2
2643,18,True,2,9,9,1,4,1,1,2
2645,18,True,5,9,1,9,27,11,11,5
2647,10,True,1,3,3,1,2,0,1,1
2649,19,True,1,2,2,1,4,2,1,1
2651,27,True,3,18,13,6,19,8,8,3
2653,5,True,0,-1,-1,0,0,0,0,0
2655,10,True,0,-1,-1,0,0,0,0,0
2657,11,True,0,-1,-1,0,0,0,0,0
2659,10,True,0,-1,-1,0,0,0,0,0
2661,11,True,0,-1,-1,0,0,0,0,0
2663,16,True,4,7,7,1,7,2,1,4
2665,10,True,1,1,1,1,4,1,2,1
2667,9,True,1,4,4,1,2,0,1,1
2669,22,True,3,3,2,2,8,3,2,3
2671,9,True,1,0,0,1,4,2,1,1
2673,19,True,4,10,2,9,26,11,11,4
2675,8,True,1,3,3,1,4,1,2,1
2677,12,True,2,3,1,3,10,4,4,2
2679,5,True,0,-1,-1,0,0,0,0,0
2681,8,True,1,1,1,1,2,0,1,1
2683,13,True,2,4,4,1,4,1,1,2
2685,17,True,4,6,6,1,8,3,1,4
2687,16,True,4,5,5,1,8,3,1,4
2689,15,True,1,3,3,1,4,2,1,1
2691,19,True,3,10,5,6,19,8,8,3
2693,14,True,1,10,10,1,3,1,1,1
2695,5,True,1,0,0,1,3,1,1,1
2697,30,True,5,21,13,9,27,11,11,5
2699,14,True,1,10,10,1,3,1,1,1
2701,18,True,3,9,4,6,19,8,8,3
2703,26,True,5,17,9,9,27,11,11,5
2705,10,True,0,-1,-1,0,0,0,0,0
2707,9,True,0,-1,-1,0,0,0,0,0
2709,10,True,4,1,1,1,7,2,1,4
2711,17,True,3,8,3,6,19,8,8,3
2713,28,True,4,19,11,9,26,11,11,4
2715,14,True,1,1,1,1,4,2,1,1
2717,16,True,1,1,1,1,2,0,1,1
2719,13,True,2,0,0,1,5,2,1,2
2721,15,True,1,11,11,1,3,1,1,1
2723,9,True,0,-1,-1,0,0,0,0,0
2725,12,True,5,1,1,1,9,3,1,5
2727,20,True,4,9,8,2,10,4,2,4
2729,29,True,7,3,1,3,18,7,4,7
2731,22,True,3,13,8,6,19,8,8,3
2733,10,True,0,-1,-1,0,0,0,0,0
2735,25,True,5,16,8,9,27,11,11,5
2737,9,True,0,-1,-1,0,0,0,0,0
2739,8,True,0,-1,-1,0,0,0,0,0
2741,23,True,5,14,6,9,27,11,11,5
2743,20,True,2,11,9,3,11,5,4,2
2745,8,True,0,-1,-1,0,0,0,0,0
2747,12,True,1,4,4,1,4,2,1,1
2749,8,True,0,-1,-1,0,0,0,0,0
2751,29,True,4,4,0,5,16,7,5,4
2753,23,True,5,14,6,9,27,11,11,5
2755,27,True,4,18,10,9,26,11,11,4
2757,22,True,4,13,5,9,26,11,11,4
2759,26,True,4,17,9,9,26,11,11,4
2761,21,True,5,12,4,9,27,11,11,5
2763,8,True,0,-1,-1,0,0,0,0,0
2765,22,True,4,13,5,9,26,11,11,4
2767,15,True,4,4,3,2,10,4,2,4
2769,15,True,1,8,8,1,2,0,1,1
2771,13,True,1,6,6,1,2,0,1,1
2773,8,True,1,4,4,1,3,1,1,1
2775,13,True,1,6,6,1,2,0,1,1
2777,21,True,4,12,4,9,26,11,11,4
2779,26,True,3,17,12,6,19,8,8,3
2781,21,True,5,12,4,9,27,11,11,5
2783,19,True,2,3,2,2,7,2,3,2
2785,14,True,2,2,2,1,5,2,1,2
2787,7,True,1,3,3,1,3,1,1,1
2789,22,True,4,13,5,9,26,11,11,4
2791,11,True,1,0,0,1,3,1,1,1
2793,21,True,1,1,1,1,4,2,1,1
2795,14,True,1,3,3,1,3,1,1,1
2797,14,True,0,-1,-1,0,0,0,0,0
2799,12,True,3,1,0,2,8,3,2,3
2801,8,True,1,4,4,1,3,1,1,1
2803,18,True,4,9,9,1,7,2,1,4
2805,14,True,2,5,3,3,11,5,4,2
2807,22,True,4,13,5,9,26,11,11,4
2809,24,True,3,5,4,2,8,3,2,3
2811,11,True,1,2,2,1,3,1,1,1
2813,27,True,5,10,1,10,31,13,13,5
2815,22,True,4,0,0,1,8,3,1,4
2817,15,True,2,6,4,3,12,5,5,2
2819,14,True,1,5,5,1,6,3,2,1
2821,8,True,1,4,4,1,3,1,1,1
2823,10,True,1,0,0,1,3,1,1,1
2825,16,True,2,7,7,1,4,1,1,2
2827,19,True,4,8,8,1,8,3,1,4
2829,21,True,3,12,7,6,19,8,8,3
2831,5,True,1,1,1,1,3,1,1,1
2833,22,True,3,13,8,6,19,8,8,3
2835,16,True,1,12,12,1,3,1,1,1
2837,8,True,0,-1,-1,0,0,0,0,0
2839,19,True,3,10,5,6,19,8,8,3
2841,16,True,1,2,2,1,4,2,1,1
2843,30,True,5,21,13,9,27,11,11,5
2845,14,True,4,5,5,1,7,2,1,4
2847,28,True,5,19,11,9,27,11,11,5
2849,13,True,4,4,4,1,7,2,1,4
2851,6,True,0,-1,-1,0,0,0,0,0
2853,5,True,0,-1,-1,0,0,0,0,0
2855,19,True,3,10,5,6,19,8,8,3
2857,29,True,4,20,12,9,26,11,11,4
2859,19,True,1,4,4,1,3,1,1,1
2861,5,True,0,-1,-1,0,0,0,0,0
2863,18,True,1,0,0,1,4,2,1,1
2865,5,True,0,-1,-1,0,0,0,0,0
2867,5,True,0,-1,-1,0,0,0,0,0
2869,8,True,0,-1,-1,0,0,0,0,0
2871,14,True,4,3,3,1,8,3,1,4
2873,32,True,7,6,4,3,18,7,4,7
2875,11,True,1,2,2,1,3,1,1,1
2877,10,True,0,-1,-1,0,0,0,0,0
2879,21,True,3,12,7,6,19,8,8,3
2881,8,True,0,-1,-1,0,0,0,0,0
2883,26,True,5,17,9,9,27,11,11,5
2885,11,True,1,7,7,1,3,1,1,1
2887,22,True,3,13,8,6,19,8,8,3
2889,24,True,5,15,7,9,27,11,11,5
2891,11,True,1,7,7,1,3,1,1,1
2893,10,True,1,6,6,1,3,1,1,1
2895,10,True,0,-1,-1,0,0,0,0,0
2897,25,True,5,16,8,9,27,11,11,5
2899,23,True,5,14,6,9,27,11,11,5
2901,5,True,0,-1,-1,0,0,0,0,0
2903,23,True,4,14,6,9,26,11,11,4
2905,11,True,1,7,7,1,3,1,1,1
2907,25,True,5,16,8,9,27,11,11,5
2909,11,True,1,7,7,1,3,1,1,1
2911,22,True,4,13,5,9,26,11,11,4
2913,18,True,4,7,6,2,10,4,2,4
2915,8,True,0,-1,-1,0,0,0,0,0
2917,8,True,0,-1,-1,0,0,0,0,0
2919,34,True,6,17,8,10,32,13,13,6
2921,16,True,1,9,9,1,2,0,1,1
2923,23,True,5,14,6,9,27,11,11,5
2925,23,True,5,14,6,9,27,11,11,5
2927,28,True,3,19,14,6,19,8,8,3
2929,16,True,3,7,2,6,19,8,8,3
2931,8,True,0,-1,-1,0,0,0,0,0
2933,16,True,2,7,5,3,11,5,4,2
2935,25,True,4,16,8,9,26,11,11,4
2937,11,True,1,2,2,1,4,2,1,1
2939,14,True,1,3,3,1,3,1,1,1
2941,9,True,1,5,5,1,3,1,1,1
2943,27,True,4,1,0,2,12,5,3,4
2945,17,True,0,-1,-1,0,0,0,0,0
2947,16,True,2,7,5,3,11,5,4,2
2949,24,True,4,15,7,9,26,11,11,4
2951,16,True,2,7,5,3,11,5,4,2
2953,23,True,4,6,2,5,18,7,7,4
2955,24,True,4,15,7,9,26,11,11,4
2957,5,True,0,-1,-1,0,0,0,0,0
2959,15,True,2,6,4,3,11,5,4,2
2961,9,True,0,-1,-1,0,0,0,0,0
2963,7,True,0,-1,-1,0,0,0,0,0
2965,10,True,1,3,3,1,2,0,1,1
2967,23,True,3,14,9,6,19,8,8,3
2969,24,True,3,15,10,6,19,8,8,3
2971,9,True,1,5,5,1,3,1,1,1
2973,18,True,2,9,9,1,4,1,1,2
2975,8,True,2,0,0,1,5,2,1,2
2977,24,True,3,15,10,6,19,8,8,3
2979,9,True,1,2,2,1,2,0,1,1
2981,18,True,1,1,1,1,4,2,1,1
2983,26,True,3,17,12,6,19,8,8,3
2985,22,True,3,13,8,6,19,8,8,3
2987,11,True,0,-1,-1,0,0,0,0,0
2989,11,True,0,-1,-1,0,0,0,0,0
2991,9,True,1,0,0,1,4,2,1,1
2993,10,True,0,-1,-1,0,0,0,0,0
2995,9,True,0,-1,-1,0,0,0,0,0
2997,10,True,0,-1,-1,0,0,0,0,0
2999,9,True,0,-1,-1,0,0,0,0,0
3001,8,True,1,3,3,1,2,0,1,1
3003,8,True,0,-1,-1,0,0,0,0,0
3005,21,True,3,12,7,6,19,8,8,3
3007,24,True,4,7,5,3,12,5,3,4
3009,8,True,0,-1,-1,0,0,0,0,0
3011,6,True,1,1,1,1,4,1,2,1
3013,5,True,0,-1,-1,0,0,0,0,0
3015,21,True,1,0,0,1,3,1,1,1
3017,7,True,1,2,2,1,2,0,1,1
3019,12,True,2,3,3,1,4,1,1,2
3021,12,True,1,3,3,1,6,3,2,1
3023,16,True,4,5,5,1,8,3,1,4
3025,12,True,1,3,3,1,5,2,2,1
3027,13,True,1,1,1,1,3,1,1,1
3029,18,True,3,9,4,6,19,8,8,3
3031,22,True,3,1,1,1,8,3,2,3
3033,4,True,0,-1,-1,0,0,0,0,0
3035,29,True,5,20,12,9,27,11,11,5
3037,13,True,1,9,9,1,3,1,1,1
3039,27,True,5,18,10,9,27,11,11,5
3041,27,True,5,18,10,9,27,11,11,5
3043,18,True,3,9,4,6,19,8,8,3
3045,8,True,0,-1,-1,0,0,0,0,0
3047,11,True,1,0,0,1,3,1,1,1
3049,20,True,4,3,1,3,12,5,3,4
3051,26,True,5,17,9,9,27,11,11,5
3053,27,True,4,18,10,9,26,11,11,4
3055,13,True,1,0,0,1,4,2,1,1
3057,18,True,3,9,4,6,19,8,8,3
3059,15,True,1,11,11,1,3,1,1,1
3061,10,True,2,1,1,1,5,2,1,2
3063,13,True,1,9,9,1,3,1,1,1
3065,25,True,4,16,8,9,26,11,11,4
3067,15,True,1,2,2,1,2,0,1,1
3069,12,True,3,1,1,1,7,3,1,3
3071,28,True,6,2,0,3,17,7,4,6
3073,21,True,3,12,7,6,19,8,8,3
3075,25,True,5,16,8,9,27,11,11,5
3077,8,True,0,-1,-1,0,0,0,0,0
3079,25,True,5,16,8,9,27,11,11,5
3081,25,True,5,16,8,9,27,11,11,5
3083,7,True,0,-1,-1,0,0,0,0,0
3085,7,True,0,-1,-1,0,0,0,0,0
3087,18,True,2,9,7,3,11,5,4,2
3089,7,True,0,-1,-1,0,0,0,0,0
3091,11,True,1,3,3,1,4,2,1,1
3093,21,True,5,12,4,9,27,11,11,5
3095,6,True,0,-1,-1,0,0,0,0,0
3097,30,True,5,4,3,2,12,5,2,5
3099,25,True,2,1,1,1,5,2,1,2
3101,27,True,4,18,10,9,26,11,11,4
3103,18,True,2,0,0,1,5,2,1,2
3105,26,True,4,17,9,9,26,11,11,4
3107,20,True,5,11,3,9,27,11,11,5
3109,7,True,0,-1,-1,0,0,0,0,0
3111,7,True,1,0,0,1,3,1,1,1
3113,15,True,4,4,3,2,10,4,2,4
3115,14,True,1,7,7,1,2,0,1,1
3117,14,True,1,7,7,1,2,0,1,1
3119,10,True,1,0,0,1,4,2,1,1
3121,13,True,1,6,6,1,2,0,1,1
3123,13,True,1,6,6,1,2,0,1,1
3125,20,True,4,11,3,9,26,11,11,4
3127,25,True,3,16,11,6,19,8,8,3
3129,21,True,2,5,4,2,6,2,2,2
3131,19,True,2,3,2,2,7,2,3,2
3133,19,True,5,10,2,9,27,11,11,5
3135,11,True,1,0,0,1,6,2,3,1
3137,8,True,0,-1,-1,0,0,0,0,0
3139,7,True,0,-1,-1,0,0,0,0,0
3141,21,True,4,12,4,9,26,11,11,4
3143,20,True,1,0,0,1,3,1,1,1
3145,13,True,1,2,2,1,3,1,1,1
3147,20,True,4,11,3,9,26,11,11,4
3149,13,True,0,-1,-1,0,0,0,0,0
3151,11,True,0,-1,-1,0,0,0,0,0
3153,13,True,0,-1,-1,0,0,0,0,0
3155,17,True,4,8,8,1,7,2,1,4
3157,6,True,1,2,2,1,3,1,1,1
3159,20,True,4,11,3,9,26,11,11,4
3161,23,True,3,4,3,2,8,3,2,3
3163,10,True,1,1,1,1,3,1,1,1
3165,13,True,2,4,2,3,11,5,4,2
3167,25,True,4,8,6,3,12,5,3,4
3169,10,True,1,5,5,1,4,1,2,1
3171,12,True,2,3,1,3,12,5,5,2
3173,13,True,1,4,4,1,6,3,2,1
3175,32,True,5,2,0,3,15,6,4,5
3177,9,True,1,4,4,1,2,0,1,1
3179,15,True,2,6,6,1,4,1,1,2
3181,18,True,4,7,7,1,8,3,1,4
3183,12,True,2,1,0,2,6,2,2,2
3185,6,True,1,2,2,1,3,1,1,1
3187,22,True,3,13,8,6,19,8,8,3
3189,20,True,3,11,6,6,19,8,8,3
3191,15,True,1,11,11,1,3,1,1,1
3193,7,True,1,2,2,1,3,1,1,1
3195,16,True,1,12,12,1,3,1,1,1
3197,15,True,1,1,1,1,4,2,1,1
3199,29,True,5,20,12,9,27,11,11,5
3201,30,True,5,21,13,9,27,11,11,5
3203,12,True,4,3,3,1,7,2,1,4
3205,12,True,4,3,3,1,7,2,1,4
3207,10,True,1,0,0,1,3,1,1,1
3209,13,True,1,2,2,1,5,2,2,1
3211,20,True,3,11,6,6,19,8,8,3
3213,5,True,0,-1,-1,0,0,0,0,0
3215,28,True,4,19,11,9,26,11,11,4
3217,18,True,1,3,3,1,3,1,1,1
3219,17,True,1,2,2,1,2,0,1,1
3221,3,True,0,-1,-1,0,0,0,0,0
3223,3,True,0,-1,-1,0,0,0,0,0
3225,12,True,0,-1,-1,0,0,0,0,0
3227,21,True,4,4,1,4,13,5,4,4
3229,14,True,4,3,3,1,8,3,1,4
3231,27,True,4,18,10,9,26,11,11,4
3233,31,True,7,5,3,3,18,7,4,7
3235,10,True,1,1,1,1,3,1,1,1
3237,9,True,0,-1,-1,0,0,0,0,0
3239,21,True,3,12,7,6,19,8,8,3
3241,25,True,5,16,8,9,27,11,11,5
3243,11,True,0,-1,-1,0,0,0,0,0
3245,26,True,5,17,9,9,27,11,11,5
3247,9,True,2,0,0,1,4,1,1,2
3249,24,True,5,15,7,9,27,11,11,5
3251,23,True,5,14,6,9,27,11,11,5
3253,10,True,1,6,6,1,3,1,1,1
3255,13,True,1,5,5,1,4,2,1,1
3257,10,True,0,-1,-1,0,0,0,0,0
3259,8,True,0,-1,-1,0,0,0,0,0
3261,24,True,5,15,7,9,27,11,11,5
3263,12,True,3,0,0,1,6,2,1,3
3265,25,True,4,16,8,9,26,11,11,4
3267,22,True,4,13,5,9,26,11,11,4
3269,10,True,1,6,6,1,3,1,1,1
3271,24,True,5,15,7,9,27,11,11,5
3273,22,True,4,13,5,9,26,11,11,4
3275,23,True,4,14,6,9,26,11,11,4
3277,11,True,1,7,7,1,3,1,1,1
3279,16,True,4,5,4,2,10,4,2,4
3281,15,True,1,2,2,1,2,0,1,1
3283,14,True,1,7,7,1,2,0,1,1
3285,7,True,0,-1,-1,0,0,0,0,0
3287,15,True,1,8,8,1,2,0,1,1
3289,22,True,5,13,5,9,27,11,11,5
3291,22,True,4,13,5,9,26,11,11,4
3293,22,True,5,13,5,9,27,11,11,5
3295,21,True,4,12,4,9,26,11,11,4
3297,21,True,2,2,2,1,6,2,2,2
3299,6,True,0,-1,-1,0,0,0,0,0
3301,24,True,4,15,7,9,26,11,11,4
3303,16,True,2,1,0,2,6,2,2,2
3305,10,True,1,1,1,1,4,2,1,1
3307,13,True,1,2,2,1,3,1,1,1
3309,9,True,1,5,5,1,3,1,1,1
3311,27,True,4,1,0,2,10,4,2,4
3313,16,True,2,7,5,3,11,5,4,2
3315,15,True,0,-1,-1,0,0,0,0,0
3317,15,True,2,6,4,3,11,5,4,2
3319,9,True,1,5,5,1,3,1,1,1
3321,20,True,4,11,11,1,7,2,1,4
3323,22,True,4,5,1,5,18,7,7,4
3325,23,True,4,14,6,9,26,11,11,4
3327,12,True,3,0,0,1,8,3,2,3
3329,16,True,2,7,5,3,11,5,4,2
3331,28,True,6,11,2,10,32,13,13,6
3333,7,True,0,-1,-1,0,0,0,0,0
3335,27,True,4,10,8,3,12,5,3,4
3337,13,True,1,1,1,1,3,1,1,1
3339,17,True,1,8,8,1,6,3,2,1
3341,23,True,3,14,9,6,19,8,8,3
3343,8,True,1,4,4,1,3,1,1,1
3345,24,True,3,15,10,6,19,8,8,3
3347,17,True,2,8,8,1,4,1,1,2
3349,9,True,1,2,2,1,2,0,1,1
3351,21,True,3,12,7,6,19,8,8,3
3353,8,True,1,2,2,1,3,1,1,1
3355,16,True,3,1,1,1,6,2,1,3
3357,18,True,1,14,14,1,3,1,1,1
3359,21,True,3,12,7,6,19,8,8,3
3361,10,True,0,-1,-1,0,0,0,0,0
3363,9,True,0,-1,-1,0,0,0,0,0
3365,9,True,0,-1,-1,0,0,0,0,0
3367,17,True,1,0,0,1,3,1,1,1
3369,31,True,5,22,14,9,27,11,11,5
3371,16,True,4,7,7,1,7,2,1,4
3373,10,True,0,-1,-1,0,0,0,0,0
3375,24,True,3,15,10,6,19,8,8,3
3377,7,True,1,2,2,1,2,0,1,1
3379,7,True,0,-1,-1,0,0,0,0,0
3381,9,True,0,-1,-1,0,0,0,0,0
3383,20,True,3,11,6,6,19,8,8,3
3385,31,True,4,22,14,9,26,11,11,4
3387,8,True,0,-1,-1,0,0,0,0,0
3389,6,True,0,-1,-1,0,0,0,0,0
3391,31,True,4,22,14,9,26,11,11,4
3393,10,True,0,-1,-1,0,0,0,0,0
3395,6,True,1,1,1,1,2,0,1,1
3397,11,True,2,2,2,1,4,1,1,2
3399,23,True,4,6,0,7,20,8,8,4
3401,16,True,4,5,5,1,8,3,1,4
3403,11,True,1,2,2,1,3,1,1,1
3405,11,True,1,2,2,1,5,2,2,1
3407,12,True,1,0,0,1,4,1,2,1
3409,23,True,4,4,2,3,11,4,3,4
3411,22,True,3,1,1,1,7,2,2,3
3413,3,True,0,-1,-1,0,0,0,0,0
3415,28,True,5,19,11,9,27,11,11,5
3417,13,True,1,9,9,1,3,1,1,1
3419,27,True,5,18,10,9,27,11,11,5
3421,11,True,1,7,7,1,3,1,1,1
3423,24,True,5,15,7,9,27,11,11,5
3425,13,True,1,2,2,1,3,1,1,1
3427,7,True,0,-1,-1,0,0,0,0,0
3429,7,True,0,-1,-1,0,0,0,0,0
3431,19,True,4,2,0,3,11,4,3,4
3433,25,True,5,16,8,9,27,11,11,5
3435,25,True,5,16,8,9,27,11,11,5
3437,26,True,4,17,9,9,26,11,11,4
3439,26,True,4,17,9,9,26,11,11,4
3441,18,True,3,9,4,6,19,8,8,3
3443,14,True,1,10,10,1,3,1,1,1
3445,17,True,3,8,3,6,19,8,8,3
3447,12,True,1,8,8,1,3,1,1,1
3449,24,True,4,15,7,9,26,11,11,4
3451,14,True,1,1,1,1,2,0,1,1
3453,9,True,0,-1,-1,0,0,0,0,0
3455,10,True,1,0,0,1,7,3,3,1
3457,11,True,0,-1,-1,0,0,0,0,0
3459,18,True,3,9,4,6,19,8,8,3
3461,24,True,5,15,7,9,27,11,11,5
3463,17,True,3,8,3,6,19,8,8,3
3465,24,True,5,15,7,9,27,11,11,5
3467,24,True,5,15,7,9,27,11,11,5
3469,6,True,0,-1,-1,0,0,0,0,0
3471,16,True,3,7,2,6,19,8,8,3
3473,19,True,2,10,8,3,11,5,4,2
3475,17,True,2,8,6,3,11,5,4,2
3477,5,True,0,-1,-1,0,0,0,0,0
3479,9,True,1,1,1,1,4,2,1,1
3481,11,True,1,7,7,1,3,1,1,1
3483,15,True,1,1,1,1,4,1,2,1
3485,29,True,5,3,2,2,12,5,2,5
3487,24,True,2,0,0,1,5,2,1,2
3489,19,True,1,2,2,1,2,0,1,1
3491,25,True,4,16,8,9,26,11,11,4
3493,24,True,4,15,7,9,26,11,11,4
3495,12,True,1,0,0,1,3,1,1,1
3497,16,True,2,7,5,3,11,5,4,2
3499,25,True,4,8,4,5,18,7,7,4
3501,7,True,0,-1,-1,0,0,0,0,0
3503,14,True,4,3,2,2,10,4,2,4
3505,13,True,1,6,6,1,2,0,1,1
3507,12,True,1,5,5,1,2,0,1,1
3509,12,True,1,5,5,1,2,0,1,1
3511,8,True,0,-1,-1,0,0,0,0,0
3513,12,True,1,5,5,1,2,0,1,1
3515,26,True,3,17,12,6,19,8,8,3
3517,25,True,3,16,11,6,19,8,8,3
3519,12,True,3,0,0,1,6,2,1,3
3521,20,True,2,4,3,2,6,2,2,2
3523,18,True,2,2,1,2,7,2,3,2
3525,19,True,5,10,2,9,27,11,11,5
3527,12,True,1,0,0,1,3,1,1,1
3529,11,True,1,4,4,1,2,0,1,1
3531,20,True,1,3,3,1,4,2,1,1
3533,7,True,0,-1,-1,0,0,0,0,0
3535,27,True,3,18,13,6,19,8,8,3
3537,6,True,0,-1,-1,0,0,0,0,0
3539,12,True,1,1,1,1,3,1,1,1
3541,19,True,4,10,2,9,26,11,11,4
3543,10,True,0,-1,-1,0,0,0,0,0
3545,11,True,0,-1,-1,0,0,0,0,0
3547,10,True,0,-1,-1,0,0,0,0,0
3549,12,True,0,-1,-1,0,0,0,0,0
3551,16,True,4,7,7,1,7,2,1,4
3553,11,True,1,2,2,1,4,1,2,1
3555,19,True,4,10,2,9,26,11,11,4
3557,22,True,3,3,2,2,8,3,2,3
3559,9,True,1,0,0,1,3,1,1,1
3561,10,True,1,1,1,1,4,2,1,1
3563,26,True,4,9,7,3,12,5,3,4
3565,9,True,1,2,2,1,2,0,1,1
3567,33,True,5,24,16,9,27,11,11,5
3569,13,True,2,4,2,3,10,4,4,2
3571,6,True,0,-1,-1,0,0,0,0,0
3573,12,True,1,3,3,1,6,3,2,1
3575,8,True,1,3,3,1,2,0,1,1
3577,14,True,2,5,5,1,4,1,1,2
3579,13,True,2,4,4,1,4,1,1,2
3581,17,True,4,6,6,1,8,3,1,4
3583,16,True,4,0,0,1,9,3,2,4
3585,16,True,1,4,4,1,4,2,1,1
3587,20,True,3,11,6,6,19,8,8,3
3589,15,True,1,11,11,1,3,1,1,1
3591,25,True,3,4,4,1,8,3,2,3
3593,6,True,1,1,1,1,3,1,1,1
3595,15,True,1,11,11,1,3,1,1,1
3597,19,True,3,10,5,6,19,8,8,3
3599,13,True,1,9,9,1,3,1,1,1
3601,19,True,3,10,5,6,19,8,8,3
3603,28,True,5,19,11,9,27,11,11,5
3605,11,True,4,2,2,1,7,2,1,4
3607,9,True,0,-1,-1,0,0,0,0,0
3609,10,True,0,-1,-1,0,0,0,0,0
3611,12,True,1,1,1,1,5,2,2,1
3613,19,True,3,10,5,6,19,8,8,3
3615,14,True,2,0,0,1,5,2,1,2
3617,29,True,4,20,12,9,26,11,11,4
3619,11,True,3,2,2,1,6,2,1,3
3621,16,True,1,1,1,1,3,1,1,1
3623,18,True,3,9,4,6,19,8,8,3
3625,14,True,2,1,1,1,5,2,1,2
3627,12,True,2,3,3,1,5,2,1,2
3629,11,True,0,-1,-1,0,0,0,0,0
3631,20,True,4,3,0,4,13,5,4,4
3633,13,True,5,2,2,1,9,3,1,5
3635,13,True,4,2,2,1,8,3,1,4
3637,3,True,0,-1,-1,0,0,0,0,0
3639,29,True,6,3,1,3,17,7,4,6
3641,23,True,3,14,9,6,19,8,8,3
3643,27,True,5,18,10,9,27,11,11,5
3645,9,True,0,-1,-1,0,0,0,0,0
3647,24,True,5,15,7,9,27,11,11,5
3649,10,True,0,-1,-1,0,0,0,0,0
3651,8,True,0,-1,-1,0,0,0,0,0
3653,24,True,5,15,7,9,27,11,11,5
3655,20,True,3,11,6,6,19,8,8,3
3657,21,True,2,12,10,3,11,5,4,2
3659,23,True,5,14,6,9,27,11,11,5
3661,23,True,5,14,6,9,27,11,11,5
3663,12,True,1,0,0,1,4,1,2,1
3665,9,True,0,-1,-1,0,0,0,0,0
3667,7,True,0,-1,-1,0,0,0,0,0
3669,8,True,1,4,4,1,3,1,1,1
3671,22,True,5,13,5,9,27,11,11,5
3673,28,True,4,19,11,9,26,11,11,4
3675,20,True,1,0,0,1,2,0,1,1
3677,22,True,4,13,5,9,26,11,11,4
3679,25,True,4,16,8,9,26,11,11,4
3681,22,True,5,13,5,9,27,11,11,5
3683,21,True,4,12,4,9,26,11,11,4
3685,22,True,4,13,5,9,26,11,11,4
3687,8,True,1,0,0,1,3,1,1,1
3689,16,True,4,5,4,2,10,4,2,4
3691,16,True,1,0,0,1,2,0,1,1
3693,14,True,1,7,7,1,2,0,1,1
3695,33,True,6,16,7,10,32,13,13,6
3697,9,True,1,5,5,1,3,1,1,1
3699,15,True,1,8,8,1,2,0,1,1
3701,21,True,5,12,4,9,27,11,11,5
3703,21,True,4,12,4,9,26,11,11,4
3705,27,True,3,18,13,6,19,8,8,3
3707,21,True,4,12,4,9,26,11,11,4
3709,20,True,2,4,3,2,7,2,3,2
3711,39,True,5,2,0,3,14,5,4,5
3713,15,True,2,3,3,1,5,2,1,2
3715,8,True,1,4,4,1,3,1,1,1
3717,23,True,4,14,6,9,26,11,11,4
3719,9,True,1,0,0,1,3,1,1,1
3721,12,True,1,1,1,1,3,1,1,1
3723,22,True,4,13,5,9,26,11,11,4
3725,8,True,1,4,4,1,3,1,1,1
3727,13,True,1,2,2,1,3,1,1,1
3729,15,True,0,-1,-1,0,0,0,0,0
3731,14,True,0,-1,-1,0,0,0,0,0
3733,14,True,2,5,3,3,11,5,4,2
3735,7,True,1,3,3,1,3,1,1,1
3737,19,True,4,10,10,1,7,2,1,4
3739,21,True,4,4,0,5,18,7,7,4
3741,23,True,4,14,6,9,26,11,11,4
3743,12,True,3,1,0,2,8,3,2,3
3745,25,True,3,6,5,2,8,3,2,3
3747,13,True,2,4,2,3,11,5,4,2
3749,27,True,6,10,1,10,32,13,13,6
3751,12,True,1,0,0,1,3,1,1,1
3753,23,True,4,1,1,1,8,3,1,4
3755,12,True,1,0,0,1,2,0,1,1
3757,16,True,1,7,7,1,6,3,2,1
3759,15,True,2,0,0,1,4,1,1,2
3761,9,True,1,5,5,1,3,1,1,1
3763,8,True,1,4,4,1,3,1,1,1
3765,22,True,3,13,8,6,19,8,8,3
3767,16,True,2,7,7,1,4,1,1,2
3769,20,True,4,9,9,1,8,3,1,4
3771,19,True,4,8,8,1,8,3,1,4
3773,7,True,1,1,1,1,3,1,1,1
3775,15,True,3,0,0,1,6,2,1,3
3777,23,True,3,14,9,6,19,8,8,3
3779,16,True,1,12,12,1,3,1,1,1
3781,9,True,0,-1,-1,0,0,0,0,0
3783,22,True,3,13,8,6,19,8,8,3
3785,20,True,3,11,6,6,19,8,8,3
3787,16,True,2,2,2,1,5,2,1,2
3789,9,True,0,-1,-1,0,0,0,0,0
3791,30,True,5,21,13,9,27,11,11,5
3793,15,True,4,6,6,1,7,2,1,4
3795,13,True,4,4,4,1,7,2,1,4
3797,8,True,0,-1,-1,0,0,0,0,0
3799,12,True,4,3,3,1,7,2,1,4
3801,7,True,0,-1,-1,0,0,0,0,0
3803,14,True,1,0,0,1,2,0,1,1
3805,6,True,0,-1,-1,0,0,0,0,0
3807,19,True,3,10,5,6,19,8,8,3
3809,30,True,4,21,13,9,26,11,11,4
3811,7,True,0,-1,-1,0,0,0,0,0
3813,5,True,0,-1,-1,0,0,0,0,0
3815,31,True,4,22,14,9,26,11,11,4
3817,19,True,1,1,1,1,4,2,1,1
3819,5,True,1,0,0,1,2,0,1,1
3821,6,True,0,-1,-1,0,0,0,0,0
3823,29,True,5,20,12,9,27,11,11,5
3825,9,True,0,-1,-1,0,0,0,0,0
3827,15,True,4,4,4,1,8,3,1,4
3829,10,True,1,1,1,1,3,1,1,1
3831,32,True,7,6,4,3,18,7,4,7
3833,12,True,1,3,3,1,3,1,1,1
3835,25,True,3,16,11,6,19,8,8,3
3837,22,True,3,3,1,3,10,4,3,3
3839,19,True,6,4,0,5,19,7,6,6
3841,9,True,0,-1,-1,0,0,0,0,0
3843,27,True,5,18,10,9,27,11,11,5
3845,12,True,1,8,8,1,3,1,1,1
3847,26,True,5,17,9,9,27,11,11,5
3849,23,True,3,14,9,6,19,8,8,3
3851,25,True,5,16,8,9,27,11,11,5
3853,10,True,1,6,6,1,3,1,1,1
3855,10,True,1,6,6,1,3,1,1,1
3857,11,True,1,7,7,1,3,1,1,1
3859,11,True,0,-1,-1,0,0,0,0,0
3861,6,True,0,-1,-1,0,0,0,0,0
3863,24,True,5,15,7,9,27,11,11,5
3865,24,True,5,15,7,9,27,11,11,5
3867,12,True,1,0,0,1,2,0,1,1
3869,25,True,4,16,8,9,26,11,11,4
3871,22,True,2,0,0,1,5,2,1,2
3873,12,True,1,8,8,1,3,1,1,1
3875,12,True,1,8,8,1,3,1,1,1
3877,11,True,1,7,7,1,3,1,1,1
3879,23,True,4,14,6,9,26,11,11,4
3881,23,True,4,14,6,9,26,11,11,4
3883,13,True,1,0,0,1,2,0,1,1
3885,10,True,0,-1,-1,0,0,0,0,0
3887,11,True,2,0,0,1,4,1,1,2
3889,9,True,0,-1,-1,0,0,0,0,0
3891,9,True,0,-1,-1,0,0,0,0,0
3893,17,True,3,8,3,6,19,8,8,3
3895,16,True,1,9,9,1,2,0,1,1
3897,24,True,5,15,7,9,27,11,11,5
3899,23,True,5,14,6,9,27,11,11,5
3901,23,True,5,14,6,9,27,11,11,5
3903,28,True,3,19,14,6,19,8,8,3
3905,17,True,3,8,3,6,19,8,8,3
3907,8,True,0,-1,-1,0,0,0,0,0
3909,17,True,2,8,6,3,11,5,4,2
3911,16,True,2,4,4,1,5,2,1,2
3913,26,True,4,17,9,9,26,11,11,4
3915,17,True,2,8,6,3,11,5,4,2
3917,10,True,1,6,6,1,3,1,1,1
3919,14,True,1,0,0,1,4,1,2,1
3921,10,True,1,6,6,1,3,1,1,1
3923,28,True,4,2,1,2,11,5,2,4
3925,4,True,0,-1,-1,0,0,0,0,0
3927,16,True,0,-1,-1,0,0,0,0,0
3929,17,True,2,8,6,3,11,5,4,2
3931,15,True,3,4,0,5,14,5,6,3
3933,24,True,4,15,7,9,26,11,11,4
3935,15,True,2,6,4,3,11,5,4,2
3937,24,True,4,7,3,5,18,7,7,4
3939,5,True,0,-1,-1,0,0,0,0,0
3941,5,True,0,-1,-1,0,0,0,0,0
3943,24,True,5,1,0,2,12,5,2,5
3945,16,True,2,7,5,3,11,5,4,2
3947,30,True,6,13,4,10,32,13,13,6
3949,8,True,0,-1,-1,0,0,0,0,0
3951,14,True,2,0,0,1,4,1,1,2
3953,11,True,1,4,4,1,2,0,1,1
3955,25,True,3,16,11,6,19,8,8,3
3957,11,True,1,4,4,1,2,0,1,1
3959,24,True,3,15,10,6,19,8,8,3
3961,10,True,1,6,6,1,3,1,1,1
3963,11,True,1,0,0,1,2,0,1,1
3965,18,True,2,9,9,1,4,1,1,2
3967,8,True,3,0,0,1,7,2,2,3
3969,25,True,3,16,11,6,19,8,8,3
3971,10,True,1,3,3,1,2,0,1,1
3973,19,True,1,2,2,1,4,2,1,1
3975,10,True,1,0,0,1,3,1,1,1
3977,27,True,3,18,13,6,19,8,8,3
3979,18,True,1,0,0,1,2,0,1,1
3981,5,True,0,-1,-1,0,0,0,0,0
3983,10,True,0,-1,-1,0,0,0,0,0
3985,12,True,0,-1,-1,0,0,0,0,0
3987,10,True,0,-1,-1,0,0,0,0,0
3989,10,True,0,-1,-1,0,0,0,0,0
3991,9,True,0,-1,-1,0,0,0,0,0
3993,10,True,0,-1,-1,0,0,0,0,0
3995,16,True,4,7,7,1,7,2,1,4
3997,10,True,0,-1,-1,0,0,0,0,0
3999,29,True,5,20,12,9,27,11,11,5
4001,9,True,1,4,4,1,2,0,1,1
4003,10,True,0,-1,-1,0,0,0,0,0
4005,21,True,3,2,1,2,8,3,2,3
4007,9,True,1,0,0,1,3,1,1,1
4009,25,True,4,8,6,3,12,5,3,4
4011,33,True,4,24,16,9,26,11,11,4
4013,8,True,1,3,3,1,4,1,2,1
4015,7,True,2,0,0,1,4,1,1,2
4017,6,True,0,-1,-1,0,0,0,0,0
4019,5,True,0,-1,-1,0,0,0,0,0
4021,12,True,1,3,3,1,6,3,2,1
4023,7,True,1,2,2,1,2,0,1,1
4025,13,True,2,4,4,1,4,1,1,2
4027,12,True,2,3,3,1,4,1,1,2
4029,17,True,4,6,6,1,8,3,1,4
4031,16,True,4,5,5,1,8,3,1,4
4033,13,True,1,4,4,1,5,2,2,1
4035,13,True,1,1,1,1,4,2,1,1
4037,19,True,3,10,5,6,19,8,8,3
4039,28,True,3,19,14,6,19,8,8,3
4041,23,True,3,2,2,1,8,3,2,3
4043,5,True,1,0,0,1,2,0,1,1
4045,14,True,1,10,10,1,3,1,1,1
4047,29,True,5,20,12,9,27,11,11,5
4049,14,True,1,10,10,1,3,1,1,1
4051,28,True,5,19,11,9,27,11,11,5
4053,17,True,3,8,3,6,19,8,8,3
4055,26,True,5,17,9,9,27,11,11,5
4057,19,True,3,10,5,6,19,8,8,3
4059,13,True,1,0,0,1,2,0,1,1
4061,9,True,0,-1,-1,0,0,0,0,0
4063,11,True,1,0,0,1,5,2,2,1
4065,21,True,4,4,2,3,12,5,3,4
4067,17,True,3,8,3,6,19,8,8,3
4069,27,True,4,18,10,9,26,11,11,4
4071,25,True,5,16,8,9,27,11,11,5
4073,14,True,1,1,1,1,4,2,1,1
4075,28,True,4,19,11,9,26,11,11,4
4077,16,True,1,12,12,1,3,1,1,1
4079,13,True,2,0,0,1,4,1,1,2
4081,11,True,2,2,2,1,5,2,1,2
4083,14,True,1,10,10,1,3,1,1,1
4085,9,True,0,-1,-1,0,0,0,0,0
4087,25,True,4,16,8,9,26,11,11,4
4089,16,True,1,3,3,1,2,0,1,1
4091,20,True,4,9,8,2,10,4,2,4
4093,11,True,2,1,1,1,9,4,3,2
4095,27,True,6,1,0,2,18,7,5,6
4097,22,True,3,13,8,6,19,8,8,3
4099,26,True,5,17,9,9,27,11,11,5
4101,9,True,0,-1,-1,0,0,0,0,0
4103,25,True,5,16,8,9,27,11,11,5
4105,26,True,5,17,9,9,27,11,11,5
4107,8,True,0,-1,-1,0,0,0,0,0
4109,8,True,0,-1,-1,0,0,0,0,0
4111,6,True,0,-1,-1,0,0,0,0,0
4113,8,True,0,-1,-1,0,0,0,0,0
4115,20,True,2,11,9,3,11,5,4,2
4117,22,True,5,13,5,9,27,11,11,5
4119,6,True,0,-1,-1,0,0,0,0,0
4121,12,True,1,4,4,1,4,2,1,1
4123,20,True,2,1,1,1,5,2,1,2
4125,8,True,0,-1,-1,0,0,0,0,0
4127,29,True,4,18,18,1,8,3,1,4
4129,31,True,5,5,4,2,12,5,2,5
4131,21,True,5,12,4,9,27,11,11,5
4133,27,True,4,18,10,9,26,11,11,4
4135,19,True,1,2,2,1,2,0,1,1
4137,19,True,2,1,1,1,5,2,1,2
4139,26,True,4,17,9,9,26,11,11,4
4141,22,True,5,13,5,9,27,11,11,5
4143,13,True,1,0,0,1,4,2,1,1
4145,8,True,0,-1,-1,0,0,0,0,0
4147,8,True,0,-1,-1,0,0,0,0,0
4149,21,True,4,12,4,9,26,11,11,4
4151,15,True,4,4,3,2,10,4,2,4
4153,15,True,1,8,8,1,2,0,1,1
4155,13,True,1,6,6,1,2,0,1,1
4157,13,True,1,6,6,1,2,0,1,1
4159,9,True,0,-1,-1,0,0,0,0,0
4161,14,True,1,7,7,1,2,0,1,1
4163,13,True,1,6,6,1,2,0,1,1
4165,21,True,4,12,4,9,26,11,11,4
4167,20,True,2,11,9,3,12,5,5,2
4169,26,True,3,17,12,6,19,8,8,3
4171,20,True,4,11,3,9,26,11,11,4
4173,21,True,5,12,4,9,27,11,11,5
4175,19,True,2,3,2,2,7,2,3,2
4177,20,True,5,11,3,9,27,11,11,5
4179,13,True,1,1,1,1,4,2,1,1
4181,7,True,1,3,3,1,3,1,1,1
4183,7,True,0,-1,-1,0,0,0,0,0
4185,8,True,0,-1,-1,0,0,0,0,0
4187,11,True,1,4,4,1,2,0,1,1
4189,21,True,4,12,4,9,26,11,11,4
4191,19,True,1,1,1,1,2,0,1,1
4193,14,True,1,3,3,1,3,1,1,1
4195,12,True,0,-1,-1,0,0,0,0,0
4197,13,True,0,-1,-1,0,0,0,0,0
4199,12,True,2,1,1,1,4,1,1,2
4201,12,True,0,-1,-1,0,0,0,0,0
4203,12,True,0,-1,-1,0,0,0,0,0
4205,18,True,4,9,9,1,7,2,1,4
4207,20,True,3,3,0,4,16,7,6,3
4209,7,True,1,3,3,1,3,1,1,1
4211,22,True,4,13,5,9,26,11,11,4
4213,14,True,2,5,3,3,11,5,4,2
4215,23,True,3,4,3,2,8,3,2,3
4217,11,True,1,2,2,1,3,1,1,1
4219,24,True,3,15,10,6,19,8,8,3
4221,27,True,5,10,1,10,30,12,13,5
4223,22,True,3,0,0,1,7,3,1,3
4225,11,True,1,6,6,1,4,1,2,1
4227,13,True,2,4,2,3,12,5,5,2
4229,14,True,1,5,5,1,6,3,2,1
4231,7,True,0,-1,-1,0,0,0,0,0
4233,33,True,5,3,1,3,15,6,4,5
4235,10,True,1,3,3,1,2,0,1,1
4237,7,True,1,3,3,1,3,1,1,1
4239,14,True,2,5,5,1,4,1,1,2
4241,19,True,4,8,8,1,8,3,1,4
4243,18,True,4,7,7,1,8,3,1,4
4245,20,True,3,11,6,6,19,8,8,3
4247,5,True,1,1,1,1,3,1,1,1
4249,23,True,3,14,9,6,19,8,8,3
4251,16,True,1,1,1,1,4,2,1,1
4253,16,True,1,12,12,1,3,1,1,1
4255,30,True,8,8,6,3,18,7,3,8
4257,8,True,1,3,3,1,3,1,1,1
4259,19,True,3,10,5,6,19,8,8,3
4261,15,True,2,1,1,1,5,2,1,2
4263,22,True,5,9,6,4,14,5,4,5
4265,30,True,5,21,13,9,27,11,11,5
4267,21,True,3,12,7,6,19,8,8,3
4269,14,True,4,5,5,1,7,2,1,4
4271,28,True,5,19,11,9,27,11,11,5
4273,13,True,4,4,4,1,7,2,1,4
4275,12,True,4,3,3,1,7,2,1,4
4277,6,True,0,-1,-1,0,0,0,0,0
4279,13,True,1,2,2,1,5,2,2,1
4281,21,True,3,12,7,6,19,8,8,3
4283,19,True,3,10,5,6,19,8,8,3
4285,30,True,4,21,13,9,26,11,11,4
4287,20,True,3,11,6,6,19,8,8,3
4289,19,True,1,4,4,1,3,1,1,1
4291,17,True,1,2,2,1,2,0,1,1
4293,4,True,0,-1,-1,0,0,0,0,0
4295,18,True,1,14,14,1,3,1,1,1
4297,4,True,0,-1,-1,0,0,0,0,0
4299,12,True,0,-1,-1,0,0,0,0,0
4301,5,True,0,-1,-1,0,0,0,0,0
4303,21,True,3,4,3,2,8,3,2,3
4305,15,True,4,4,4,1,8,3,1,4
4307,14,True,4,3,3,1,8,3,1,4
4309,7,True,0,-1,-1,0,0,0,0,0
4311,30,True,7,4,2,3,18,7,4,7
4313,11,True,1,2,2,1,3,1,1,1
4315,24,True,3,15,10,6,19,8,8,3
4317,10,True,0,-1,-1,0,0,0,0,0
4319,21,True,3,12,7,6,19,8,8,3
4321,26,True,5,17,9,9,27,11,11,5
4323,6,True,0,-1,-1,0,0,0,0,0
4325,26,True,5,17,9,9,27,11,11,5
4327,27,True,5,18,10,9,27,11,11,5
4329,10,True,2,1,1,1,4,1,1,2
4331,22,True,3,13,8,6,19,8,8,3
4333,24,True,5,15,7,9,27,11,11,5
4335,11,True,2,1,0,2,9,4,3,2
4337,11,True,1,7,7,1,3,1,1,1
4339,14,True,1,2,2,1,3,1,1,1
4341,9,True,1,5,5,1,3,1,1,1
4343,10,True,0,-1,-1,0,0,0,0,0
4345,9,True,0,-1,-1,0,0,0,0,0
4347,30,True,4,19,19,1,8,3,1,4
4349,23,True,5,14,6,9,27,11,11,5
4351,11,True,1,7,7,1,3,1,1,1
4353,26,True,4,17,9,9,26,11,11,4
4355,23,True,4,14,6,9,26,11,11,4
4357,11,True,1,7,7,1,3,1,1,1
4359,28,True,4,19,11,9,26,11,11,4
4361,25,True,5,16,8,9,27,11,11,5
4363,24,True,4,15,7,9,26,11,11,4
4365,11,True,1,7,7,1,3,1,1,1
4367,22,True,4,13,5,9,26,11,11,4
4369,12,True,1,8,8,1,3,1,1,1
4371,17,True,4,6,5,2,10,4,2,4
4373,8,True,0,-1,-1,0,0,0,0,0
4375,14,True,1,1,1,1,2,0,1,1
4377,15,True,1,8,8,1,2,0,1,1
4379,34,True,6,17,8,10,32,13,13,6
4381,17,True,1,10,10,1,2,0,1,1
4383,15,True,2,0,0,1,5,2,1,2
4385,23,True,5,14,6,9,27,11,11,5
4387,22,True,5,13,5,9,27,11,11,5
4389,22,True,5,13,5,9,27,11,11,5
4391,28,True,3,19,14,6,19,8,8,3
4393,22,True,4,13,5,9,26,11,11,4
4395,22,True,2,6,5,2,7,2,3,2
4397,8,True,0,-1,-1,0,0,0,0,0
4399,17,True,1,0,0,1,4,2,1,1
4401,25,True,4,16,8,9,26,11,11,4
4403,25,True,4,16,8,9,26,11,11,4
4405,16,True,2,7,5,3,11,5,4,2
4407,10,True,1,1,1,1,3,1,1,1
4409,14,True,1,3,3,1,3,1,1,1
4411,9,True,1,5,5,1,3,1,1,1
4413,9,True,1,5,5,1,3,1,1,1
4415,27,True,3,1,0,2,11,5,3,3
4417,17,True,2,8,6,3,11,5,4,2
4419,15,True,0,-1,-1,0,0,0,0,0
4421,16,True,2,7,5,3,11,5,4,2
4423,14,True,2,3,2,2,8,3,3,2
4425,10,True,1,6,6,1,3,1,1,1
4427,16,True,2,7,5,3,11,5,4,2
4429,24,True,4,15,7,9,26,11,11,4
4431,22,True,3,5,2,4,16,7,6,3
4433,24,True,4,15,7,9,26,11,11,4
4435,13,True,3,2,1,2,9,4,2,3
4437,4,True,0,-1,-1,0,0,0,0,0
4439,15,True,2,6,4,3,11,5,4,2
4441,29,True,6,12,3,10,32,13,13,6
4443,15,True,2,6,4,3,11,5,4,2
4445,7,True,0,-1,-1,0,0,0,0,0
4447,26,True,4,9,7,3,12,5,3,4
4449,14,True,1,2,2,1,3,1,1,1
4451,23,True,3,14,9,6,19,8,8,3
4453,23,True,3,14,9,6,19,8,8,3
4455,15,True,2,6,4,3,10,4,4,2
4457,9,True,1,5,5,1,3,1,1,1
4459,10,True,1,6,6,1,3,1,1,1
4461,18,True,2,9,9,1,4,1,1,2
4463,8,True,1,0,0,1,4,2,1,1
4465,10,True,1,3,3,1,2,0,1,1
4467,23,True,3,14,9,6,19,8,8,3
4469,9,True,1,2,2,1,2,0,1,1
4471,8,True,1,2,2,1,3,1,1,1
4473,17,True,3,2,2,1,6,2,1,3
4475,26,True,3,17,12,6,19,8,8,3
4477,17,True,1,13,13,1,3,1,1,1
4479,20,True,3,11,6,6,19,8,8,3
4481,11,True,0,-1,-1,0,0,0,0,0
4483,10,True,0,-1,-1,0,0,0,0,0
4485,10,True,0,-1,-1,0,0,0,0,0
4487,9,True,0,-1,-1,0,0,0,0,0
4489,18,True,1,1,1,1,3,1,1,1
4491,32,True,5,23,15,9,27,11,11,5
4493,9,True,0,-1,-1,0,0,0,0,0
4495,15,True,4,6,6,1,7,2,1,4
4497,11,True,0,-1,-1,0,0,0,0,0
4499,9,True,0,-1,-1,0,0,0,0,0
4501,9,True,0,-1,-1,0,0,0,0,0
4503,6,True,1,1,1,1,2,0,1,1
4505,8,True,0,-1,-1,0,0,0,0,0
4507,15,True,1,4,4,1,5,2,2,1
4509,21,True,3,12,7,6,19,8,8,3
4511,24,True,4,7,5,3,12,5,3,4
4513,32,True,4,23,15,9,26,11,11,4
4515,6,True,0,-1,-1,0,0,0,0,0
4517,6,True,1,1,1,1,4,1,2,1
4519,20,True,1,1,1,1,2,0,1,1
4521,32,True,4,23,15,9,26,11,11,4
4523,21,True,1,3,3,1,4,2,1,1
4525,8,True,1,3,3,1,2,0,1,1
4527,6,True,1,0,0,1,4,2,1,1
4529,12,True,2,3,3,1,4,1,1,2
4531,11,True,2,2,2,1,4,1,1,2
4533,11,True,1,2,2,1,6,3,2,1
4535,16,True,4,5,5,1,8,3,1,4
4537,12,True,1,3,3,1,3,1,1,1
4539,34,True,7,8,6,3,18,7,4,7
4541,13,True,1,1,1,1,3,1,1,1
4543,31,True,6,5,3,3,17,7,4,6
4545,24,True,4,5,3,3,11,4,3,4
4547,22,True,3,1,1,1,8,3,2,3
4549,4,True,0,-1,-1,0,0,0,0,0
4551,29,True,5,20,12,9,27,11,11,5
4553,29,True,5,20,12,9,27,11,11,5
4555,14,True,1,10,10,1,3,1,1,1
4557,13,True,1,9,9,1,3,1,1,1
4559,27,True,5,18,10,9,27,11,11,5
4561,12,True,1,8,8,1,3,1,1,1
4563,26,True,5,17,9,9,27,11,11,5
4565,18,True,3,9,4,6,19,8,8,3
4567,12,True,1,1,1,1,3,1,1,1
4569,8,True,0,-1,-1,0,0,0,0,0
4571,11,True,1,7,7,1,3,1,1,1
4573,8,True,0,-1,-1,0,0,0,0,0
4575,19,True,3,2,0,3,12,5,4,3
4577,26,True,5,17,9,9,27,11,11,5
4579,18,True,3,9,4,6,19,8,8,3
4581,26,True,4,17,9,9,26,11,11,4
4583,13,True,1,9,9,1,3,1,1,1
4585,27,True,4,18,10,9,26,11,11,4
4587,24,True,2,2,2,1,5,2,1,2
4589,15,True,1,11,11,1,3,1,1,1
4591,28,True,8,6,0,7,27,12,7,8
4593,18,True,3,9,4,6,19,8,8,3
4595,13,True,1,9,9,1,3,1,1,1
4597,10,True,2,1,1,1,4,1,1,2
4599,24,True,4,15,7,9,26,11,11,4
4601,15,True,1,2,2,1,2,0,1,1
4603,19,True,4,8,7,2,10,4,2,4
4605,12,True,3,1,1,1,6,2,1,3
4607,28,True,5,2,0,3,16,7,4,5
4609,12,True,0,-1,-1,0,0,0,0,0
4611,19,True,3,10,5,6,19,8,8,3
4613,25,True,5,16,8,9,27,11,11,5
4615,18,True,1,11,11,1,2,0,1,1
4617,18,True,3,9,4,6,19,8,8,3
4619,25,True,5,16,8,9,27,11,11,5
4621,7,True,0,-1,-1,0,0,0,0,0
4623,23,True,5,14,6,9,27,11,11,5
4625,7,True,0,-1,-1,0,0,0,0,0
4627,18,True,3,9,4,6,19,8,8,3
4629,6,True,0,-1,-1,0,0,0,0,0
4631,18,True,2,9,7,3,11,5,4,2
4633,18,True,2,9,7,3,11,5,4,2
4635,16,True,2,4,4,1,5,2,1,2
4637,11,True,1,3,3,1,4,2,1,1
4639,19,True,2,0,0,1,5,2,1,2
4641,12,True,1,8,8,1,3,1,1,1
4643,6,True,0,-1,-1,0,0,0,0,0
4645,29,True,6,3,1,3,15,6,3,6
4647,10,True,1,6,6,1,3,1,1,1
4649,25,True,2,1,1,1,5,2,1,2
4651,6,True,0,-1,-1,0,0,0,0,0
4653,27,True,4,18,10,9,26,11,11,4
4655,18,True,1,0,0,1,4,2,1,1
4657,25,True,4,16,8,9,26,11,11,4
4659,25,True,4,16,8,9,26,11,11,4
4661,20,True,5,11,3,9,27,11,11,5
4663,16,True,2,7,5,3,11,5,4,2
4665,26,True,4,9,5,5,18,7,7,4
4667,7,True,0,-1,-1,0,0,0,0,0
4669,6,True,0,-1,-1,0,0,0,0,0
4671,13,True,4,2,1,2,10,4,2,4
4673,14,True,1,7,7,1,2,0,1,1
4675,12,True,1,5,5,1,2,0,1,1
4677,13,True,1,6,6,1,2,0,1,1
4679,10,True,0,-1,-1,0,0,0,0,0
4681,9,True,0,-1,-1,0,0,0,0,0
4683,12,True,1,5,5,1,2,0,1,1
4685,13,True,1,6,6,1,2,0,1,1
4687,26,True,3,17,12,6,19,8,8,3
4689,26,True,3,17,12,6,19,8,8,3
4691,25,True,3,16,11,6,19,8,8,3
4693,19,True,4,10,2,9,26,11,11,4
4695,19,True,2,3,2,2,6,2,2,2
4697,19,True,2,3,2,2,7,2,3,2
4699,13,True,1,1,1,1,3,1,1,1
4701,19,True,5,10,2,9,27,11,11,5
4703,11,True,1,4,4,1,2,0,1,1
4705,12,True,1,5,5,1,2,0,1,1
4707,6,True,0,-1,-1,0,0,0,0,0
4709,7,True,0,-1,-1,0,0,0,0,0
4711,10,True,1,3,3,1,2,0,1,1
4713,28,True,3,19,14,6,19,8,8,3
4715,20,True,1,2,2,1,2,0,1,1
4717,13,True,1,2,2,1,4,2,1,1
4719,21,True,1,0,0,1,4,2,1,1
4721,20,True,4,11,3,9,26,11,11,4
4723,12,True,0,-1,-1,0,0,0,0,0
4725,12,True,0,-1,-1,0,0,0,0,0
4727,11,True,0,-1,-1,0,0,0,0,0
4729,11,True,0,-1,-1,0,0,0,0,0
4731,11,True,0,-1,-1,0,0,0,0,0
4733,17,True,4,8,8,1,7,2,1,4
4735,25,True,3,0,0,1,7,3,1,3
4737,12,True,1,3,3,1,4,1,2,1
4739,20,True,4,11,3,9,26,11,11,4
4741,23,True,3,4,3,2,8,3,2,3
4743,12,True,0,-1,-1,0,0,0,0,0
4745,10,True,1,1,1,1,3,1,1,1
4747,23,True,3,14,9,6,19,8,8,3
4749,13,True,2,4,2,3,11,5,4,2
4751,25,True,4,8,6,3,12,5,3,4
4753,10,True,1,3,3,1,2,0,1,1
4755,9,True,1,4,4,1,4,1,2,1
4757,12,True,2,3,1,3,12,5,5,2
4759,12,True,2,3,1,3,10,4,4,2
4761,7,True,0,-1,-1,0,0,0,0,0
4763,32,True,4,2,1,2,12,5,3,4
4765,9,True,1,2,2,1,2,0,1,1
4767,19,True,2,0,0,1,5,2,1,2
4769,15,True,2,6,6,1,4,1,1,2
4771,17,True,4,6,6,1,8,3,1,4
4773,17,True,4,6,6,1,8,3,1,4
4775,12,True,1,1,1,1,2,0,1,1
4777,17,True,4,1,1,1,9,3,2,4
4779,15,True,1,6,6,1,5,2,2,1
4781,22,True,3,13,8,6,19,8,8,3
4783,15,True,1,0,0,1,4,2,1,1
4785,16,True,1,12,12,1,3,1,1,1
4787,15,True,1,11,11,1,3,1,1,1
4789,20,True,3,11,6,6,19,8,8,3
4791,6,True,1,1,1,1,2,0,1,1
4793,16,True,1,12,12,1,3,1,1,1
4795,31,True,5,22,14,9,27,11,11,5
4797,15,True,1,1,1,1,3,1,1,1
4799,29,True,5,20,12,9,27,11,11,5
4801,20,True,3,11,6,6,19,8,8,3
4803,28,True,5,19,11,9,27,11,11,5
4805,12,True,4,3,3,1,7,2,1,4
4807,21,True,3,12,7,6,19,8,8,3
4809,10,True,0,-1,-1,0,0,0,0,0
4811,10,True,0,-1,-1,0,0,0,0,0
4813,12,True,4,3,3,1,7,2,1,4
4815,12,True,1,8,8,1,3,1,1,1
4817,20,True,3,11,6,6,19,8,8,3
4819,18,True,3,9,4,6,19,8,8,3
4821,4,True,0,-1,-1,0,0,0,0,0
4823,28,True,4,19,11,9,26,11,11,4
4825,12,True,3,3,3,1,6,2,1,3
4827,15,True,1,11,11,1,3,1,1,1
4829,17,True,1,2,2,1,2,0,1,1
4831,18,True,3,9,4,6,19,8,8,3
4833,15,True,2,2,2,1,5,2,1,2
4835,3,True,0,-1,-1,0,0,0,0,0
4837,11,True,0,-1,-1,0,0,0,0,0
4839,28,True,5,19,11,9,27,11,11,5
4841,21,True,4,4,1,4,13,5,4,4
4843,27,True,4,18,10,9,26,11,11,4
4845,14,True,4,3,3,1,8,3,1,4
4847,27,True,4,18,10,9,26,11,11,4
4849,4,True,0,-1,-1,0,0,0,0,0
4851,30,True,7,4,2,3,18,7,4,7
4853,10,True,1,1,1,1,3,1,1,1
4855,23,True,3,14,9,6,19,8,8,3
4857,28,True,5,19,11,9,27,11,11,5
4859,21,True,3,12,7,6,19,8,8,3
4861,26,True,5,17,9,9,27,11,11,5
4863,16,True,5,3,0,4,15,6,4,5
4865,11,True,0,-1,-1,0,0,0,0,0
4867,9,True,0,-1,-1,0,0,0,0,0
4869,25,True,5,16,8,9,27,11,11,5
4871,9,True,1,0,0,1,3,1,1,1
4873,21,True,3,12,7,6,19,8,8,3
4875,22,True,2,13,11,3,11,5,4,2
4877,23,True,5,14,6,9,27,11,11,5
4879,22,True,5,13,5,9,27,11,11,5
4881,24,True,5,15,7,9,27,11,11,5
4883,13,True,1,5,5,1,4,2,1,1
4885,9,True,1,5,5,1,3,1,1,1
4887,8,True,0,-1,-1,0,0,0,0,0
4889,8,True,0,-1,-1,0,0,0,0,0
4891,29,True,4,18,18,1,8,3,1,4
4893,24,True,5,15,7,9,27,11,11,5
4895,12,True,2,0,0,1,5,2,1,2
4897,29,True,4,20,12,9,26,11,11,4
4899,23,True,4,14,6,9,26,11,11,4
4901,22,True,4,13,5,9,26,11,11,4
4903,20,True,1,0,0,1,3,1,1,1
4905,26,True,4,17,9,9,26,11,11,4
4907,24,True,5,15,7,9,27,11,11,5
4909,23,True,4,14,6,9,26,11,11,4
4911,19,True,2,10,8,3,11,5,4,2
4913,23,True,4,14,6,9,26,11,11,4
4915,23,True,4,14,6,9,26,11,11,4
4917,10,True,1,6,6,1,3,1,1,1
4919,16,True,4,5,4,2,10,4,2,4
4921,17,True,1,1,1,1,2,0,1,1
4923,15,True,1,8,8,1,2,0,1,1
4925,14,True,1,7,7,1,2,0,1,1
4927,33,True,6,16,7,10,32,13,13,6
4929,10,True,1,6,6,1,3,1,1,1
4931,15,True,1,8,8,1,2,0,1,1
4933,22,True,5,13,5,9,27,11,11,5
4935,29,True,4,7,7,1,8,3,1,4
4937,22,True,4,13,5,9,26,11,11,4
4939,22,True,5,13,5,9,27,11,11,5
4941,22,True,5,13,5,9,27,11,11,5
4943,21,True,4,12,4,9,26,11,11,4
4945,21,True,2,5,4,2,7,2,3,2
4947,20,True,2,4,3,2,7,2,3,2
4949,6,True,0,-1,-1,0,0,0,0,0
4951,14,True,2,2,2,1,5,2,1,2
4953,9,True,1,5,5,1,3,1,1,1
4955,16,True,1,1,1,1,3,1,1,1
4957,23,True,4,14,6,9,26,11,11,4
4959,8,True,0,-1,-1,0,0,0,0,0
4961,13,True,1,2,2,1,3,1,1,1
4963,8,True,1,4,4,1,3,1,1,1
4965,8,True,1,4,4,1,3,1,1,1
4967,27,True,3,1,0,2,9,4,2,3
4969,14,True,1,3,3,1,3,1,1,1
4971,14,True,0,-1,-1,0,0,0,0,0
4973,15,True,0,-1,-1,0,0,0,0,0
4975,14,True,1,0,0,1,4,2,1,1
4977,15,True,2,6,4,3,11,5,4,2
4979,9,True,1,5,5,1,3,1,1,1
4981,15,True,2,6,4,3,11,5,4,2
4983,19,True,4,10,10,1,7,2,1,4
4985,22,True,4,5,1,5,18,7,7,4
4987,28,True,3,3,3,1,7,3,1,3
4989,23,True,4,14,6,9,26,11,11,4
4991,12,True,2,0,0,1,7,3,2,2
4993,26,True,3,7,6,2,8,3,2,3
4995,14,True,2,5,3,3,11,5,4,2
4997,28,True,6,11,2,10,32,13,13,6
4999,14,True,2,5,3,3,11,5,4,2
5001,13,True,1,1,1,1,3,1,1,1
5003,27,True,4,10,8,3,12,5,3,4
5005,6,True,0,-1,-1,0,0,0,0,0
5007,11,True,1,6,6,1,4,1,2,1
5009,17,True,1,8,8,1,6,3,2,1
5011,15,True,1,6,6,1,6,3,2,1
5013,22,True,3,13,8,6,19,8,8,3
5015,8,True,1,4,4,1,3,1,1,1
5017,9,True,1,5,5,1,3,1,1,1
5019,10,True,1,3,3,1,2,0,1,1
5021,17,True,2,8,8,1,4,1,1,2
5023,14,True,2,0,0,1,5,2,1,2
5025,21,True,4,10,10,1,8,3,1,4
5027,21,True,3,12,7,6,19,8,8,3
5029,7,True,2,1,1,1,4,1,1,2
5031,20,True,4,9,9,1,8,3,1,4
5033,16,True,3,1,1,1,6,2,1,3
5035,25,True,3,16,11,6,19,8,8,3
5037,18,True,1,14,14,1,3,1,1,1
5039,21,True,3,12,7,6,19,8,8,3
5041,10,True,0,-1,-1,0,0,0,0,0
5043,9,True,0,-1,-1,0,0,0,0,0
5045,9,True,0,-1,-1,0,0,0,0,0
5047,20,True,3,11,6,6,19,8,8,3
5049,17,True,2,3,3,1,5,2,1,2
5051,17,True,1,3,3,1,4,2,1,1
5053,31,True,5,22,14,9,27,11,11,5
5055,17,True,3,2,0,3,10,4,3,3
5057,16,True,4,7,7,1,7,2,1,4
5059,13,True,4,4,4,1,7,2,1,4
5061,9,True,0,-1,-1,0,0,0,0,0
5063,24,True,3,15,10,6,19,8,8,3
5065,13,True,4,4,4,1,7,2,1,4
5067,8,True,0,-1,-1,0,0,0,0,0
5069,7,True,0,-1,-1,0,0,0,0,0
5071,14,True,1,3,3,1,5,2,2,1
5073,7,True,0,-1,-1,0,0,0,0,0
5075,20,True,3,11,6,6,19,8,8,3
5077,8,True,0,-1,-1,0,0,0,0,0
5079,29,True,4,20,12,9,26,11,11,4
5081,8,True,0,-1,-1,0,0,0,0,0
5083,19,True,1,4,4,1,3,1,1,1
5085,6,True,0,-1,-1,0,0,0,0,0
5087,31,True,4,22,14,9,26,11,11,4
5089,20,True,1,2,2,1,4,2,1,1
5091,8,True,0,-1,-1,0,0,0,0,0
5093,6,True,1,1,1,1,2,0,1,1
5095,12,True,1,0,0,1,3,1,1,1
5097,30,True,5,21,13,9,27,11,11,5
5099,23,True,3,6,5,2,8,3,2,3
5101,16,True,4,5,5,1,8,3,1,4
5103,14,True,5,3,3,1,9,3,1,5
5105,11,True,1,2,2,1,3,1,1,1
5107,33,True,7,7,5,3,18,7,4,7
5109,10,True,1,1,1,1,5,2,2,1
5111,12,True,1,3,3,1,3,1,1,1
5113,26,True,3,17,12,6,19,8,8,3
5115,13,True,0,-1,-1,0,0,0,0,0
5117,22,True,3,1,1,1,7,2,2,3
5119,19,True,5,4,0,5,20,8,7,5
5121,10,True,0,-1,-1,0,0,0,0,0
5123,28,True,5,19,11,9,27,11,11,5
5125,13,True,1,9,9,1,3,1,1,1
5127,28,True,5,19,11,9,27,11,11,5
5129,27,True,5,18,10,9,27,11,11,5
5131,12,True,1,8,8,1,3,1,1,1
5133,11,True,1,7,7,1,3,1,1,1
5135,24,True,5,15,7,9,27,11,11,5
5137,11,True,1,7,7,1,3,1,1,1
5139,12,True,1,8,8,1,3,1,1,1
5141,7,True,0,-1,-1,0,0,0,0,0
5143,10,True,1,6,6,1,3,1,1,1
5145,12,True,0,-1,-1,0,0,0,0,0
5147,19,True,3,2,1,2,8,3,2,3
5149,26,True,5,17,9,9,27,11,11,5
5151,15,True,2,0,0,1,5,2,1,2
5153,25,True,5,16,8,9,27,11,11,5
5155,6,True,0,-1,-1,0,0,0,0,0
5157,25,True,4,16,8,9,26,11,11,4
5159,26,True,4,17,9,9,26,11,11,4
5161,23,True,2,1,1,1,5,2,1,2
5163,13,True,1,9,9,1,3,1,1,1
5165,14,True,1,10,10,1,3,1,1,1
5167,28,True,4,19,11,9,26,11,11,4
5169,12,True,1,8,8,1,3,1,1,1
5171,12,True,1,8,8,1,3,1,1,1
5173,17,True,3,8,3,6,19,8,8,3
5175,23,True,4,14,6,9,26,11,11,4
5177,14,True,1,1,1,1,2,0,1,1
5179,18,True,4,7,6,2,10,4,2,4
5181,9,True,0,-1,-1,0,0,0,0,0
5183,10,True,1,6,6,1,3,1,1,1
5185,10,True,0,-1,-1,0,0,0,0,0
5187,9,True,0,-1,-1,0,0,0,0,0
5189,18,True,3,9,4,6,19,8,8,3
5191,14,True,1,0,0,1,3,1,1,1
5193,17,True,1,10,10,1,2,0,1,1
5195,17,True,3,8,3,6,19,8,8,3
5197,24,True,5,15,7,9,27,11,11,5
5199,23,True,5,14,6,9,27,11,11,5
5201,24,True,5,15,7,9,27,11,11,5
5203,29,True,3,20,15,6,19,8,8,3
5205,5,True,0,-1,-1,0,0,0,0,0
5207,16,True,3,7,2,6,19,8,8,3
5209,9,True,0,-1,-1,0,0,0,0,0
5211,23,True,2,2,1,2,6,2,2,2
5213,17,True,2,8,6,3,11,5,4,2
5215,15,True,2,3,3,1,5,2,1,2
5217,27,True,4,18,10,9,26,11,11,4
5219,9,True,1,1,1,1,4,2,1,1
5221,10,True,1,6,6,1,3,1,1,1
5223,11,True,2,1,0,2,7,3,2,2
5225,15,True,1,1,1,1,4,1,2,1
5227,11,True,1,7,7,1,3,1,1,1
5229,29,True,5,3,2,2,12,5,2,5
5231,24,True,1,0,0,1,4,2,1,1
5233,5,True,0,-1,-1,0,0,0,0,0
5235,18,True,0,-1,-1,0,0,0,0,0
5237,25,True,4,16,8,9,26,11,11,4
5239,17,True,2,8,6,3,11,5,4,2
5241,16,True,3,5,1,5,14,5,6,3
5243,12,True,1,4,4,1,2,0,1,1
5245,17,True,2,1,1,1,4,1,1,2
5247,16,True,3,0,0,1,7,3,1,3
5249,25,True,4,8,4,5,18,7,7,4
5251,6,True,0,-1,-1,0,0,0,0,0
5253,6,True,0,-1,-1,0,0,0,0,0
5255,14,True,4,3,2,2,10,4,2,4
5257,25,True,5,2,1,2,12,5,2,5
5259,18,True,2,9,7,3,11,5,4,2
5261,12,True,1,5,5,1,2,0,1,1
5263,29,True,6,12,3,10,32,13,13,6
5265,9,True,0,-1,-1,0,0,0,0,0
5267,8,True,0,-1,-1,0,0,0,0,0
5269,11,True,1,4,4,1,2,0,1,1
5271,10,True,1,3,3,1,2,0,1,1
5273,26,True,3,17,12,6,19,8,8,3
5275,18,True,2,9,7,3,12,5,5,2
5277,25,True,3,16,11,6,19,8,8,3
5279,12,True,2,0,0,1,5,2,1,2
5281,11,True,1,7,7,1,3,1,1,1
5283,18,True,2,2,1,2,6,2,2,2
5285,18,True,2,2,1,2,7,2,3,2
5287,12,True,1,0,0,1,3,1,1,1
5289,9,True,3,1,1,1,7,2,2,3
5291,12,True,1,5,5,1,2,0,1,1
5293,12,True,1,5,5,1,2,0,1,1
5295,23,True,3,14,9,6,19,8,8,3
5297,20,True,1,3,3,1,4,2,1,1
5299,19,True,1,2,2,1,4,2,1,1
5301,6,True,0,-1,-1,0,0,0,0,0
5303,27,True,3,18,13,6,19,8,8,3
5305,19,True,1,1,1,1,2,0,1,1
5307,23,True,3,14,9,6,19,8,8,3
5309,12,True,1,1,1,1,3,1,1,1
5311,19,True,2,0,0,1,6,3,1,2
5313,13,True,0,-1,-1,0,0,0,0,0
5315,10,True,0,-1,-1,0,0,0,0,0
5317,11,True,0,-1,-1,0,0,0,0,0
5319,12,True,1,0,0,1,3,1,1,1
5321,10,True,0,-1,-1,0,0,0,0,0
5323,10,True,0,-1,-1,0,0,0,0,0
5325,12,True,0,-1,-1,0,0,0,0,0
5327,16,True,4,7,7,1,7,2,1,4
5329,11,True,0,-1,-1,0,0,0,0,0
5331,10,True,0,-1,-1,0,0,0,0,0
5333,19,True,4,10,2,9,26,11,11,4
5335,8,True,1,3,3,1,2,0,1,1
5337,11,True,0,-1,-1,0,0,0,0,0
5339,9,True,0,-1,-1,0,0,0,0,0
5341,22,True,3,13,8,6,19,8,8,3
5343,9,True,1,0,0,1,5,2,2,1
5345,26,True,4,9,7,3,12,5,3,4
5347,18,True,4,9,1,9,26,11,11,4
5349,8,True,1,1,1,1,2,0,1,1
5351,33,True,5,24,16,9,27,11,11,5
5353,8,True,2,1,1,1,4,1,1,2
5355,22,True,1,3,3,1,2,0,1,1
5357,6,True,0,-1,-1,0,0,0,0,0
5359,31,True,4,1,0,2,12,5,3,4
5361,13,True,1,4,4,1,6,3,2,1
5363,8,True,1,3,3,1,2,0,1,1
5365,12,True,1,3,3,1,6,3,2,1
5367,13,True,2,4,4,1,4,1,1,2
5369,13,True,2,4,4,1,4,1,1,2
5371,24,True,3,7,6,2,8,3,2,3
5373,17,True,4,6,6,1,8,3,1,4
5375,16,True,4,5,5,1,8,3,1,4
5377,14,True,1,5,5,1,5,2,2,1
5379,14,True,1,2,2,1,4,2,1,1
5381,20,True,3,11,6,6,19,8,8,3
5383,14,True,1,0,0,1,3,1,1,1
5385,29,True,3,20,15,6,19,8,8,3
5387,25,True,3,4,4,1,8,3,2,3
5389,14,True,1,10,10,1,3,1,1,1
5391,4,True,0,-1,-1,0,0,0,0,0
5393,15,True,1,11,11,1,3,1,1,1
5395,30,True,5,21,13,9,27,11,11,5
5397,18,True,3,9,4,6,19,8,8,3
5399,13,True,1,9,9,1,3,1,1,1
5401,29,True,5,20,12,9,27,11,11,5
5403,13,True,3,1,1,1,6,2,1,3
5405,28,True,5,19,11,9,27,11,11,5
5407,12,True,2,0,0,1,5,2,1,2
5409,20,True,3,11,6,6,19,8,8,3
5411,9,True,0,-1,-1,0,0,0,0,0
5413,9,True,0,-1,-1,0,0,0,0,0
5415,9,True,1,0,0,1,3,1,1,1
5417,12,True,1,1,1,1,5,2,2,1
5419,10,True,0,-1,-1,0,0,0,0,0
5421,19,True,3,10,5,6,19,8,8,3
5423,14,True,1,0,0,1,4,2,1,1
5425,28,True,4,19,11,9,26,11,11,4
5427,28,True,4,19,11,9,26,11,11,4
5429,11,True,3,2,2,1,6,2,1,3
5431,14,True,1,10,10,1,3,1,1,1
5433,29,True,4,20,12,9,26,11,11,4
5435,18,True,3,9,4,6,19,8,8,3
5437,16,True,1,12,12,1,3,1,1,1
5439,13,True,1,0,0,1,6,3,2,1
5441,12,True,2,3,3,1,5,2,1,2
5443,14,True,1,10,10,1,3,1,1,1
5445,10,True,0,-1,-1,0,0,0,0,0
5447,20,True,3,3,2,2,8,3,2,3
5449,26,True,4,17,9,9,26,11,11,4
5451,10,True,0,-1,-1,0,0,0,0,0
5453,13,True,4,2,2,1,8,3,1,4
5455,20,True,4,9,8,2,10,4,2,4
5457,12,True,2,2,2,1,9,4,3,2
5459,29,True,6,3,1,3,17,7,4,6
5461,2,True,0,-1,-1,0,0,0,0,0
5463,21,True,3,12,7,6,19,8,8,3
5465,27,True,5,18,10,9,27,11,11,5
5467,20,True,3,11,6,6,19,8,8,3
5469,9,True,0,-1,-1,0,0,0,0,0
5471,24,True,5,15,7,9,27,11,11,5
5473,27,True,5,18,10,9,27,11,11,5
5475,8,True,0,-1,-1,0,0,0,0,0
5477,8,True,0,-1,-1,0,0,0,0,0
5479,32,True,3,1,0,2,8,3,2,3
5481,7,True,0,-1,-1,0,0,0,0,0
5483,20,True,3,11,6,6,19,8,8,3
5485,21,True,2,12,10,3,11,5,4,2
5487,10,True,1,0,0,1,4,2,1,1
5489,23,True,5,14,6,9,27,11,11,5
5491,8,True,0,-1,-1,0,0,0,0,0
5493,22,True,5,13,5,9,27,11,11,5
5495,12,True,1,4,4,1,4,2,1,1
5497,21,True,2,2,2,1,5,2,1,2
5499,13,True,1,9,9,1,3,1,1,1
5501,7,True,0,-1,-1,0,0,0,0,0
5503,28,True,4,17,17,1,8,3,1,4
5505,32,True,5,6,5,2,12,5,2,5
5507,22,True,5,13,5,9,27,11,11,5
5509,28,True,4,19,11,9,26,11,11,4
5511,21,True,5,12,4,9,27,11,11,5
5513,20,True,1,3,3,1,2,0,1,1
5515,27,True,4,18,10,9,26,11,11,4
5517,22,True,4,13,5,9,26,11,11,4
5519,25,True,4,16,8,9,26,11,11,4
5521,23,True,5,14,6,9,27,11,11,5
5523,21,True,5,12,4,9,27,11,11,5
5525,21,True,4,12,4,9,26,11,11,4
5527,7,True,0,-1,-1,0,0,0,0,0
5529,9,True,0,-1,-1,0,0,0,0,0
5531,8,True,0,-1,-1,0,0,0,0,0
5533,16,True,4,5,4,2,10,4,2,4
5535,21,True,4,12,12,1,7,2,1,4
5537,16,True,1,9,9,1,2,0,1,1
5539,14,True,1,7,7,1,2,0,1,1
5541,13,True,1,6,6,1,2,0,1,1
5543,33,True,6,16,7,10,32,13,13,6
5545,10,True,0,-1,-1,0,0,0,0,0
5547,11,True,0,-1,-1,0,0,0,0,0
5549,15,True,1,8,8,1,2,0,1,1
5551,13,True,1,0,0,1,4,2,1,1
5553,22,True,4,13,5,9,26,11,11,4
5555,21,True,4,12,4,9,26,11,11,4
5557,21,True,5,12,4,9,27,11,11,5
5559,26,True,3,17,12,6,19,8,8,3
5561,21,True,4,12,4,9,26,11,11,4
5563,22,True,2,6,5,2,6,2,2,2
5565,20,True,2,4,3,2,7,2,3,2
5567,39,True,4,2,0,3,13,5,4,4
5569,21,True,5,12,4,9,27,11,11,5
5571,13,True,2,1,1,1,5,2,1,2
5573,8,True,1,4,4,1,3,1,1,1
5575,15,True,1,0,0,1,3,1,1,1
5577,8,True,0,-1,-1,0,0,0,0,0
5579,9,True,0,-1,-1,0,0,0,0,0
5581,23,True,4,14,6,9,26,11,11,4
5583,11,True,1,4,4,1,2,0,1,1
5585,22,True,4,13,5,9,26,11,11,4
5587,21,True,1,1,1,1,3,1,1,1
5589,7,True,1,3,3,1,3,1,1,1
5591,13,True,1,2,2,1,3,1,1,1
5593,13,True,0,-1,-1,0,0,0,0,0
5595,20,True,4,11,3,9,26,11,11,4
5597,14,True,0,-1,-1,0,0,0,0,0
5599,12,True,2,1,0,2,8,3,3,2
5601,13,True,0,-1,-1,0,0,0,0,0
5603,7,True,1,3,3,1,3,1,1,1
5605,18,True,4,9,9,1,7,2,1,4
5607,12,True,1,0,0,1,3,1,1,1
5609,21,True,3,4,1,4,16,7,6,3
5611,27,True,3,2,2,1,7,3,1,3
5613,23,True,4,14,6,9,26,11,11,4
5615,12,True,2,1,0,2,7,3,2,2
5617,15,True,2,6,4,3,11,5,4,2
5619,24,True,3,5,4,2,8,3,2,3
5621,13,True,2,4,2,3,11,5,4,2
5623,11,True,1,2,2,1,3,1,1,1
5625,25,True,3,16,11,6,19,8,8,3
5627,12,True,1,3,3,1,3,1,1,1
5629,26,True,4,9,7,3,12,5,3,4
5631,21,True,3,12,7,6,19,8,8,3
5633,12,True,1,7,7,1,4,1,2,1
5635,14,True,2,5,3,3,12,5,5,2
5637,15,True,1,6,6,1,6,3,2,1
5639,15,True,2,6,4,3,10,4,4,2
5641,8,True,0,-1,-1,0,0,0,0,0
5643,15,True,1,6,6,1,6,3,2,1
5645,8,True,1,4,4,1,3,1,1,1
5647,9,True,1,2,2,1,2,0,1,1
5649,8,True,1,4,4,1,3,1,1,1
5651,16,True,2,7,7,1,4,1,1,2
5653,21,True,3,12,7,6,19,8,8,3
5655,18,True,4,7,7,1,8,3,1,4
5657,19,True,4,8,8,1,8,3,1,4
5659,13,True,1,1,1,1,5,2,2,1
5661,7,True,1,3,3,1,3,1,1,1
5663,15,True,2,0,0,1,5,2,1,2
5665,24,True,3,15,10,6,19,8,8,3
5667,21,True,3,12,7,6,19,8,8,3
5669,16,True,1,12,12,1,3,1,1,1
5671,16,True,1,0,0,1,3,1,1,1
5673,31,True,8,9,7,3,18,7,3,8
5675,22,True,3,13,8,6,19,8,8,3
5677,21,True,3,12,7,6,19,8,8,3
5679,26,True,3,2,0,3,10,4,3,3
5681,16,True,2,2,2,1,5,2,1,2
5683,16,True,1,2,2,1,4,2,1,1
5685,8,True,0,-1,-1,0,0,0,0,0
5687,30,True,5,21,13,9,27,11,11,5
5689,22,True,3,13,8,6,19,8,8,3
5691,30,True,5,21,13,9,27,11,11,5
5693,13,True,4,4,4,1,7,2,1,4
5695,27,True,5,18,10,9,27,11,11,5
5697,14,True,4,5,5,1,7,2,1,4
5699,12,True,4,3,3,1,7,2,1,4
5701,7,True,0,-1,-1,0,0,0,0,0
5703,12,True,1,0,0,1,3,1,1,1
5705,14,True,1,3,3,1,5,2,2,1
5707,6,True,0,-1,-1,0,0,0,0,0
5709,6,True,0,-1,-1,0,0,0,0,0
5711,19,True,3,10,5,6,19,8,8,3
5713,31,True,4,22,14,9,26,11,11,4
5715,29,True,4,20,12,9,26,11,11,4
5717,7,True,0,-1,-1,0,0,0,0,0
5719,18,True,1,3,3,1,3,1,1,1
5721,18,True,1,3,3,1,2,0,1,1
5723,31,True,4,22,14,9,26,11,11,4
5725,4,True,0,-1,-1,0,0,0,0,0
5727,17,True,1,13,13,1,3,1,1,1
5729,5,True,0,-1,-1,0,0,0,0,0
5731,4,True,0,-1,-1,0,0,0,0,0
5733,5,True,0,-1,-1,0,0,0,0,0
5735,29,True,5,20,12,9,27,11,11,5
5737,22,True,3,5,4,2,8,3,2,3
5739,29,True,4,20,12,9,26,11,11,4
5741,15,True,4,4,4,1,8,3,1,4
5743,18,True,1,0,0,1,4,2,1,1
5745,8,True,0,-1,-1,0,0,0,0,0
5747,32,True,7,6,4,3,18,7,4,7
5749,10,True,0,-1,-1,0,0,0,0,0
5751,11,True,1,2,2,1,3,1,1,1
5753,25,True,3,16,11,6,19,8,8,3
5755,12,True,0,-1,-1,0,0,0,0,0
5757,22,True,3,13,8,6,19,8,8,3
5759,19,True,5,4,0,5,18,7,6,5
5761,27,True,5,18,10,9,27,11,11,5
5763,7,True,0,-1,-1,0,0,0,0,0
5765,27,True,5,18,10,9,27,11,11,5
5767,11,True,1,0,0,1,3,1,1,1
5769,28,True,5,19,11,9,27,11,11,5
5771,26,True,5,17,9,9,27,11,11,5
5773,11,True,1,7,7,1,3,1,1,1
5775,21,True,3,12,7,6,19,8,8,3
5777,25,True,5,16,8,9,27,11,11,5
5779,24,True,5,15,7,9,27,11,11,5
5781,9,True,1,5,5,1,3,1,1,1
5783,10,True,1,6,6,1,3,1,1,1
5785,15,True,1,3,3,1,3,1,1,1
5787,13,True,2,1,1,1,4,1,1,2
5789,11,True,0,-1,-1,0,0,0,0,0
5791,18,True,3,1,0,2,8,3,2,3
5793,10,True,0,-1,-1,0,0,0,0,0
5795,24,True,5,15,7,9,27,11,11,5
5797,23,True,5,14,6,9,27,11,11,5
5799,33,True,5,7,6,2,12,5,2,5
5801,12,True,1,8,8,1,3,1,1,1
5803,31,True,4,22,14,9,26,11,11,4
5805,25,True,4,16,8,9,26,11,11,4
5807,22,True,1,0,0,1,4,2,1,1
5809,12,True,1,8,8,1,3,1,1,1
5811,11,True,1,7,7,1,3,1,1,1
5813,12,True,1,8,8,1,3,1,1,1
5815,25,True,5,16,8,9,27,11,11,5
5817,25,True,4,16,8,9,26,11,11,4
5819,23,True,4,14,6,9,26,11,11,4
5821,24,True,4,15,7,9,26,11,11,4
5823,23,True,5,14,6,9,27,11,11,5
5825,13,True,1,9,9,1,3,1,1,1
5827,17,True,4,6,5,2,10,4,2,4
5829,9,True,0,-1,-1,0,0,0,0,0
5831,11,True,1,0,0,1,3,1,1,1
5833,15,True,1,2,2,1,2,0,1,1
5835,15,True,1,8,8,1,2,0,1,1
5837,9,True,0,-1,-1,0,0,0,0,0
5839,34,True,6,17,8,10,32,13,13,6
5841,18,True,1,11,11,1,2,0,1,1
5843,16,True,1,9,9,1,2,0,1,1
5845,16,True,3,7,2,6,19,8,8,3
5847,22,True,5,13,5,9,27,11,11,5
5849,23,True,5,14,6,9,27,11,11,5
5851,23,True,4,14,6,9,26,11,11,4
5853,23,True,5,14,6,9,27,11,11,5
5855,28,True,3,19,14,6,19,8,8,3
5857,23,True,4,14,6,9,26,11,11,4
5859,15,True,3,6,1,6,19,8,8,3
5861,8,True,0,-1,-1,0,0,0,0,0
5863,22,True,2,1,0,2,6,2,2,2
5865,18,True,1,1,1,1,4,2,1,1
5867,16,True,2,4,4,1,5,2,1,2
5869,26,True,4,17,9,9,26,11,11,4
5871,13,True,1,0,0,1,4,2,1,1
5873,17,True,2,8,6,3,11,5,4,2
5875,11,True,1,2,2,1,4,2,1,1
5877,9,True,1,5,5,1,3,1,1,1
5879,14,True,1,3,3,1,3,1,1,1
5881,10,True,1,6,6,1,3,1,1,1
5883,23,True,4,14,6,9,26,11,11,4
5885,28,True,4,2,1,2,11,5,2,4
5887,22,True,4,0,0,1,8,3,1,4
5889,18,True,2,9,7,3,11,5,4,2
5891,16,True,0,-1,-1,0,0,0,0,0
5893,17,True,2,8,6,3,11,5,4,2
5895,16,True,1,0,0,1,3,1,1,1
5897,15,True,2,4,3,2,8,3,3,2
5899,11,True,1,3,3,1,2,0,1,1
5901,24,True,4,15,7,9,26,11,11,4
5903,15,True,2,6,4,3,11,5,4,2
5905,25,True,4,16,8,9,26,11,11,4
5907,23,True,4,6,2,5,18,7,7,4
5909,5,True,0,-1,-1,0,0,0,0,0
5911,23,True,4,14,6,9,26,11,11,4
5913,14,True,3,3,2,2,9,4,2,3
5915,24,True,4,1,1,1,9,4,1,4
5917,17,True,2,8,6,3,11,5,4,2
5919,26,True,3,7,6,2,8,3,2,3
5921,30,True,6,13,4,10,32,13,13,6
5923,8,True,0,-1,-1,0,0,0,0,0
5925,7,True,0,-1,-1,0,0,0,0,0
5927,14,True,1,0,0,1,3,1,1,1
5929,27,True,4,10,8,3,12,5,3,4
5931,8,True,0,-1,-1,0,0,0,0,0
5933,25,True,3,16,11,6,19,8,8,3
5935,17,True,2,8,6,3,12,5,5,2
5937,24,True,3,15,10,6,19,8,8,3
5939,24,True,3,15,10,6,19,8,8,3
5941,11,True,1,4,4,1,2,0,1,1
5943,9,True,1,5,5,1,3,1,1,1
5945,11,True,1,7,7,1,3,1,1,1
5947,24,True,3,15,10,6,19,8,8,3
5949,18,True,2,9,9,1,4,1,1,2
5951,8,True,2,0,0,1,6,2,2,2
5953,11,True,1,4,4,1,2,0,1,1
5955,23,True,3,14,9,6,19,8,8,3
5957,10,True,1,3,3,1,2,0,1,1
5959,21,True,4,10,10,1,8,3,1,4
5961,9,True,1,3,3,1,3,1,1,1
5963,10,True,1,3,3,1,2,0,1,1
5965,19,True,1,2,2,1,3,1,1,1
5967,26,True,3,17,12,6,19,8,8,3
5969,18,True,1,14,14,1,3,1,1,1
5971,22,True,3,13,8,6,19,8,8,3
5973,4,True,0,-1,-1,0,0,0,0,0
5975,10,True,0,-1,-1,0,0,0,0,0
5977,11,True,0,-1,-1,0,0,0,0,0
5979,10,True,1,1,1,1,3,1,1,1
5981,10,True,0,-1,-1,0,0,0,0,0
5983,8,True,0,-1,-1,0,0,0,0,0
5985,19,True,1,2,2,1,3,1,1,1
5987,9,True,0,-1,-1,0,0,0,0,0
5989,9,True,0,-1,-1,0,0,0,0,0
5991,18,True,3,1,0,2,10,4,3,3
5993,16,True,4,7,7,1,7,2,1,4
5995,15,True,4,6,6,1,7,2,1,4
5997,10,True,0,-1,-1,0,0,0,0,0
5999,29,True,5,20,12,9,27,11,11,5
6001,10,True,0,-1,-1,0,0,0,0,0
6003,8,True,1,3,3,1,2,0,1,1
6005,10,True,0,-1,-1,0,0,0,0,0
6007,8,True,0,-1,-1,0,0,0,0,0
6009,16,True,1,5,5,1,5,2,2,1
6011,9,True,0,-1,-1,0,0,0,0,0
6013,21,True,3,12,7,6,19,8,8,3
6015,24,True,4,7,5,3,12,5,3,4
6017,33,True,4,24,16,9,26,11,11,4
6019,7,True,0,-1,-1,0,0,0,0,0
6021,7,True,1,2,2,1,4,1,2,1
6023,7,True,1,0,0,1,3,1,1,1
6025,21,True,1,2,2,1,2,0,1,1
6027,33,True,4,24,16,9,26,11,11,4
6029,5,True,0,-1,-1,0,0,0,0,0
6031,20,True,1,2,2,1,4,2,1,1
6033,9,True,1,4,4,1,2,0,1,1
6035,7,True,1,2,2,1,2,0,1,1
6037,11,True,1,2,2,1,6,3,2,1
6039,11,True,2,2,2,1,4,1,1,2
6041,12,True,2,3,3,1,4,1,1,2
6043,23,True,3,6,5,2,8,3,2,3
6045,17,True,4,6,6,1,8,3,1,4
6047,16,True,4,5,5,1,8,3,1,4
6049,13,True,1,4,4,1,3,1,1,1
6051,11,True,1,2,2,1,5,2,2,1
6053,13,True,1,1,1,1,4,2,1,1
6055,16,True,2,3,0,4,10,4,4,2
6057,32,True,6,6,4,3,17,7,4,6
6059,28,True,3,19,14,6,19,8,8,3
6061,24,True,3,3,3,1,8,3,2,3
6063,23,True,3,4,2,3,10,4,3,3
6065,5,True,0,-1,-1,0,0,0,0,0
6067,4,True,0,-1,-1,0,0,0,0,0
6069,13,True,1,9,9,1,3,1,1,1
6071,29,True,5,20,12,9,27,11,11,5
6073,15,True,1,11,11,1,3,1,1,1
6075,14,True,1,10,10,1,3,1,1,1
6077,28,True,5,19,11,9,27,11,11,5
6079,12,True,3,0,0,1,6,2,1,3
6081,13,True,1,9,9,1,3,1,1,1
6083,26,True,5,17,9,9,27,11,11,5
6085,19,True,3,10,5,6,19,8,8,3
6087,27,True,5,18,10,9,27,11,11,5
6089,13,True,1,2,2,1,3,1,1,1
6091,9,True,0,-1,-1,0,0,0,0,0
6093,9,True,0,-1,-1,0,0,0,0,0
6095,11,True,1,7,7,1,3,1,1,1
6097,9,True,0,-1,-1,0,0,0,0,0
6099,20,True,4,3,1,3,11,4,3,4
6101,17,True,3,8,3,6,19,8,8,3
6103,25,True,5,16,8,9,27,11,11,5
6105,19,True,3,10,5,6,19,8,8,3
6107,25,True,5,16,8,9,27,11,11,5
6109,27,True,4,18,10,9,26,11,11,4
6111,13,True,1,0,0,1,5,2,2,1
6113,28,True,4,19,11,9,26,11,11,4
6115,17,True,3,8,3,6,19,8,8,3
6117,15,True,1,11,11,1,3,1,1,1
6119,13,True,1,0,0,1,3,1,1,1
6121,29,True,8,7,1,7,27,12,7,8
6123,30,True,4,21,13,9,26,11,11,4
6125,14,True,1,10,10,1,3,1,1,1
6127,12,True,1,0,0,1,4,2,1,1
6129,11,True,2,2,2,1,4,1,1,2
6131,25,True,4,16,8,9,26,11,11,4
6133,9,True,0,-1,-1,0,0,0,0,0
6135,15,True,1,2,2,1,2,0,1,1
6137,20,True,4,9,8,2,10,4,2,4
6139,20,True,4,9,8,2,10,4,2,4
6141,11,True,1,1,1,1,8,4,3,1
6143,27,True,5,1,0,2,17,7,5,5
6145,13,True,0,-1,-1,0,0,0,0,0
6147,20,True,3,11,6,6,19,8,8,3
6149,26,True,5,17,9,9,27,11,11,5
6151,19,True,3,10,5,6,19,8,8,3
6153,19,True,1,12,12,1,2,0,1,1
6155,25,True,5,16,8,9,27,11,11,5
6157,8,True,0,-1,-1,0,0,0,0,0
6159,24,True,5,15,7,9,27,11,11,5
6161,8,True,0,-1,-1,0,0,0,0,0
6163,25,True,5,16,8,9,27,11,11,5
6165,7,True,0,-1,-1,0,0,0,0,0
6167,6,True,0,-1,-1,0,0,0,0,0
6169,19,True,3,10,5,6,19,8,8,3
6171,43,True,4,5,1,5,16,6,6,4
6173,20,True,2,11,9,3,11,5,4,2
6175,23,True,2,0,0,1,5,2,1,2
6177,19,True,2,10,8,3,11,5,4,2
6179,6,True,0,-1,-1,0,0,0,0,0
6181,11,True,1,3,3,1,4,2,1,1
6183,27,True,4,18,10,9,26,11,11,4
6185,20,True,2,1,1,1,5,2,1,2
6187,12,True,1,8,8,1,3,1,1,1
6189,8,True,0,-1,-1,0,0,0,0,0
6191,29,True,4,18,18,1,8,3,1,4
6193,30,True,6,4,2,3,15,6,3,6
6195,30,True,5,4,3,2,12,5,2,5
6197,21,True,5,12,4,9,27,11,11,5
6199,25,True,1,1,1,1,4,2,1,1
6201,7,True,0,-1,-1,0,0,0,0,0
6203,19,True,1,2,2,1,2,0,1,1
6205,26,True,4,17,9,9,26,11,11,4
6207,17,True,1,0,0,1,6,2,3,1
6209,26,True,4,17,9,9,26,11,11,4
6211,25,True,4,16,8,9,26,11,11,4
6213,21,True,5,12,4,9,27,11,11,5
6215,13,True,1,0,0,1,3,1,1,1
6217,17,True,2,8,6,3,11,5,4,2
6219,20,True,5,11,3,9,27,11,11,5
6221,8,True,0,-1,-1,0,0,0,0,0
6223,7,True,0,-1,-1,0,0,0,0,0
6225,7,True,0,-1,-1,0,0,0,0,0
6227,15,True,4,4,3,2,10,4,2,4
6229,20,True,4,11,3,9,26,11,11,4
6231,13,True,1,6,6,1,2,0,1,1
6233,13,True,1,6,6,1,2,0,1,1
6235,27,True,3,8,7,2,8,3,2,3
6237,13,True,1,6,6,1,2,0,1,1
6239,9,True,0,-1,-1,0,0,0,0,0
6241,10,True,0,-1,-1,0,0,0,0,0
6243,12,True,1,5,5,1,2,0,1,1
6245,13,True,1,6,6,1,2,0,1,1
6247,27,True,4,5,5,1,8,3,1,4
6249,27,True,3,18,13,6,19,8,8,3
6251,20,True,2,11,9,3,12,5,5,2
6253,26,True,3,17,12,6,19,8,8,3
6255,17,True,2,1,0,2,6,2,2,2
6257,20,True,4,11,3,9,26,11,11,4
6259,21,True,2,5,4,2,6,2,2,2
6261,20,True,5,11,3,9,27,11,11,5
6263,19,True,2,3,2,2,7,2,3,2
6265,14,True,1,2,2,1,3,1,1,1
6267,11,True,2,3,3,1,5,2,1,2
6269,13,True,1,1,1,1,4,2,1,1
6271,17,True,3,0,0,1,7,3,1,3
6273,13,True,1,6,6,1,2,0,1,1
6275,7,True,0,-1,-1,0,0,0,0,0
6277,8,True,0,-1,-1,0,0,0,0,0
6279,20,True,1,0,0,1,3,1,1,1
6281,11,True,1,4,4,1,2,0,1,1
6283,29,True,3,20,15,6,19,8,8,3
6285,21,True,4,12,4,9,26,11,11,4
6287,19,True,1,1,1,1,2,0,1,1
6289,14,True,1,3,3,1,4,2,1,1
6291,13,True,1,2,2,1,3,1,1,1
6293,12,True,0,-1,-1,0,0,0,0,0
6295,19,True,4,10,2,9,26,11,11,4
6297,13,True,0,-1,-1,0,0,0,0,0
6299,12,True,2,1,1,1,4,1,1,2
6301,12,True,0,-1,-1,0,0,0,0,0
6303,23,True,3,1,0,2,12,5,4,3
6305,12,True,0,-1,-1,0,0,0,0,0
6307,12,True,0,-1,-1,0,0,0,0,0
6309,17,True,4,8,8,1,7,2,1,4
6311,20,True,3,3,0,4,15,6,6,3
6313,26,True,3,1,1,1,7,3,1,3
6315,13,True,0,-1,-1,0,0,0,0,0
6317,22,True,4,13,5,9,26,11,11,4
6319,31,True,5,22,14,9,27,11,11,5
6321,24,True,3,5,4,2,8,3,2,3
6323,23,True,3,4,3,2,8,3,2,3
6325,14,True,2,5,3,3,11,5,4,2
6327,10,True,0,-1,-1,0,0,0,0,0
6329,24,True,3,15,10,6,19,8,8,3
6331,11,True,1,2,2,1,3,1,1,1
6333,27,True,4,10,8,3,12,5,3,4
6335,22,True,3,0,0,1,6,2,1,3
6337,11,True,1,4,4,1,2,0,1,1
6339,9,True,1,4,4,1,4,1,2,1
6341,13,True,2,4,2,3,12,5,5,2
6343,9,True,1,0,0,1,3,1,1,1
6345,13,True,2,4,2,3,10,4,4,2
6347,7,True,0,-1,-1,0,0,0,0,0
6349,14,True,1,5,5,1,6,3,2,1
6351,32,True,4,2,1,2,11,4,3,4
6353,10,True,1,3,3,1,2,0,1,1
6355,9,True,1,4,4,1,2,0,1,1
6357,6,True,1,2,2,1,3,1,1,1
6359,14,True,2,5,5,1,4,1,1,2
6361,18,True,4,7,7,1,8,3,1,4
6363,14,True,2,5,5,1,4,1,1,2
6365,18,True,4,7,7,1,8,3,1,4
6367,12,True,1,0,0,1,5,2,2,1
6369,18,True,4,2,2,1,9,3,2,4
6371,5,True,1,1,1,1,3,1,1,1
6373,22,True,3,13,8,6,19,8,8,3
6375,37,True,7,11,9,3,18,7,4,7
6377,16,True,1,1,1,1,4,2,1,1
6379,16,True,1,2,2,1,3,1,1,1
6381,16,True,1,12,12,1,3,1,1,1
6383,30,True,8,8,6,3,18,7,3,8
6385,21,True,3,12,7,6,19,8,8,3
6387,7,True,1,2,2,1,3,1,1,1
6389,19,True,3,10,5,6,19,8,8,3
6391,16,True,1,12,12,1,3,1,1,1
6393,32,True,5,23,15,9,27,11,11,5
6395,22,True,5,9,6,4,14,5,4,5
6397,14,True,1,10,10,1,3,1,1,1
6399,28,True,5,19,11,9,27,11,11,5
6401,21,True,3,12,7,6,19,8,8,3
6403,29,True,5,20,12,9,27,11,11,5
6405,13,True,4,4,4,1,7,2,1,4
6407,28,True,5,19,11,9,27,11,11,5
6409,22,True,3,13,8,6,19,8,8,3
6411,12,True,0,-1,-1,0,0,0,0,0
6413,12,True,4,3,3,1,7,2,1,4
6415,9,True,0,-1,-1,0,0,0,0,0
6417,13,True,4,4,4,1,7,2,1,4
6419,13,True,1,2,2,1,5,2,2,1
6421,5,True,0,-1,-1,0,0,0,0,0
6423,19,True,3,10,5,6,19,8,8,3
6425,19,True,3,10,5,6,19,8,8,3
6427,14,True,1,1,1,1,6,2,3,1
6429,30,True,4,21,13,9,26,11,11,4
6431,20,True,3,11,6,6,19,8,8,3
6433,13,True,3,4,4,1,6,2,1,3
6435,17,True,1,2,2,1,3,1,1,1
6437,17,True,1,2,2,1,2,0,1,1
6439,30,True,4,21,13,9,26,11,11,4
6441,19,True,3,10,5,6,19,8,8,3
6443,18,True,1,14,14,1,3,1,1,1
6445,5,True,0,-1,-1,0,0,0,0,0
6447,18,True,1,0,0,1,4,2,1,1
6449,12,True,0,-1,-1,0,0,0,0,0
6451,12,True,0,-1,-1,0,0,0,0,0
6453,4,True,0,-1,-1,0,0,0,0,0
6455,21,True,3,4,3,2,8,3,2,3
6457,28,True,4,19,11,9,26,11,11,4
6459,13,True,5,2,2,1,9,3,1,5
6461,14,True,4,3,3,1,8,3,1,4
6463,27,True,4,18,10,9,26,11,11,4
6465,5,True,0,-1,-1,0,0,0,0,0
6467,30,True,7,4,2,3,18,7,4,7
6469,11,True,1,2,2,1,3,1,1,1
6471,26,True,8,4,2,3,18,7,3,8
6473,24,True,3,15,10,6,19,8,8,3
6475,11,True,0,-1,-1,0,0,0,0,0
6477,10,True,0,-1,-1,0,0,0,0,0
6479,21,True,3,12,7,6,19,8,8,3
6481,27,True,5,18,10,9,27,11,11,5
6483,25,True,5,16,8,9,27,11,11,5
6485,6,True,0,-1,-1,0,0,0,0,0
6487,10,True,0,-1,-1,0,0,0,0,0
6489,10,True,0,-1,-1,0,0,0,0,0
6491,27,True,5,18,10,9,27,11,11,5
6493,25,True,5,16,8,9,27,11,11,5
6495,8,True,0,-1,-1,0,0,0,0,0
6497,22,True,3,13,8,6,19,8,8,3
6499,23,True,5,14,6,9,27,11,11,5
6501,23,True,5,14,6,9,27,11,11,5
6503,11,True,2,1,0,2,8,3,3,2
6505,23,True,5,14,6,9,27,11,11,5
6507,10,True,0,-1,-1,0,0,0,0,0
6509,14,True,1,2,2,1,3,1,1,1
6511,12,True,2,0,0,1,4,1,1,2
6513,10,True,1,6,6,1,3,1,1,1
6515,10,True,0,-1,-1,0,0,0,0,0
6517,9,True,1,5,5,1,3,1,1,1
6519,8,True,0,-1,-1,0,0,0,0,0
6521,30,True,4,19,19,1,8,3,1,4
6523,33,True,6,7,5,3,15,6,3,6
6525,23,True,5,14,6,9,27,11,11,5
6527,11,True,1,7,7,1,3,1,1,1
6529,30,True,4,21,13,9,26,11,11,4
6531,24,True,4,15,7,9,26,11,11,4
6533,23,True,4,14,6,9,26,11,11,4
6535,23,True,4,14,6,9,26,11,11,4
6537,21,True,1,1,1,1,3,1,1,1
6539,28,True,4,19,11,9,26,11,11,4
6541,10,True,1,6,6,1,3,1,1,1
6543,23,True,5,14,6,9,27,11,11,5
6545,24,True,4,15,7,9,26,11,11,4
6547,22,True,4,13,5,9,26,11,11,4
6549,10,True,1,6,6,1,3,1,1,1
6551,22,True,4,13,5,9,26,11,11,4
6553,24,True,4,15,7,9,26,11,11,4
6555,9,True,1,1,1,1,4,1,2,1
6557,17,True,4,6,5,2,10,4,2,4
6559,8,True,2,0,0,1,5,2,1,2
6561,18,True,1,2,2,1,2,0,1,1
6563,14,True,1,1,1,1,2,0,1,1
6565,14,True,1,7,7,1,2,0,1,1
6567,16,True,1,0,0,1,3,1,1,1
6569,34,True,6,17,8,10,32,13,13,6
6571,12,True,0,-1,-1,0,0,0,0,0
6573,17,True,1,10,10,1,2,0,1,1
6575,15,True,2,0,0,1,4,1,1,2
6577,23,True,5,14,6,9,27,11,11,5
6579,22,True,5,13,5,9,27,11,11,5
6581,22,True,5,13,5,9,27,11,11,5
6583,22,True,4,13,5,9,26,11,11,4
6585,23,True,5,14,6,9,27,11,11,5
6587,28,True,3,19,14,6,19,8,8,3
6589,22,True,4,13,5,9,26,11,11,4
6591,40,True,4,2,0,3,11,4,3,4
6593,22,True,2,6,5,2,7,2,3,2
6595,20,True,2,1,1,1,6,2,2,2
6597,7,True,0,-1,-1,0,0,0,0,0
6599,17,True,1,0,0,1,3,1,1,1
6601,15,True,2,3,3,1,5,2,1,2
6603,10,True,1,6,6,1,3,1,1,1
6605,25,True,4,16,8,9,26,11,11,4
6607,16,True,1,0,0,1,4,1,2,1
6609,24,True,4,15,7,9,26,11,11,4
6611,10,True,1,1,1,1,3,1,1,1
6613,15,True,2,6,4,3,11,5,4,2
6615,12,True,1,1,1,1,3,1,1,1
6617,9,True,1,5,5,1,3,1,1,1
6619,22,True,4,13,5,9,26,11,11,4
6621,9,True,1,5,5,1,3,1,1,1
6623,27,True,3,1,0,2,10,4,3,3
6625,15,True,1,4,4,1,3,1,1,1
6627,15,True,2,6,4,3,11,5,4,2
6629,15,True,0,-1,-1,0,0,0,0,0
6631,21,True,4,12,4,9,26,11,11,4
6633,15,True,1,1,1,1,4,2,1,1
6635,14,True,2,3,2,2,8,3,3,2
6637,10,True,1,2,2,1,2,0,1,1
6639,12,True,2,0,0,1,4,1,1,2
6641,16,True,2,7,5,3,11,5,4,2
6643,20,True,4,11,11,1,7,2,1,4
6645,23,True,4,14,6,9,26,11,11,4
6647,22,True,3,5,2,4,16,7,6,3
6649,29,True,3,4,4,1,7,3,1,3
6651,8,True,1,1,1,1,2,0,1,1
6653,13,True,3,2,1,2,9,4,2,3
6655,23,True,4,0,0,1,9,4,1,4
6657,27,True,3,8,7,2,8,3,2,3
6659,15,True,2,6,4,3,11,5,4,2
6661,29,True,6,12,3,10,32,13,13,6
6663,13,True,1,0,0,1,3,1,1,1
6665,15,True,2,6,4,3,11,5,4,2
6667,29,True,5,12,3,10,31,13,13,5
6669,7,True,0,-1,-1,0,0,0,0,0
6671,26,True,4,9,7,3,12,5,3,4
6673,7,True,0,-1,-1,0,0,0,0,0
6675,13,True,1,1,1,1,2,0,1,1
6677,23,True,3,14,9,6,19,8,8,3
6679,16,True,1,7,7,1,6,3,2,1
6681,16,True,1,7,7,1,6,3,2,1
6683,15,True,2,6,4,3,10,4,4,2
6685,10,True,1,6,6,1,3,1,1,1
6687,9,True,2,0,0,1,5,2,1,2
6689,10,True,1,6,6,1,3,1,1,1
6691,23,True,3,14,9,6,19,8,8,3
6693,17,True,2,8,8,1,4,1,1,2
6695,8,True,1,0,0,1,3,1,1,1
6697,15,True,2,1,1,1,5,2,1,2
6699,23,True,3,14,9,6,19,8,8,3
6701,23,True,3,14,9,6,19,8,8,3
6703,16,True,2,0,0,1,4,1,1,2
6705,8,True,2,2,2,1,4,1,1,2
6707,8,True,1,2,2,1,3,1,1,1
6709,9,True,1,2,2,1,2,0,1,1
6711,16,True,2,1,1,1,5,2,1,2
6713,26,True,3,17,12,6,19,8,8,3
6715,23,True,3,14,9,6,19,8,8,3
6717,17,True,1,13,13,1,3,1,1,1
6719,20,True,3,11,6,6,19,8,8,3
6721,11,True,0,-1,-1,0,0,0,0,0
6723,9,True,0,-1,-1,0,0,0,0,0
6725,10,True,0,-1,-1,0,0,0,0,0
6727,9,True,1,0,0,1,3,1,1,1
6729,21,True,3,12,7,6,19,8,8,3
6731,9,True,0,-1,-1,0,0,0,0,0
6733,10,True,0,-1,-1,0,0,0,0,0
6735,17,True,1,0,0,1,4,1,2,1
6737,32,True,5,23,15,9,27,11,11,5
6739,31,True,5,22,14,9,27,11,11,5
6741,8,True,0,-1,-1,0,0,0,0,0
6743,15,True,4,6,6,1,7,2,1,4
6745,14,True,4,5,5,1,7,2,1,4
6747,32,True,5,23,15,9,27,11,11,5
6749,9,True,0,-1,-1,0,0,0,0,0
6751,23,True,3,14,9,6,19,8,8,3
6753,14,True,4,5,5,1,7,2,1,4
6755,6,True,1,1,1,1,2,0,1,1
6757,7,True,0,-1,-1,0,0,0,0,0
6759,12,True,1,0,0,1,3,1,1,1
6761,15,True,1,4,4,1,5,2,2,1
6763,8,True,0,-1,-1,0,0,0,0,0
6765,21,True,3,12,7,6,19,8,8,3
6767,24,True,4,7,5,3,12,5,3,4
6769,9,True,0,-1,-1,0,0,0,0,0
6771,31,True,4,22,14,9,26,11,11,4
6773,6,True,0,-1,-1,0,0,0,0,0
6775,8,True,0,-1,-1,0,0,0,0,0
6777,20,True,1,5,5,1,3,1,1,1
6779,20,True,1,1,1,1,2,0,1,1
6781,32,True,4,23,15,9,26,11,11,4
6783,30,True,4,21,13,9,26,11,11,4
6785,21,True,1,3,3,1,4,2,1,1
6787,9,True,0,-1,-1,0,0,0,0,0
6789,7,True,1,2,2,1,2,0,1,1
6791,6,True,1,0,0,1,3,1,1,1
6793,13,True,1,1,1,1,3,1,1,1
6795,7,True,0,-1,-1,0,0,0,0,0
6797,11,True,2,2,2,1,4,1,1,2
6799,22,True,3,5,4,2,8,3,2,3
6801,17,True,4,6,6,1,8,3,1,4
6803,16,True,4,5,5,1,8,3,1,4
6805,10,True,1,1,1,1,6,3,2,1
6807,10,True,1,1,1,1,3,1,1,1
6809,34,True,7,8,6,3,18,7,4,7
6811,16,True,3,5,1,5,13,5,5,3
6813,13,True,1,4,4,1,3,1,1,1
6815,31,True,6,5,3,3,17,7,4,6
6817,27,True,3,18,13,6,19,8,8,3
6819,22,True,4,3,1,3,11,4,3,4
6821,22,True,3,1,1,1,8,3,2,3
6823,22,True,5,4,0,5,16,6,5,5
6825,20,True,5,5,1,5,20,8,7,5
6827,29,True,5,20,12,9,27,11,11,5
6829,30,True,5,21,13,9,27,11,11,5
6831,8,True,2,0,0,1,4,1,1,2
6833,14,True,1,10,10,1,3,1,1,1
6835,13,True,1,9,9,1,3,1,1,1
6837,12,True,1,8,8,1,3,1,1,1
6839,27,True,5,18,10,9,27,11,11,5
6841,13,True,1,9,9,1,3,1,1,1
6843,24,True,3,15,10,6,19,8,8,3
6845,26,True,5,17,9,9,27,11,11,5
6847,10,True,3,0,0,1,6,2,1,3
6849,12,True,1,8,8,1,3,1,1,1
6851,12,True,1,1,1,1,3,1,1,1
6853,8,True,0,-1,-1,0,0,0,0,0
6855,16,True,1,0,0,1,3,1,1,1
6857,11,True,1,7,7,1,3,1,1,1
6859,12,True,1,2,2,1,3,1,1,1
6861,8,True,0,-1,-1,0,0,0,0,0
6863,19,True,3,2,0,3,11,4,4,3
6865,27,True,5,18,10,9,27,11,11,5
6867,25,True,5,16,8,9,27,11,11,5
6869,18,True,3,9,4,6,19,8,8,3
6871,24,True,5,15,7,9,27,11,11,5
6873,7,True,0,-1,-1,0,0,0,0,0
6875,13,True,1,9,9,1,3,1,1,1
6877,26,True,4,17,9,9,26,11,11,4
6879,26,True,4,17,9,9,26,11,11,4
6881,24,True,2,2,2,1,5,2,1,2
6883,17,True,3,8,3,6,19,8,8,3
6885,14,True,1,10,10,1,3,1,1,1
6887,28,True,8,6,0,7,26,11,7,8
6889,29,True,4,20,12,9,26,11,11,4
6891,27,True,5,18,10,9,27,11,11,5
6893,13,True,1,9,9,1,3,1,1,1
6895,18,True,3,1,0,2,8,3,2,3
6897,18,True,3,9,4,6,19,8,8,3
6899,24,True,4,15,7,9,26,11,11,4
6901,10,True,1,1,1,1,3,1,1,1
6903,14,True,1,10,10,1,3,1,1,1
6905,19,True,4,8,7,2,10,4,2,4
6907,19,True,4,8,7,2,10,4,2,4
6909,12,True,2,1,1,1,5,2,1,2
6911,28,True,5,2,0,3,15,6,4,5
6913,11,True,0,-1,-1,0,0,0,0,0
6915,10,True,0,-1,-1,0,0,0,0,0
6917,19,True,3,10,5,6,19,8,8,3
6919,36,True,6,19,10,10,32,13,13,6
6921,15,True,1,1,1,1,3,1,1,1
6923,18,True,1,11,11,1,2,0,1,1
6925,24,True,5,15,7,9,27,11,11,5
6927,16,True,3,7,2,6,19,8,8,3
6929,25,True,5,16,8,9,27,11,11,5
6931,24,True,5,15,7,9,27,11,11,5
6933,6,True,0,-1,-1,0,0,0,0,0
6935,23,True,5,14,6,9,27,11,11,5
6937,30,True,3,21,16,6,19,8,8,3
6939,14,True,4,1,1,1,7,2,1,4
6941,18,True,3,9,4,6,19,8,8,3
6943,42,True,4,4,0,5,16,6,6,4
6945,10,True,0,-1,-1,0,0,0,0,0
6947,18,True,2,9,7,3,11,5,4,2
6949,17,True,2,8,6,3,11,5,4,2
6951,19,True,1,0,0,1,3,1,1,1
6953,16,True,2,4,4,1,5,2,1,2
6955,28,True,4,19,11,9,26,11,11,4
6957,11,True,1,3,3,1,4,2,1,1
6959,19,True,2,0,0,1,4,1,1,2
6961,11,True,1,7,7,1,3,1,1,1
6963,11,True,1,7,7,1,3,1,1,1
6965,6,True,0,-1,-1,0,0,0,0,0
6967,15,True,1,4,4,1,3,1,1,1
6969,12,True,1,8,8,1,3,1,1,1
6971,10,True,1,6,6,1,3,1,1,1
6973,29,True,4,3,2,2,11,5,2,4
6975,24,True,2,0,0,1,6,2,2,2
6977,6,True,0,-1,-1,0,0,0,0,0
6979,18,True,1,1,1,1,2,0,1,1
6981,26,True,4,17,9,9,26,11,11,4
6983,18,True,1,0,0,1,3,1,1,1
6985,18,True,2,9,7,3,11,5,4,2
6987,26,True,4,17,9,9,26,11,11,4
6989,25,True,4,16,8,9,26,11,11,4
6991,12,True,1,0,0,1,4,1,2,1
6993,18,True,2,2,2,1,4,1,1,2
6995,16,True,2,7,5,3,11,5,4,2
6997,19,True,5,10,2,9,27,11,11,5
6999,24,True,4,7,3,5,18,7,7,4
7001,7,True,0,-1,-1,0,0,0,0,0
7003,26,True,4,17,9,9,26,11,11,4
7005,6,True,0,-1,-1,0,0,0,0,0
7007,13,True,4,2,1,2,10,4,2,4
7009,26,True,5,3,2,2,12,5,2,5
7011,12,True,1,5,5,1,2,0,1,1
7013,12,True,1,5,5,1,2,0,1,1
7015,26,True,3,7,6,2,8,3,2,3
7017,30,True,6,13,4,10,32,13,13,6
7019,10,True,0,-1,-1,0,0,0,0,0
7021,9,True,0,-1,-1,0,0,0,0,0
7023,31,True,5,14,5,10,31,13,13,5
7025,12,True,1,5,5,1,2,0,1,1
7027,12,True,1,5,5,1,2,0,1,1
7029,12,True,1,5,5,1,2,0,1,1
7031,26,True,3,17,12,6,19,8,8,3
7033,19,True,2,10,8,3,12,5,5,2
7035,19,True,1,1,1,1,2,0,1,1
7037,25,True,3,16,11,6,19,8,8,3
7039,12,True,2,0,0,1,7,3,2,2
7041,12,True,1,8,8,1,3,1,1,1
7043,19,True,2,3,2,2,6,2,2,2
7045,19,True,2,3,2,2,7,2,3,2
7047,19,True,2,10,10,1,4,1,1,2
7049,13,True,1,1,1,1,3,1,1,1
7051,10,True,2,2,2,1,5,2,1,2
7053,19,True,5,10,2,9,27,11,11,5
7055,11,True,1,4,4,1,2,0,1,1
7057,13,True,1,6,6,1,2,0,1,1
7059,11,True,1,4,4,1,2,0,1,1
7061,6,True,0,-1,-1,0,0,0,0,0
7063,19,True,1,2,2,1,4,2,1,1
7065,20,True,1,3,3,1,4,2,1,1
7067,10,True,1,3,3,1,2,0,1,1
7069,28,True,3,19,14,6,19,8,8,3
7071,9,True,2,0,0,1,5,2,1,2
7073,20,True,1,2,2,1,2,0,1,1
7075,5,True,0,-1,-1,0,0,0,0,0
7077,12,True,1,1,1,1,4,2,1,1
7079,21,True,1,0,0,1,3,1,1,1
7081,20,True,2,1,1,1,6,3,1,2
7083,13,True,0,-1,-1,0,0,0,0,0
7085,12,True,0,-1,-1,0,0,0,0,0
7087,11,True,2,0,0,1,4,1,1,2
7089,12,True,0,-1,-1,0,0,0,0,0
7091,11,True,0,-1,-1,0,0,0,0,0
7093,12,True,0,-1,-1,0,0,0,0,0
7095,10,True,0,-1,-1,0,0,0,0,0
7097,11,True,0,-1,-1,0,0,0,0,0
7099,11,True,0,-1,-1,0,0,0,0,0
7101,17,True,4,8,8,1,7,2,1,4
7103,25,True,3,0,0,1,6,2,1,3
7105,12,True,0,-1,-1,0,0,0,0,0
7107,10,True,1,1,1,1,4,1,2,1
7109,20,True,4,11,3,9,26,11,11,4
7111,26,True,3,17,12,6,19,8,8,3
7113,9,True,1,4,4,1,2,0,1,1
7115,12,True,0,-1,-1,0,0,0,0,0
7117,23,True,3,4,3,2,8,3,2,3
7119,9,True,1,0,0,1,4,1,2,1
7121,23,True,3,14,9,6,19,8,8,3
7123,10,True,1,1,1,1,3,1,1,1
7125,12,True,2,3,1,3,11,5,4,2
7127,25,True,4,8,6,3,12,5,3,4
7129,19,True,4,10,2,9,26,11,11,4
7131,33,True,4,24,16,9,26,11,11,4
7133,9,True,1,4,4,1,4,1,2,1
7135,33,True,5,24,16,9,27,11,11,5
7137,9,True,2,2,2,1,4,1,1,2
7139,12,True,2,3,1,3,10,4,4,2
7141,6,True,0,-1,-1,0,0,0,0,0
7143,33,True,4,24,16,9,26,11,11,4
7145,32,True,4,2,1,2,12,5,3,4
7147,22,True,1,4,4,1,4,2,1,1
7149,9,True,1,2,2,1,2,0,1,1
7151,19,True,2,0,0,1,4,1,1,2
7153,13,True,1,4,4,1,6,3,2,1
7155,14,True,2,5,5,1,4,1,1,2
7157,17,True,4,6,6,1,8,3,1,4
7159,13,True,2,4,4,1,4,1,1,2
7161,25,True,3,8,7,2,8,3,2,3
7163,12,True,1,1,1,1,2,0,1,1
7165,17,True,4,6,6,1,8,3,1,4
7167,30,True,5,0,0,1,10,4,1,5
7169,15,True,1,6,6,1,5,2,2,1
7171,15,True,1,3,3,1,4,2,1,1
7173,21,True,3,12,7,6,19,8,8,3
7175,15,True,1,0,0,1,3,1,1,1
7177,15,True,1,1,1,1,3,1,1,1
7179,20,True,3,11,6,6,19,8,8,3
7181,15,True,1,11,11,1,3,1,1,1
7183,24,True,3,3,3,1,8,3,2,3
7185,15,True,1,11,11,1,3,1,1,1
7187,6,True,1,1,1,1,2,0,1,1
7189,19,True,3,10,5,6,19,8,8,3
7191,14,True,1,10,10,1,3,1,1,1
7193,31,True,5,22,14,9,27,11,11,5
7195,21,True,5,8,5,4,14,5,4,5
7197,15,True,1,11,11,1,3,1,1,1
7199,29,True,5,20,12,9,27,11,11,5
7201,30,True,5,21,13,9,27,11,11,5
7203,18,True,3,9,4,6,19,8,8,3
7205,28,True,5,19,11,9,27,11,11,5
7207,13,True,1,0,0,1,3,1,1,1
7209,13,True,2,1,1,1,5,2,1,2
7211,21,True,3,12,7,6,19,8,8,3
7213,11,True,0,-1,-1,0,0,0,0,0
7215,13,True,2,0,0,1,4,1,1,2
7217,10,True,0,-1,-1,0,0,0,0,0
7219,10,True,0,-1,-1,0,0,0,0,0
7221,11,True,4,2,2,1,7,2,1,4
7223,12,True,1,8,8,1,3,1,1,1
7225,11,True,0,-1,-1,0,0,0,0,0
7227,21,True,4,4,2,3,12,5,3,4
7229,18,True,3,9,4,6,19,8,8,3
7231,13,True,1,0,0,1,6,2,3,1
7233,29,True,4,20,12,9,26,11,11,4
7235,28,True,4,19,11,9,26,11,11,4
7237,12,True,3,3,3,1,6,2,1,3
7239,10,True,1,0,0,1,3,1,1,1
7241,15,True,1,11,11,1,3,1,1,1
7243,11,True,3,2,2,1,6,2,1,3
7245,17,True,1,2,2,1,2,0,1,1
7247,18,True,3,9,4,6,19,8,8,3
7249,17,True,1,13,13,1,3,1,1,1
7251,14,True,2,1,1,1,4,1,1,2
7253,3,True,0,-1,-1,0,0,0,0,0
7255,11,True,2,2,2,1,5,2,1,2
7257,15,True,1,11,11,1,3,1,1,1
7259,28,True,5,19,11,9,27,11,11,5
7261,10,True,0,-1,-1,0,0,0,0,0
7263,19,True,3,2,1,2,8,3,2,3
7265,27,True,4,18,10,9,26,11,11,4
7267,12,True,5,1,1,1,9,3,1,5
7269,13,True,4,2,2,1,8,3,1,4
7271,27,True,4,18,10,9,26,11,11,4
7273,21,True,4,10,9,2,10,4,2,4
7275,22,True,4,11,10,2,10,4,2,4
7277,30,True,7,4,2,3,18,7,4,7
7279,30,True,6,5,0,6,20,8,6,6
7281,3,True,0,-1,-1,0,0,0,0,0
7283,23,True,3,14,9,6,19,8,8,3
7285,10,True,0,-1,-1,0,0,0,0,0
7287,27,True,5,18,10,9,27,11,11,5
7289,21,True,3,12,7,6,19,8,8,3
7291,27,True,5,18,10,9,27,11,11,5
7293,26,True,5,17,9,9,27,11,11,5
7295,16,True,5,3,0,4,14,5,4,5
7297,28,True,5,19,11,9,27,11,11,5
7299,9,True,0,-1,-1,0,0,0,0,0
7301,9,True,0,-1,-1,0,0,0,0,0
7303,26,True,5,17,9,9,27,11,11,5
7305,33,True,3,2,1,2,8,3,2,3
7307,9,True,1,0,0,1,2,0,1,1
7309,24,True,5,15,7,9,27,11,11,5
7311,19,True,3,10,5,6,19,8,8,3
7313,22,True,2,13,11,3,11,5,4,2
7315,21,True,2,12,10,3,11,5,4,2
7317,22,True,5,13,5,9,27,11,11,5
7319,22,True,5,13,5,9,27,11,11,5
7321,9,True,0,-1,-1,0,0,0,0,0
7323,26,True,5,17,9,9,27,11,11,5
7325,13,True,1,5,5,1,4,2,1,1
7327,19,True,4,1,0,2,9,3,2,4
7329,22,True,2,3,3,1,5,2,1,2
7331,8,True,0,-1,-1,0,0,0,0,0
7333,7,True,0,-1,-1,0,0,0,0,0
7335,13,True,2,2,0,3,8,3,3,2
7337,29,True,4,18,18,1,8,3,1,4
7339,32,True,6,6,4,3,15,6,3,6
7341,24,True,5,15,7,9,27,11,11,5
7343,12,True,2,0,0,1,4,1,1,2
7345,29,True,4,20,12,9,26,11,11,4
7347,28,True,4,19,11,9,26,11,11,4
7349,23,True,4,14,6,9,26,11,11,4
7351,20,True,1,3,3,1,2,0,1,1
7353,28,True,4,19,11,9,26,11,11,4
7355,20,True,1,0,0,1,2,0,1,1
7357,27,True,4,18,10,9,26,11,11,4
7359,25,True,4,3,0,4,15,6,5,4
7361,24,True,5,15,7,9,27,11,11,5
7363,21,True,5,12,4,9,27,11,11,5
7365,22,True,4,13,5,9,26,11,11,4
7367,19,True,2,10,8,3,11,5,4,2
7369,8,True,0,-1,-1,0,0,0,0,0
7371,9,True,1,0,0,1,2,0,1,1
7373,23,True,4,14,6,9,26,11,11,4
7375,8,True,1,0,0,1,4,1,2,1
7377,17,True,4,6,5,2,10,4,2,4
7379,16,True,4,5,4,2,10,4,2,4
7381,9,True,1,5,5,1,3,1,1,1
7383,15,True,1,8,8,1,2,0,1,1
7385,15,True,1,8,8,1,2,0,1,1
7387,14,True,1,0,0,1,2,0,1,1
7389,14,True,1,7,7,1,2,0,1,1
7391,33,True,6,16,7,10,32,13,13,6
7393,11,True,0,-1,-1,0,0,0,0,0
7395,8,True,1,4,4,1,3,1,1,1
7397,15,True,1,8,8,1,2,0,1,1
7399,18,True,2,1,0,2,6,2,2,2
7401,14,True,1,1,1,1,4,2,1,1
7403,29,True,4,7,7,1,8,3,1,4
7405,22,True,4,13,5,9,26,11,11,4
7407,7,True,3,1,0,2,10,4,3,3
7409,22,True,5,13,5,9,27,11,11,5
7411,27,True,3,18,13,6,19,8,8,3
7413,21,True,5,12,4,9,27,11,11,5
7415,21,True,4,12,4,9,26,11,11,4
7417,23,True,2,7,6,2,6,2,2,2
7419,13,True,2,2,0,3,8,3,3,2
7421,20,True,2,4,3,2,7,2,3,2
7423,39,True,4,2,0,3,14,5,5,4
7425,22,True,5,13,5,9,27,11,11,5
7427,14,True,2,2,2,1,5,2,1,2
7429,9,True,1,5,5,1,3,1,1,1
7431,13,True,1,0,0,1,3,1,1,1
7433,16,True,1,1,1,1,3,1,1,1
7435,10,True,1,0,0,1,2,0,1,1
7437,23,True,4,14,6,9,26,11,11,4
7439,8,True,0,-1,-1,0,0,0,0,0
7441,24,True,4,15,7,9,26,11,11,4
7443,12,True,1,5,5,1,2,0,1,1
7445,8,True,1,4,4,1,3,1,1,1
7447,21,True,4,12,4,9,26,11,11,4
7449,22,True,1,2,2,1,3,1,1,1
7451,27,True,3,1,0,2,8,3,2,3
7453,15,True,1,4,4,1,3,1,1,1
7455,13,True,2,0,0,1,5,2,1,2
7457,14,True,0,-1,-1,0,0,0,0,0
7459,14,True,0,-1,-1,0,0,0,0,0
7461,14,True,0,-1,-1,0,0,0,0,0
7463,14,True,1,0,0,1,3,1,1,1
7465,13,True,2,2,1,2,8,3,3,2
7467,14,True,1,0,0,1,2,0,1,1
7469,9,True,1,5,5,1,3,1,1,1
7471,14,True,2,0,0,1,4,1,1,2
7473,19,True,4,10,10,1,7,2,1,4
7475,19,True,4,10,10,1,7,2,1,4
7477,15,True,2,6,4,3,11,5,4,2
7479,21,True,3,4,1,4,15,6,6,3
7481,28,True,3,3,3,1,7,3,1,3
7483,7,True,1,0,0,1,2,0,1,1
7485,23,True,4,14,6,9,26,11,11,4
7487,12,True,2,0,0,1,6,2,2,2
7489,16,True,2,7,5,3,11,5,4,2
7491,24,True,3,5,4,2,8,3,2,3
7493,14,True,2,5,3,3,11,5,4,2
7495,13,True,1,0,0,1,3,1,1,1
7497,12,True,1,3,3,1,3,1,1,1
7499,14,True,2,5,3,3,11,5,4,2
7501,28,True,5,11,2,10,31,13,13,5
7503,12,True,1,0,0,1,4,1,2,1
7505,27,True,4,10,8,3,12,5,3,4
7507,23,True,3,1,1,1,7,3,1,3
7509,5,True,0,-1,-1,0,0,0,0,0
7511,11,True,1,6,6,1,4,1,2,1
7513,15,True,2,6,4,3,12,5,5,2
7515,36,True,5,27,19,9,27,11,11,5
7517,15,True,1,6,6,1,6,3,2,1
7519,14,True,2,5,3,3,10,4,4,2
7521,9,True,0,-1,-1,0,0,0,0,0
7523,8,True,1,4,4,1,3,1,1,1
7525,8,True,1,4,4,1,3,1,1,1
7527,28,True,5,14,0,15,37,15,17,5
7529,10,True,1,3,3,1,2,0,1,1
7531,11,True,1,0,0,1,2,0,1,1
7533,17,True,2,8,8,1,4,1,1,2
7535,14,True,2,0,0,1,4,1,1,2
7537,22,True,3,13,8,6,19,8,8,3
7539,20,True,4,9,9,1,8,3,1,4
7541,21,True,3,12,7,6,19,8,8,3
7543,19,True,4,8,8,1,8,3,1,4
7545,14,True,1,2,2,1,5,2,2,1
7547,20,True,4,9,9,1,8,3,1,4
7549,6,True,1,2,2,1,3,1,1,1
7551,14,True,1,0,0,1,7,3,3,1
7553,25,True,3,16,11,6,19,8,8,3
7555,22,True,3,13,8,6,19,8,8,3
7557,17,True,1,13,13,1,3,1,1,1
7559,21,True,3,12,7,6,19,8,8,3
7561,17,True,1,1,1,1,3,1,1,1
7563,17,True,1,0,0,1,2,0,1,1
7565,9,True,0,-1,-1,0,0,0,0,0
7567,21,True,3,12,7,6,19,8,8,3
7569,22,True,3,13,8,6,19,8,8,3
7571,20,True,3,11,6,6,19,8,8,3
7573,8,True,0,-1,-1,0,0,0,0,0
7575,15,True,2,1,1,1,5,2,1,2
7577,17,True,1,3,3,1,4,2,1,1
7579,23,True,5,10,7,4,14,5,4,5
7581,31,True,5,22,14,9,27,11,11,5
7583,17,True,3,2,0,3,9,3,3,3
7585,23,True,3,14,9,6,19,8,8,3
7587,14,True,4,5,5,1,7,2,1,4
7589,13,True,4,4,4,1,7,2,1,4
7591,31,True,5,22,14,9,27,11,11,5
7593,28,True,5,19,11,9,27,11,11,5
7595,24,True,3,15,10,6,19,8,8,3
7597,14,True,4,5,5,1,7,2,1,4
7599,11,True,2,0,0,1,4,1,1,2
7601,8,True,0,-1,-1,0,0,0,0,0
7603,7,True,0,-1,-1,0,0,0,0,0
7605,6,True,0,-1,-1,0,0,0,0,0
7607,14,True,1,3,3,1,5,2,2,1
7609,7,True,0,-1,-1,0,0,0,0,0
7611,22,True,3,13,8,6,19,8,8,3
7613,20,True,3,11,6,6,19,8,8,3
7615,9,True,4,1,0,2,10,4,2,4
7617,32,True,4,23,15,9,26,11,11,4
7619,29,True,4,20,12,9,26,11,11,4
7621,8,True,0,-1,-1,0,0,0,0,0
7623,15,True,3,6,6,1,6,2,1,3
7625,19,True,1,4,4,1,3,1,1,1
7627,19,True,1,0,0,1,2,0,1,1
7629,6,True,0,-1,-1,0,0,0,0,0
7631,31,True,4,22,14,9,26,11,11,4
7633,5,True,0,-1,-1,0,0,0,0,0
7635,19,True,1,15,15,1,3,1,1,1
7637,8,True,0,-1,-1,0,0,0,0,0
7639,4,True,0,-1,-1,0,0,0,0,0
7641,5,True,0,-1,-1,0,0,0,0,0
7643,12,True,1,0,0,1,2,0,1,1
7645,6,True,0,-1,-1,0,0,0,0,0
7647,29,True,5,20,12,9,27,11,11,5
7649,23,True,3,6,5,2,8,3,2,3
7651,8,True,0,-1,-1,0,0,0,0,0
7653,15,True,4,4,4,1,8,3,1,4
7655,14,True,5,3,3,1,9,3,1,5
7657,19,True,1,1,1,1,4,2,1,1
7659,29,True,4,20,12,9,26,11,11,4
7661,33,True,7,7,5,3,18,7,4,7
7663,15,True,3,4,0,5,13,5,5,3
7665,11,True,0,-1,-1,0,0,0,0,0
7667,12,True,1,3,3,1,3,1,1,1
7669,10,True,0,-1,-1,0,0,0,0,0
7671,25,True,3,16,11,6,19,8,8,3
7673,13,True,0,-1,-1,0,0,0,0,0
7675,30,True,5,21,13,9,27,11,11,5
7677,22,True,3,13,8,6,19,8,8,3
7679,19,True,5,4,0,5,19,7,7,5
7681,28,True,5,19,11,9,27,11,11,5
7683,8,True,0,-1,-1,0,0,0,0,0
7685,28,True,5,19,11,9,27,11,11,5
7687,13,True,1,0,0,1,3,1,1,1
7689,12,True,1,1,1,1,3,1,1,1
7691,28,True,5,19,11,9,27,11,11,5
7693,12,True,1,8,8,1,3,1,1,1
7695,25,True,5,16,8,9,27,11,11,5
7697,12,True,1,8,8,1,3,1,1,1
7699,23,True,3,14,9,6,19,8,8,3
7701,10,True,1,6,6,1,3,1,1,1
7703,24,True,5,15,7,9,27,11,11,5
7705,25,True,5,16,8,9,27,11,11,5
7707,12,True,2,1,0,2,7,2,3,2
7709,12,True,1,8,8,1,3,1,1,1
7711,21,True,2,0,0,1,5,2,1,2
7713,16,True,1,4,4,1,3,1,1,1
7715,10,True,1,6,6,1,3,1,1,1
7717,11,True,1,1,1,1,3,1,1,1
7719,10,True,1,0,0,1,3,1,1,1
7721,19,True,3,2,1,2,8,3,2,3
7723,11,True,1,0,0,1,2,0,1,1
7725,26,True,5,17,9,9,27,11,11,5
7727,15,True,2,0,0,1,4,1,1,2
7729,24,True,5,15,7,9,27,11,11,5
7731,24,True,5,15,7,9,27,11,11,5
7733,6,True,0,-1,-1,0,0,0,0,0
7735,12,True,1,8,8,1,3,1,1,1
7737,32,True,4,23,15,9,26,11,11,4
7739,26,True,4,17,9,9,26,11,11,4
7741,24,True,4,15,7,9,26,11,11,4
7743,21,True,1,4,4,1,2,0,1,1
7745,13,True,1,9,9,1,3,1,1,1
7747,11,True,1,7,7,1,3,1,1,1
7749,13,True,1,9,9,1,3,1,1,1
7751,28,True,4,19,11,9,26,11,11,4
7753,26,True,5,17,9,9,27,11,11,5
7755,12,True,1,0,0,1,2,0,1,1
7757,12,True,1,8,8,1,3,1,1,1
7759,23,True,4,14,6,9,26,11,11,4
7761,25,True,4,16,8,9,26,11,11,4
7763,23,True,4,14,6,9,26,11,11,4
7765,16,True,3,7,2,6,19,8,8,3
7767,12,True,1,8,8,1,3,1,1,1
7769,18,True,4,7,6,2,10,4,2,4
7771,18,True,4,7,6,2,10,4,2,4
7773,9,True,0,-1,-1,0,0,0,0,0
7775,10,True,1,6,6,1,3,1,1,1
7777,16,True,1,3,3,1,2,0,1,1
7779,8,True,0,-1,-1,0,0,0,0,0
7781,9,True,0,-1,-1,0,0,0,0,0
7783,17,True,2,1,0,2,7,2,3,2
7785,35,True,6,18,9,10,32,13,13,6
7787,14,True,1,0,0,1,2,0,1,1
7789,17,True,1,10,10,1,2,0,1,1
7791,14,True,2,0,0,1,4,1,1,2
7793,17,True,3,8,3,6,19,8,8,3
7795,24,True,5,15,7,9,27,11,11,5
7797,23,True,5,14,6,9,27,11,11,5
7799,23,True,5,14,6,9,27,11,11,5
7801,24,True,4,15,7,9,26,11,11,4
7803,23,True,5,14,6,9,27,11,11,5
7805,29,True,3,20,15,6,19,8,8,3
7807,13,True,4,0,0,1,7,2,1,4
7809,24,True,4,15,7,9,26,11,11,4
7811,16,True,3,7,2,6,19,8,8,3
7813,9,True,0,-1,-1,0,0,0,0,0
7815,22,True,2,3,3,1,6,2,2,2
7817,23,True,2,2,1,2,6,2,2,2
7819,8,True,1,0,0,1,2,0,1,1
7821,17,True,2,8,6,3,11,5,4,2
7823,15,True,2,3,3,1,5,2,1,2
7825,27,True,4,18,10,9,26,11,11,4
7827,26,True,4,17,9,9,26,11,11,4
7829,9,True,1,1,1,1,4,2,1,1
7831,16,True,2,7,5,3,11,5,4,2
7833,12,True,1,3,3,1,4,2,1,1
7835,11,True,2,1,0,2,6,2,2,2
7837,15,True,1,4,4,1,3,1,1,1
7839,16,True,3,1,0,2,8,3,2,3
7841,11,True,1,7,7,1,3,1,1,1
7843,9,True,1,5,5,1,3,1,1,1
7845,28,True,5,2,1,2,12,5,2,5
7847,24,True,1,0,0,1,3,1,1,1
7849,23,True,4,1,1,1,8,3,1,4
7851,17,True,1,0,0,1,2,0,1,1
7853,18,True,0,-1,-1,0,0,0,0,0
7855,16,True,2,0,0,1,4,1,1,2
7857,18,True,2,9,7,3,11,5,4,2
7859,17,True,2,8,6,3,11,5,4,2
7861,25,True,4,16,8,9,26,11,11,4
7863,15,True,2,4,3,2,8,3,3,2
7865,12,True,1,4,4,1,2,0,1,1
7867,11,True,1,0,0,1,2,0,1,1
7869,17,True,2,8,6,3,11,5,4,2
7871,16,True,3,0,0,1,6,2,1,3
7873,26,True,4,17,9,9,26,11,11,4
7875,23,True,4,6,2,5,18,7,7,4
7877,6,True,0,-1,-1,0,0,0,0,0
7879,25,True,4,16,8,9,26,11,11,4
7881,24,True,4,15,7,9,26,11,11,4
7883,14,True,4,3,2,2,10,4,2,4
7885,6,True,0,-1,-1,0,0,0,0,0
7887,24,True,4,1,0,2,12,5,3,4
7889,18,True,2,9,7,3,11,5,4,2
7891,16,True,2,7,5,3,11,5,4,2
7893,11,True,1,4,4,1,2,0,1,1
7895,29,True,6,12,3,10,32,13,13,6
7897,9,True,0,-1,-1,0,0,0,0,0
7899,16,True,2,7,5,3,11,5,4,2
7901,8,True,0,-1,-1,0,0,0,0,0
7903,14,True,1,0,0,1,5,2,2,1
7905,28,True,4,11,9,3,12,5,3,4
7907,10,True,1,3,3,1,2,0,1,1
7909,25,True,3,16,11,6,19,8,8,3
7911,14,True,2,1,0,2,6,2,2,2
7913,18,True,2,9,7,3,12,5,5,2
7915,18,True,1,0,0,1,2,0,1,1
7917,25,True,3,16,11,6,19,8,8,3
7919,12,True,2,0,0,1,4,1,1,2
7921,12,True,1,5,5,1,2,0,1,1
7923,10,True,1,6,6,1,3,1,1,1
7925,18,True,2,2,1,2,6,2,2,2
7927,11,True,1,7,7,1,3,1,1,1
7929,25,True,3,16,11,6,19,8,8,3
7931,12,True,1,0,0,1,2,0,1,1
7933,9,True,2,1,1,1,5,2,1,2
7935,24,True,6,1,0,2,14,5,3,6
7937,12,True,1,5,5,1,2,0,1,1
7939,24,True,3,15,10,6,19,8,8,3
7941,11,True,1,4,4,1,2,0,1,1
7943,23,True,3,14,9,6,19,8,8,3
7945,22,True,4,11,11,1,8,3,1,4
7947,10,True,1,0,0,1,2,0,1,1
7949,19,True,1,2,2,1,4,2,1,1
7951,9,True,1,2,2,1,2,0,1,1
7953,20,True,1,3,3,1,3,1,1,1
7955,27,True,3,18,13,6,19,8,8,3
7957,5,True,0,-1,-1,0,0,0,0,0
7959,17,True,1,13,13,1,3,1,1,1
7961,23,True,3,14,9,6,19,8,8,3
7963,42,True,4,1,0,2,10,4,2,4
7965,12,True,0,-1,-1,0,0,0,0,0
7967,19,True,2,0,0,1,5,2,1,2
7969,12,True,0,-1,-1,0,0,0,0,0
7971,11,True,0,-1,-1,0,0,0,0,0
7973,10,True,0,-1,-1,0,0,0,0,0
7975,22,True,3,13,8,6,19,8,8,3
7977,9,True,0,-1,-1,0,0,0,0,0
7979,12,True,1,0,0,1,2,0,1,1
7981,11,True,0,-1,-1,0,0,0,0,0
7983,11,True,2,0,0,1,4,1,1,2
7985,10,True,0,-1,-1,0,0,0,0,0
7987,10,True,0,-1,-1,0,0,0,0,0
7989,11,True,0,-1,-1,0,0,0,0,0
7991,16,True,4,7,7,1,7,2,1,4
7993,16,True,4,7,7,1,7,2,1,4
7995,11,True,1,0,0,1,2,0,1,1
7997,10,True,0,-1,-1,0,0,0,0,0
7999,29,True,5,20,12,9,27,11,11,5
8001,11,True,0,-1,-1,0,0,0,0,0
8003,8,True,1,3,3,1,2,0,1,1
8005,11,True,0,-1,-1,0,0,0,0,0
8007,9,True,1,0,0,1,3,1,1,1
8009,9,True,0,-1,-1,0,0,0,0,0
8011,11,True,1,0,0,1,2,0,1,1
8013,22,True,3,13,8,6,19,8,8,3
8015,9,True,1,0,0,1,4,1,2,1
8017,22,True,3,13,8,6,19,8,8,3
8019,25,True,4,8,6,3,12,5,3,4
8021,18,True,4,9,1,9,26,11,11,4
8023,32,True,4,23,15,9,26,11,11,4
8025,8,True,0,-1,-1,0,0,0,0,0
8027,33,True,5,24,16,9,27,11,11,5
8029,7,True,1,2,2,1,4,1,2,1
8031,6,True,0,-1,-1,0,0,0,0,0
8033,22,True,1,3,3,1,2,0,1,1
8035,5,True,0,-1,-1,0,0,0,0,0
8037,5,True,0,-1,-1,0,0,0,0,0
8039,31,True,4,1,0,2,11,4,3,4
8041,21,True,1,3,3,1,4,2,1,1
8043,11,True,1,0,0,1,2,0,1,1
8045,8,True,1,3,3,1,2,0,1,1
8047,6,True,2,0,0,1,4,1,1,2
8049,12,True,1,3,3,1,6,3,2,1
8051,13,True,2,4,4,1,4,1,1,2
8053,12,True,1,3,3,1,6,3,2,1
8055,12,True,2,3,3,1,4,1,1,2
8057,24,True,3,7,6,2,8,3,2,3
8059,11,True,1,0,0,1,2,0,1,1
8061,17,True,4,6,6,1,8,3,1,4
8063,16,True,4,5,5,1,8,3,1,4
8065,14,True,1,5,5,1,3,1,1,1
8067,12,True,1,3,3,1,5,2,2,1
8069,14,True,1,2,2,1,4,2,1,1
8071,12,True,1,0,0,1,3,1,1,1
8073,17,True,2,4,1,4,10,4,4,2
8075,14,True,1,0,0,1,2,0,1,1
8077,19,True,3,10,5,6,19,8,8,3
8079,27,True,3,18,13,6,19,8,8,3
8081,25,True,3,4,4,1,8,3,2,3
8083,23,True,3,2,2,1,8,3,2,3
8085,13,True,1,9,9,1,3,1,1,1
8087,4,True,0,-1,-1,0,0,0,0,0
8089,5,True,0,-1,-1,0,0,0,0,0
8091,29,True,5,20,12,9,27,11,11,5
8093,30,True,5,21,13,9,27,11,11,5
8095,20,True,5,7,4,4,14,5,4,5
8097,16,True,1,12,12,1,3,1,1,1
8099,13,True,1,9,9,1,3,1,1,1
8101,28,True,5,19,11,9,27,11,11,5
8103,31,True,5,22,14,9,27,11,11,5
8105,13,True,3,1,1,1,6,2,1,3
8107,15,True,1,0,0,1,2,0,1,1
8109,28,True,5,19,11,9,27,11,11,5
8111,12,True,2,0,0,1,4,1,1,2
8113,20,True,3,11,6,6,19,8,8,3
8115,19,True,3,10,5,6,19,8,8,3
8117,9,True,0,-1,-1,0,0,0,0,0
8119,13,True,1,2,2,1,3,1,1,1
8121,10,True,0,-1,-1,0,0,0,0,0
8123,9,True,1,0,0,1,2,0,1,1
8125,12,True,1,1,1,1,3,1,1,1
8127,29,True,5,20,12,9,27,11,11,5
8129,10,True,0,-1,-1,0,0,0,0,0
8131,20,True,4,3,1,3,12,5,3,4
8133,18,True,3,9,4,6,19,8,8,3
8135,14,True,1,0,0,1,3,1,1,1
8137,26,True,5,17,9,9,27,11,11,5
8139,20,True,3,11,6,6,19,8,8,3
8141,28,True,4,19,11,9,26,11,11,4
8143,25,True,5,16,8,9,27,11,11,5
8145,28,True,4,19,11,9,26,11,11,4
8147,14,True,1,10,10,1,3,1,1,1
8149,10,True,3,1,1,1,6,2,1,3
8151,27,True,4,18,10,9,26,11,11,4
8153,18,True,3,9,4,6,19,8,8,3
8155,24,True,2,2,2,1,5,2,1,2
8157,16,True,1,12,12,1,3,1,1,1
8159,13,True,1,0,0,1,5,2,2,1
8161,30,True,8,8,2,7,27,12,7,8
8163,10,True,2,1,1,1,5,2,1,2
8165,14,True,1,10,10,1,3,1,1,1
8167,27,True,5,18,10,9,27,11,11,5
8169,13,True,1,1,1,1,4,2,1,1
8171,20,True,3,3,2,2,8,3,2,3
8173,26,True,4,17,9,9,26,11,11,4
8175,21,True,2,0,0,1,4,1,1,2
8177,10,True,0,-1,-1,0,0,0,0,0
8179,16,True,1,3,3,1,2,0,1,1
8181,12,True,4,1,1,1,8,3,1,4
8183,20,True,4,9,8,2,10,4,2,4
8185,21,True,4,10,9,2,10,4,2,4
8187,21,True,4,10,9,2,10,4,2,4
8189,29,True,6,3,1,3,17,7,4,6
8191,24,True,8,2,0,3,18,7,3,8
8193,14,True,0,-1,-1,0,0,0,0,0
8195,21,True,3,12,7,6,19,8,8,3
8197,27,True,5,18,10,9,27,11,11,5
8199,20,True,3,11,6,6,19,8,8,3
8201,20,True,3,11,6,6,19,8,8,3
8203,26,True,5,17,9,9,27,11,11,5
8205,9,True,0,-1,-1,0,0,0,0,0
8207,24,True,5,15,7,9,27,11,11,5
8209,9,True,0,-1,-1,0,0,0,0,0
8211,26,True,5,17,9,9,27,11,11,5
8213,8,True,0,-1,-1,0,0,0,0,0
8215,7,True,0,-1,-1,0,0,0,0,0
8217,26,True,5,17,9,9,27,11,11,5
8219,32,True,3,23,18,6,19,8,8,3
8221,8,True,0,-1,-1,0,0,0,0,0
8223,31,True,3,22,17,6,19,8,8,3
8225,20,True,3,11,6,6,19,8,8,3
8227,7,True,0,-1,-1,0,0,0,0,0
8229,20,True,2,11,9,3,11,5,4,2
8231,10,True,0,-1,-1,0,0,0,0,0
8233,24,True,2,1,1,1,5,2,1,2
8235,19,True,2,10,8,3,11,5,4,2
8237,8,True,0,-1,-1,0,0,0,0,0
8239,25,True,5,16,8,9,27,11,11,5
8241,12,True,1,4,4,1,4,2,1,1
8243,12,True,1,4,4,1,4,2,1,1
8245,22,True,5,13,5,9,27,11,11,5
8247,20,True,2,1,1,1,4,1,1,2
8249,13,True,1,9,9,1,3,1,1,1
8251,12,True,1,8,8,1,3,1,1,1
8253,7,True,0,-1,-1,0,0,0,0,0
8255,28,True,4,17,17,1,8,3,1,4
8257,31,True,6,5,3,3,15,6,3,6
8259,30,True,5,4,3,2,12,5,2,5
8261,22,True,5,13,5,9,27,11,11,5
8263,26,True,4,17,9,9,26,11,11,4
8265,26,True,1,2,2,1,4,2,1,1
8267,21,True,5,12,4,9,27,11,11,5
8269,28,True,4,19,11,9,26,11,11,4
8271,19,True,1,2,2,1,2,0,1,1
8273,27,True,4,18,10,9,26,11,11,4
8275,19,True,1,1,1,1,4,2,1,1
8277,21,True,4,12,4,9,26,11,11,4
8279,25,True,4,16,8,9,26,11,11,4
8281,26,True,4,17,9,9,26,11,11,4
8283,17,True,2,2,2,1,4,1,1,2
8285,21,True,5,12,4,9,27,11,11,5
8287,12,True,1,1,1,1,2,0,1,1
8289,18,True,2,9,7,3,11,5,4,2
8291,7,True,0,-1,-1,0,0,0,0,0
8293,8,True,0,-1,-1,0,0,0,0,0
8295,16,True,2,1,1,1,4,1,1,2
8297,8,True,0,-1,-1,0,0,0,0,0
8299,28,True,4,19,11,9,26,11,11,4
8301,16,True,4,5,4,2,10,4,2,4
8303,21,True,4,12,12,1,7,2,1,4
8305,21,True,4,12,4,9,26,11,11,4
8307,15,True,1,8,8,1,2,0,1,1
8309,14,True,1,7,7,1,2,0,1,1
8311,13,True,1,6,6,1,2,0,1,1
8313,28,True,3,9,8,2,8,3,2,3
8315,33,True,6,16,7,10,32,13,13,6
8317,11,True,1,1,1,1,4,2,1,1
8319,14,True,3,0,0,1,7,3,1,3
8321,11,True,0,-1,-1,0,0,0,0,0
8323,13,True,1,6,6,1,2,0,1,1
8325,14,True,1,7,7,1,2,0,1,1
8327,13,True,1,6,6,1,2,0,1,1
8329,28,True,4,6,6,1,8,3,1,4
8331,28,True,3,19,14,6,19,8,8,3
8333,21,True,4,12,4,9,26,11,11,4
8335,19,True,2,10,8,3,12,5,5,2
8337,27,True,3,18,13,6,19,8,8,3
8339,26,True,3,17,12,6,19,8,8,3
8341,20,True,5,11,3,9,27,11,11,5
8343,19,True,4,10,2,9,26,11,11,4
8345,22,True,2,6,5,2,6,2,2,2
8347,12,True,1,1,1,1,4,2,1,1
8349,20,True,2,4,3,2,7,2,3,2
8351,39,True,4,30,22,9,26,11,11,4
8353,15,True,1,3,3,1,3,1,1,1
8355,19,True,5,10,2,9,27,11,11,5
8357,13,True,2,1,1,1,5,2,1,2
8359,26,True,5,3,2,2,14,5,4,5
8361,18,True,3,1,1,1,7,3,1,3
8363,15,True,1,8,8,1,2,0,1,1
8365,9,True,0,-1,-1,0,0,0,0,0
8367,25,True,3,16,11,6,19,8,8,3
8369,9,True,0,-1,-1,0,0,0,0,0
8371,8,True,0,-1,-1,0,0,0,0,0
8373,22,True,4,13,5,9,26,11,11,4
8375,11,True,1,4,4,1,2,0,1,1
8377,30,True,3,21,16,6,19,8,8,3
8379,29,True,3,20,15,6,19,8,8,3
8381,21,True,1,1,1,1,3,1,1,1
8383,26,True,3,17,12,6,19,8,8,3
8385,15,True,1,4,4,1,4,2,1,1
8387,13,True,1,2,2,1,3,1,1,1
8389,13,True,0,-1,-1,0,0,0,0,0
8391,13,True,0,-1,-1,0,0,0,0,0
8393,20,True,4,11,3,9,26,11,11,4
8395,13,True,0,-1,-1,0,0,0,0,0
8397,14,True,0,-1,-1,0,0,0,0,0
8399,12,True,1,1,1,1,3,1,1,1
8401,13,True,0,-1,-1,0,0,0,0,0
8403,12,True,0,-1,-1,0,0,0,0,0
8405,7,True,1,3,3,1,3,1,1,1
8407,11,True,0,-1,-1,0,0,0,0,0
8409,13,True,0,-1,-1,0,0,0,0,0
8411,12,True,0,-1,-1,0,0,0,0,0
8413,18,True,4,9,9,1,7,2,1,4
8415,20,True,2,3,3,1,6,2,2,2
8417,27,True,3,2,2,1,7,3,1,3
8419,6,True,1,2,2,1,3,1,1,1
8421,22,True,4,13,5,9,26,11,11,4
8423,12,True,1,1,1,1,3,1,1,1
8425,32,True,5,23,15,9,27,11,11,5
8427,28,True,3,19,14,6,19,8,8,3
8429,24,True,3,5,4,2,8,3,2,3
8431,15,True,4,6,6,1,7,2,1,4
8433,15,True,2,6,4,3,11,5,4,2
8435,11,True,1,2,2,1,3,1,1,1
8437,13,True,2,4,2,3,11,5,4,2
8439,24,True,3,15,10,6,19,8,8,3
8441,12,True,1,3,3,1,3,1,1,1
8443,19,True,3,3,2,2,9,4,2,3
8445,26,True,4,9,7,3,12,5,3,4
8447,21,True,3,12,7,6,19,8,8,3
8449,12,True,1,5,5,1,2,0,1,1
8451,10,True,1,5,5,1,4,1,2,1
8453,14,True,2,5,3,3,12,5,5,2
8455,35,True,5,26,18,9,27,11,11,5
8457,10,True,1,1,1,1,3,1,1,1
8459,15,True,2,6,4,3,10,4,4,2
8461,14,True,1,5,5,1,6,3,2,1
8463,6,True,0,-1,-1,0,0,0,0,0
8465,15,True,1,6,6,1,6,3,2,1
8467,33,True,4,3,2,2,12,5,3,4
8469,7,True,1,3,3,1,3,1,1,1
8471,9,True,1,2,2,1,2,0,1,1
8473,10,True,1,5,5,1,2,0,1,1
8475,20,True,2,7,7,1,5,2,1,2
8477,16,True,2,7,7,1,4,1,1,2
8479,13,True,1,0,0,1,5,3,1,1
8481,19,True,4,8,8,1,8,3,1,4
8483,18,True,4,7,7,1,8,3,1,4
8485,18,True,4,7,7,1,8,3,1,4
8487,26,True,3,9,8,2,8,3,2,3
8489,13,True,1,1,1,1,5,2,2,1
8491,19,True,4,8,8,1,8,3,1,4
8493,7,True,1,3,3,1,3,1,1,1
8495,15,True,1,0,0,1,4,2,1,1
8497,23,True,3,14,9,6,19,8,8,3
8499,23,True,3,14,9,6,19,8,8,3
8501,21,True,3,12,7,6,19,8,8,3
8503,16,True,1,1,1,1,3,1,1,1
8505,17,True,1,3,3,1,3,1,1,1
8507,16,True,1,12,12,1,3,1,1,1
8509,16,True,1,12,12,1,3,1,1,1
8511,30,True,8,8,6,3,18,7,3,8
8513,22,True,3,13,8,6,19,8,8,3
8515,7,True,1,2,2,1,3,1,1,1
8517,20,True,3,11,6,6,19,8,8,3
8519,26,True,3,17,12,6,19,8,8,3
8521,17,True,1,13,13,1,3,1,1,1
8523,20,True,3,11,6,6,19,8,8,3
8525,16,True,1,2,2,1,4,2,1,1
8527,22,True,5,9,6,4,14,5,4,5
8529,15,True,1,11,11,1,3,1,1,1
8531,30,True,5,21,13,9,27,11,11,5
8533,7,True,0,-1,-1,0,0,0,0,0
8535,20,True,3,11,6,6,19,8,8,3
8537,30,True,5,21,13,9,27,11,11,5
8539,19,True,3,10,5,6,19,8,8,3
8541,13,True,4,4,4,1,7,2,1,4
8543,27,True,5,18,10,9,27,11,11,5
8545,23,True,3,14,9,6,19,8,8,3
8547,12,True,4,3,3,1,7,2,1,4
8549,12,True,4,3,3,1,7,2,1,4
8551,13,True,1,9,9,1,3,1,1,1
8553,10,True,0,-1,-1,0,0,0,0,0
8555,12,True,0,-1,-1,0,0,0,0,0
8557,14,True,1,3,3,1,5,2,2,1
8559,13,True,1,0,0,1,4,2,1,1
8561,6,True,0,-1,-1,0,0,0,0,0
8563,21,True,3,12,7,6,19,8,8,3
8565,5,True,0,-1,-1,0,0,0,0,0
8567,19,True,3,10,5,6,19,8,8,3
8569,15,True,1,2,2,1,6,2,3,1
8571,29,True,5,20,12,9,27,11,11,5
8573,29,True,4,20,12,9,26,11,11,4
8575,19,True,3,10,5,6,19,8,8,3
8577,14,True,3,5,5,1,6,2,1,3
8579,18,True,1,3,3,1,3,1,1,1
8581,18,True,1,3,3,1,2,0,1,1
8583,17,True,1,2,2,1,3,1,1,1
8585,31,True,4,22,14,9,26,11,11,4
8587,20,True,3,11,6,6,19,8,8,3
8589,4,True,0,-1,-1,0,0,0,0,0
8591,17,True,1,13,13,1,3,1,1,1
8593,6,True,0,-1,-1,0,0,0,0,0
8595,4,True,0,-1,-1,0,0,0,0,0
8597,4,True,0,-1,-1,0,0,0,0,0
8599,11,True,0,-1,-1,0,0,0,0,0
8601,13,True,0,-1,-1,0,0,0,0,0
8603,29,True,5,20,12,9,27,11,11,5
8605,22,True,4,5,2,4,13,5,4,4
8607,30,True,4,21,13,9,26,11,11,4
8609,29,True,4,20,12,9,26,11,11,4
8611,14,True,4,3,3,1,8,3,1,4
8613,14,True,4,3,3,1,8,3,1,4
8615,18,True,1,5,5,1,2,0,1,1
8617,28,True,4,19,11,9,26,11,11,4
8619,23,True,4,12,11,2,10,4,2,4
8621,32,True,7,6,4,3,18,7,4,7
8623,13,True,2,3,3,1,9,4,3,2
8625,12,True,1,3,3,1,3,1,1,1
8627,11,True,1,2,2,1,3,1,1,1
8629,10,True,0,-1,-1,0,0,0,0,0
8631,24,True,3,15,10,6,19,8,8,3
8633,12,True,0,-1,-1,0,0,0,0,0
8635,29,True,5,20,12,9,27,11,11,5
8637,22,True,3,13,8,6,19,8,8,3
8639,19,True,4,4,0,5,17,7,6,4
8641,28,True,5,19,11,9,27,11,11,5
8643,25,True,5,16,8,9,27,11,11,5
8645,7,True,0,-1,-1,0,0,0,0,0
8647,12,True,0,-1,-1,0,0,0,0,0
8649,11,True,0,-1,-1,0,0,0,0,0
8651,11,True,0,-1,-1,0,0,0,0,0
8653,27,True,5,18,10,9,27,11,11,5
8655,27,True,5,18,10,9,27,11,11,5
8657,26,True,5,17,9,9,27,11,11,5
8659,10,True,1,1,1,1,3,1,1,1
8661,10,True,1,6,6,1,3,1,1,1
8663,21,True,3,12,7,6,19,8,8,3
8665,24,True,5,15,7,9,27,11,11,5
8667,22,True,2,13,11,3,11,5,4,2
8669,24,True,5,15,7,9,27,11,11,5
8671,11,True,1,0,0,1,5,2,2,1
8673,24,True,5,15,7,9,27,11,11,5
8675,10,True,1,6,6,1,3,1,1,1
8677,14,True,1,2,2,1,3,1,1,1
8679,27,True,5,18,10,9,27,11,11,5
8681,13,True,2,1,1,1,4,1,1,2
8683,21,True,4,3,2,2,9,3,2,4
8685,11,True,0,-1,-1,0,0,0,0,0
8687,18,True,2,1,0,2,7,3,2,2
8689,10,True,1,6,6,1,3,1,1,1
8691,9,True,0,-1,-1,0,0,0,0,0
8693,24,True,5,15,7,9,27,11,11,5
8695,30,True,4,19,19,1,8,3,1,4
8697,34,True,6,8,6,3,15,6,3,6
8699,33,True,5,7,6,2,12,5,2,5
8701,13,True,3,1,1,1,6,2,1,3
8703,17,True,4,0,0,1,9,4,1,4
8705,31,True,4,22,14,9,26,11,11,4
8707,25,True,4,16,8,9,26,11,11,4
8709,24,True,4,15,7,9,26,11,11,4
8711,22,True,1,5,5,1,2,0,1,1
8713,24,True,4,15,7,9,26,11,11,4
8715,24,True,4,15,7,9,26,11,11,4
8717,11,True,1,7,7,1,3,1,1,1
8719,27,True,4,18,10,9,26,11,11,4
8721,11,True,1,7,7,1,3,1,1,1
8723,25,True,5,16,8,9,27,11,11,5
8725,11,True,1,7,7,1,3,1,1,1
8727,23,True,4,14,6,9,26,11,11,4
8729,23,True,4,14,6,9,26,11,11,4
8731,19,True,2,10,8,3,11,5,4,2
8733,24,True,4,15,7,9,26,11,11,4
8735,23,True,5,14,6,9,27,11,11,5
8737,25,True,4,16,8,9,26,11,11,4
8739,11,True,1,7,7,1,3,1,1,1
8741,17,True,4,6,5,2,10,4,2,4
8743,17,True,4,6,5,2,10,4,2,4
8745,9,True,2,1,1,1,5,2,1,2
8747,11,True,1,7,7,1,3,1,1,1
8749,16,True,1,3,3,1,2,0,1,1
8751,9,True,2,3,0,4,11,5,4,2
8753,15,True,1,8,8,1,2,0,1,1
8755,15,True,1,8,8,1,2,0,1,1
8757,8,True,0,-1,-1,0,0,0,0,0
8759,34,True,6,17,8,10,32,13,13,6
8761,13,True,0,-1,-1,0,0,0,0,0
8763,10,True,1,6,6,1,3,1,1,1
8765,16,True,1,9,9,1,2,0,1,1
8767,14,True,1,7,7,1,2,0,1,1
8769,24,True,5,15,7,9,27,11,11,5
8771,22,True,5,13,5,9,27,11,11,5
8773,23,True,5,14,6,9,27,11,11,5
8775,23,True,4,14,6,9,26,11,11,4
8777,23,True,4,14,6,9,26,11,11,4
8779,22,True,5,13,5,9,27,11,11,5
8781,23,True,5,14,6,9,27,11,11,5
8783,28,True,3,19,14,6,19,8,8,3
8785,23,True,4,14,6,9,26,11,11,4
8787,22,True,4,13,5,9,26,11,11,4
8789,15,True,3,6,1,6,19,8,8,3
8791,21,True,2,5,4,2,7,2,3,2
8793,21,True,2,2,2,1,6,2,2,2
8795,22,True,2,6,5,2,7,2,3,2
8797,7,True,0,-1,-1,0,0,0,0,0
8799,16,True,1,4,4,1,3,1,1,1
8801,16,True,2,4,4,1,5,2,1,2
8803,24,True,4,15,7,9,26,11,11,4
8805,25,True,4,16,8,9,26,11,11,4
8807,13,True,1,6,6,1,2,0,1,1
8809,17,True,1,1,1,1,4,1,2,1
8811,12,True,1,2,2,1,2,0,1,1
8813,11,True,1,2,2,1,4,2,1,1
8815,10,True,1,0,0,1,4,2,1,1
8817,16,True,2,7,5,3,11,5,4,2
8819,14,True,1,3,3,1,3,1,1,1
8821,9,True,1,5,5,1,3,1,1,1
8823,9,True,1,5,5,1,3,1,1,1
8825,23,True,4,14,6,9,26,11,11,4
8827,23,True,1,3,3,1,4,2,1,1
8829,28,True,4,2,1,2,10,4,2,4
8831,22,True,3,0,0,1,7,3,1,3
8833,16,True,1,5,5,1,3,1,1,1
8835,16,True,2,7,5,3,11,5,4,2
8837,16,True,0,-1,-1,0,0,0,0,0
8839,16,True,0,-1,-1,0,0,0,0,0
8841,22,True,4,13,5,9,26,11,11,4
8843,16,True,0,-1,-1,0,0,0,0,0
8845,16,True,2,7,5,3,11,5,4,2
8847,13,True,2,2,1,2,8,3,3,2
8849,11,True,1,3,3,1,2,0,1,1
8851,10,True,1,6,6,1,3,1,1,1
8853,23,True,4,14,6,9,26,11,11,4
8855,15,True,2,6,4,3,11,5,4,2
8857,21,True,4,12,12,1,7,2,1,4
8859,13,True,1,1,1,1,4,2,1,1
8861,23,True,4,6,2,5,18,7,7,4
8863,14,True,2,0,0,1,5,2,1,2
8865,30,True,3,5,5,1,7,3,1,3
8867,23,True,4,14,6,9,26,11,11,4
8869,13,True,4,2,1,2,10,4,2,4
8871,15,True,1,1,1,1,2,0,1,1
8873,24,True,4,1,1,1,9,4,1,4
8875,18,True,2,9,7,3,11,5,4,2
8877,17,True,2,8,6,3,11,5,4,2
8879,26,True,3,7,6,2,8,3,2,3
8881,30,True,6,13,4,10,32,13,13,6
8883,29,True,6,12,3,10,32,13,13,6
8885,8,True,0,-1,-1,0,0,0,0,0
8887,15,True,2,6,4,3,11,5,4,2
8889,30,True,5,13,4,10,31,13,13,5
8891,14,True,1,5,5,1,3,1,1,1
8893,28,True,4,11,9,3,12,5,3,4
8895,11,True,3,2,0,3,11,5,3,3
8897,8,True,0,-1,-1,0,0,0,0,0
8899,13,True,1,1,1,1,3,1,1,1
8901,24,True,3,15,10,6,19,8,8,3
8903,17,True,2,8,6,3,12,5,5,2
8905,17,True,1,8,8,1,6,3,2,1
8907,16,True,1,7,7,1,6,3,2,1
8909,24,True,3,15,10,6,19,8,8,3
8911,15,True,2,6,4,3,10,4,4,2
8913,11,True,1,7,7,1,3,1,1,1
8915,9,True,1,5,5,1,3,1,1,1
8917,10,True,1,3,3,1,2,0,1,1
8919,9,True,1,5,5,1,3,1,1,1
8921,24,True,3,15,10,6,19,8,8,3
8923,11,True,1,4,4,1,2,0,1,1
8925,18,True,2,9,9,1,4,1,1,2
8927,8,True,1,0,0,1,5,2,2,1
8929,16,True,2,2,2,1,5,2,1,2
8931,9,True,1,2,2,1,2,0,1,1
8933,23,True,3,14,9,6,19,8,8,3
8935,18,True,4,3,1,3,12,5,3,4
8937,17,True,2,1,1,1,4,1,1,2
8939,21,True,4,10,10,1,8,3,1,4
8941,9,True,1,3,3,1,3,1,1,1
8943,26,True,4,9,6,4,13,5,4,4
8945,10,True,1,3,3,1,2,0,1,1
8947,17,True,3,2,2,1,6,2,1,3
8949,18,True,1,1,1,1,3,1,1,1
8951,26,True,3,17,12,6,19,8,8,3
8953,24,True,3,15,10,6,19,8,8,3
8955,19,True,1,2,2,1,3,1,1,1
8957,22,True,3,13,8,6,19,8,8,3
8959,41,True,4,32,24,9,26,11,11,4
8961,12,True,0,-1,-1,0,0,0,0,0
8963,10,True,0,-1,-1,0,0,0,0,0
8965,11,True,0,-1,-1,0,0,0,0,0
8967,24,True,3,15,10,6,19,8,8,3
8969,10,True,1,1,1,1,3,1,1,1
8971,22,True,3,13,8,6,19,8,8,3
8973,10,True,0,-1,-1,0,0,0,0,0
8975,8,True,0,-1,-1,0,0,0,0,0
8977,11,True,0,-1,-1,0,0,0,0,0
8979,18,True,1,4,4,1,4,2,1,1
8981,9,True,0,-1,-1,0,0,0,0,0
8983,31,True,5,22,14,9,27,11,11,5
8985,32,True,5,23,15,9,27,11,11,5
8987,18,True,2,1,1,1,7,3,2,2
8989,17,True,4,8,8,1,7,2,1,4
8991,22,True,3,13,8,6,19,8,8,3
8993,15,True,4,6,6,1,7,2,1,4
8995,10,True,0,-1,-1,0,0,0,0,0
8997,9,True,0,-1,-1,0,0,0,0,0
8999,29,True,5,20,12,9,27,11,11,5
9001,24,True,3,15,10,6,19,8,8,3
9003,16,True,4,7,7,1,7,2,1,4
9005,8,True,1,3,3,1,2,0,1,1
9007,15,True,4,6,6,1,7,2,1,4
9009,8,True,0,-1,-1,0,0,0,0,0
9011,8,True,0,-1,-1,0,0,0,0,0
9013,10,True,0,-1,-1,0,0,0,0,0
9015,15,True,1,4,4,1,5,2,2,1
9017,9,True,0,-1,-1,0,0,0,0,0
9019,7,True,0,-1,-1,0,0,0,0,0
9021,21,True,3,12,7,6,19,8,8,3
9023,24,True,4,7,5,3,12,5,3,4
9025,10,True,0,-1,-1,0,0,0,0,0
9027,31,True,4,22,14,9,26,11,11,4
9029,7,True,0,-1,-1,0,0,0,0,0
9031,32,True,5,23,15,9,27,11,11,5
9033,9,True,0,-1,-1,0,0,0,0,0
9035,7,True,0,-1,-1,0,0,0,0,0
9037,7,True,0,-1,-1,0,0,0,0,0
9039,20,True,1,5,5,1,2,0,1,1
9041,33,True,4,24,16,9,26,11,11,4
9043,32,True,4,23,15,9,26,11,11,4
9045,4,True,0,-1,-1,0,0,0,0,0
9047,20,True,1,2,2,1,4,2,1,1
9049,10,True,0,-1,-1,0,0,0,0,0
9051,18,True,2,5,5,1,5,2,1,2
9053,7,True,1,2,2,1,2,0,1,1
9055,5,True,0,-1,-1,0,0,0,0,0
9057,14,True,1,2,2,1,3,1,1,1
9059,11,True,2,2,2,1,4,1,1,2
9061,11,True,2,2,2,1,4,1,1,2
9063,17,True,3,1,1,1,6,2,1,3
9065,23,True,3,6,5,2,8,3,2,3
9067,10,True,0,-1,-1,0,0,0,0,0
9069,17,True,4,6,6,1,8,3,1,4
9071,16,True,4,5,5,1,8,3,1,4
9073,11,True,1,2,2,1,6,3,2,1
9075,12,True,1,3,3,1,3,1,1,1
9077,11,True,1,2,2,1,5,2,2,1
9079,34,True,7,8,6,3,18,7,4,7
9081,17,True,3,6,2,5,13,5,5,3
9083,16,True,2,6,6,1,9,4,3,2
9085,13,True,1,1,1,1,4,1,2,1
9087,31,True,6,5,3,3,17,7,4,6
9089,28,True,3,19,14,6,19,8,8,3
9091,23,True,4,4,2,3,11,4,3,4
9093,23,True,3,2,2,1,8,3,2,3
9095,23,True,3,4,2,3,10,4,3,3
9097,23,True,5,5,1,5,16,6,5,5
9099,21,True,6,6,2,5,19,7,6,6
9101,4,True,0,-1,-1,0,0,0,0,0
9103,28,True,5,19,11,9,27,11,11,5
9105,31,True,5,22,14,9,27,11,11,5
9107,29,True,5,20,12,9,27,11,11,5
9109,12,True,1,8,8,1,3,1,1,1
9111,13,True,1,9,9,1,3,1,1,1
9113,14,True,1,10,10,1,3,1,1,1
9115,28,True,5,19,11,9,27,11,11,5
9117,28,True,5,19,11,9,27,11,11,5
9119,12,True,2,0,0,1,5,2,1,2
9121,14,True,1,10,10,1,3,1,1,1
9123,11,True,1,7,7,1,3,1,1,1
9125,26,True,5,17,9,9,27,11,11,5
9127,27,True,5,18,10,9,27,11,11,5
9129,11,True,3,1,1,1,6,2,1,3
9131,27,True,5,18,10,9,27,11,11,5
9133,14,True,1,3,3,1,3,1,1,1
9135,10,True,1,0,0,1,4,2,1,1
9137,9,True,0,-1,-1,0,0,0,0,0
9139,8,True,0,-1,-1,0,0,0,0,0
9141,8,True,0,-1,-1,0,0,0,0,0
9143,11,True,1,7,7,1,3,1,1,1
9145,13,True,1,3,3,1,3,1,1,1
9147,13,True,0,-1,-1,0,0,0,0,0
9149,20,True,4,3,1,3,11,4,3,4
9151,13,True,2,0,0,1,6,3,1,2
9153,28,True,5,19,11,9,27,11,11,5
9155,25,True,5,16,8,9,27,11,11,5
9157,19,True,3,10,5,6,19,8,8,3
9159,33,True,4,22,22,1,8,3,1,4
9161,25,True,5,16,8,9,27,11,11,5
9163,8,True,0,-1,-1,0,0,0,0,0
9165,27,True,4,18,10,9,26,11,11,4
9167,13,True,1,9,9,1,3,1,1,1
9169,27,True,4,18,10,9,26,11,11,4
9171,27,True,4,18,10,9,26,11,11,4
9173,17,True,3,8,3,6,19,8,8,3
9175,23,True,2,1,1,1,5,2,1,2
9177,18,True,3,9,4,6,19,8,8,3
9179,13,True,1,9,9,1,3,1,1,1
9181,15,True,1,11,11,1,3,1,1,1
9183,28,True,7,6,0,7,27,12,8,7
9185,30,True,4,21,13,9,26,11,11,4
9187,17,True,3,8,3,6,19,8,8,3
9189,13,True,1,9,9,1,3,1,1,1
9191,12,True,1,8,8,1,3,1,1,1
9193,19,True,3,2,1,2,8,3,2,3
9195,25,True,4,16,8,9,26,11,11,4
9197,25,True,4,16,8,9,26,11,11,4
9199,13,True,1,0,0,1,4,2,1,1
9201,11,True,1,2,2,1,3,1,1,1
9203,15,True,1,2,2,1,2,0,1,1
9205,9,True,0,-1,-1,0,0,0,0,0
9207,19,True,4,8,7,2,10,4,2,4
9209,20,True,4,9,8,2,10,4,2,4
9211,20,True,4,9,8,2,10,4,2,4
9213,11,True,1,1,1,1,7,3,3,1
9215,27,True,4,1,0,2,16,7,5,4
9217,12,True,0,-1,-1,0,0,0,0,0
9219,11,True,0,-1,-1,0,0,0,0,0
9221,20,True,3,11,6,6,19,8,8,3
9223,11,True,0,-1,-1,0,0,0,0,0
9225,37,True,6,20,11,10,32,13,13,6
9227,19,True,3,10,5,6,19,8,8,3
9229,25,True,5,16,8,9,27,11,11,5
9231,17,True,1,10,10,1,2,0,1,1
9233,25,True,5,16,8,9,27,11,11,5
9235,18,True,3,9,4,6,19,8,8,3
9237,7,True,0,-1,-1,0,0,0,0,0
9239,24,True,5,15,7,9,27,11,11,5
9241,25,True,5,16,8,9,27,11,11,5
9243,15,True,2,1,1,1,5,2,1,2
9245,25,True,5,16,8,9,27,11,11,5
9247,31,True,3,22,17,6,19,8,8,3
9249,31,True,3,22,17,6,19,8,8,3
9251,6,True,0,-1,-1,0,0,0,0,0
9253,18,True,3,9,4,6,19,8,8,3
9255,24,True,4,15,7,9,26,11,11,4
9257,43,True,4,5,1,5,16,6,6,4
9259,11,True,0,-1,-1,0,0,0,0,0
9261,20,True,2,11,9,3,11,5,4,2
9263,23,True,2,4,4,1,6,2,2,2
9265,18,True,2,9,7,3,11,5,4,2
9267,18,True,2,9,7,3,11,5,4,2
9269,6,True,0,-1,-1,0,0,0,0,0
9271,16,True,2,4,4,1,5,2,1,2
9273,29,True,4,20,12,9,26,11,11,4
9275,27,True,4,18,10,9,26,11,11,4
9277,10,True,1,2,2,1,4,2,1,1
9279,18,True,1,3,3,1,3,1,1,1
9281,12,True,1,8,8,1,3,1,1,1
9283,11,True,1,7,7,1,3,1,1,1
9285,7,True,0,-1,-1,0,0,0,0,0
9287,29,True,4,18,18,1,8,3,1,4
9289,16,True,1,5,5,1,3,1,1,1
9291,6,True,0,-1,-1,0,0,0,0,0
9293,30,True,5,4,3,2,12,5,2,5
9295,10,True,1,6,6,1,3,1,1,1
9297,30,True,4,4,3,2,11,5,2,4
9299,25,True,1,1,1,1,4,2,1,1
9301,20,True,5,11,3,9,27,11,11,5
9303,5,True,0,-1,-1,0,0,0,0,0
9305,19,True,1,2,2,1,2,0,1,1
9307,17,True,1,1,1,1,3,1,1,1
9309,26,True,4,17,9,9,26,11,11,4
9311,17,True,0,-1,-1,0,0,0,0,0
9313,19,True,2,10,8,3,11,5,4,2
9315,24,True,4,15,7,9,26,11,11,4
9317,25,True,4,16,8,9,26,11,11,4
9319,16,True,2,1,1,1,4,1,1,2
9321,13,True,1,1,1,1,4,1,2,1
9323,13,True,1,2,2,1,2,0,1,1
9325,17,True,2,8,6,3,11,5,4,2
9327,17,True,2,3,3,1,4,1,1,2
9329,20,True,5,11,3,9,27,11,11,5
9331,26,True,4,9,5,5,18,7,7,4
9333,7,True,0,-1,-1,0,0,0,0,0
9335,7,True,0,-1,-1,0,0,0,0,0
9337,27,True,4,18,10,9,26,11,11,4
9339,27,True,4,18,10,9,26,11,11,4
9341,15,True,4,4,3,2,10,4,2,4
9343,10,True,3,0,0,1,7,3,1,3
9345,27,True,5,4,3,2,12,5,2,5
9347,13,True,1,6,6,1,2,0,1,1
9349,13,True,1,6,6,1,2,0,1,1
9351,17,True,2,8,6,3,11,5,4,2
9353,27,True,3,8,7,2,8,3,2,3
9355,32,True,6,15,6,10,32,13,13,6
9357,13,True,1,6,6,1,2,0,1,1
9359,9,True,0,-1,-1,0,0,0,0,0
9361,10,True,0,-1,-1,0,0,0,0,0
9363,9,True,0,-1,-1,0,0,0,0,0
9365,12,True,1,5,5,1,2,0,1,1
9367,11,True,1,4,4,1,2,0,1,1
9369,13,True,1,6,6,1,2,0,1,1
9371,27,True,4,5,5,1,8,3,1,4
9373,27,True,3,18,13,6,19,8,8,3
9375,6,True,2,0,0,1,5,2,1,2
9377,20,True,2,11,9,3,12,5,5,2
9379,25,True,3,16,11,6,19,8,8,3
9381,25,True,3,16,11,6,19,8,8,3
9383,17,True,1,1,1,1,2,0,1,1
9385,13,True,2,1,1,1,7,3,2,2
9387,14,True,1,7,7,1,2,0,1,1
9389,21,True,2,5,4,2,6,2,2,2
9391,11,True,1,0,0,1,4,2,1,1
9393,20,True,2,4,3,2,7,2,3,2
9395,19,True,2,3,2,2,7,2,3,2
9397,20,True,5,11,3,9,27,11,11,5
9399,13,True,1,1,1,1,2,0,1,1
9401,11,True,2,3,3,1,5,2,1,2
9403,10,True,2,2,2,1,6,2,2,2
9405,13,True,1,1,1,1,3,1,1,1
9407,17,True,2,0,0,1,6,3,1,2
9409,14,True,1,7,7,1,2,0,1,1
9411,11,True,1,4,4,1,2,0,1,1
9413,7,True,0,-1,-1,0,0,0,0,0
9415,12,True,1,5,5,1,2,0,1,1
9417,20,True,1,3,3,1,4,2,1,1
9419,20,True,1,3,3,1,4,2,1,1
9421,8,True,0,-1,-1,0,0,0,0,0
9423,10,True,1,3,3,1,2,0,1,1
9425,29,True,3,20,15,6,19,8,8,3
9427,28,True,3,19,14,6,19,8,8,3
9429,20,True,4,11,3,9,26,11,11,4
9431,19,True,1,1,1,1,2,0,1,1
9433,6,True,0,-1,-1,0,0,0,0,0
9435,24,True,3,15,10,6,19,8,8,3
9437,13,True,1,2,2,1,3,1,1,1
9439,21,True,1,0,0,1,5,2,2,1
9441,21,True,2,2,2,1,6,3,1,2
9443,19,True,4,10,2,9,26,11,11,4
9445,12,True,0,-1,-1,0,0,0,0,0
9447,25,True,3,16,11,6,19,8,8,3
9449,12,True,2,1,1,1,4,1,1,2
9451,24,True,3,15,10,6,19,8,8,3
9453,12,True,0,-1,-1,0,0,0,0,0
9455,23,True,3,14,9,6,19,8,8,3
9457,13,True,0,-1,-1,0,0,0,0,0
9459,11,True,0,-1,-1,0,0,0,0,0
9461,12,True,0,-1,-1,0,0,0,0,0
9463,11,True,0,-1,-1,0,0,0,0,0
9465,12,True,0,-1,-1,0,0,0,0,0
9467,20,True,2,3,3,1,6,2,2,2
9469,17,True,4,8,8,1,7,2,1,4
9471,25,True,3,16,11,6,19,8,8,3
9473,13,True,0,-1,-1,0,0,0,0,0
9475,11,True,1,2,2,1,4,1,2,1
9477,21,True,4,12,4,9,26,11,11,4
9479,31,True,5,22,14,9,27,11,11,5
9481,27,True,3,18,13,6,19,8,8,3
9483,11,True,1,6,6,1,2,0,1,1
9485,23,True,3,4,3,2,8,3,2,3
9487,11,True,0,-1,-1,0,0,0,0,0
9489,24,True,3,5,4,2,8,3,2,3
9491,10,True,0,-1,-1,0,0,0,0,0
9493,13,True,2,4,2,3,11,5,4,2
9495,22,True,3,13,8,6,19,8,8,3
9497,11,True,1,2,2,1,3,1,1,1
9499,18,True,3,2,1,2,9,4,2,3
9501,27,True,4,10,8,3,12,5,3,4
9503,22,True,3,13,8,6,19,8,8,3
9505,20,True,4,11,3,9,26,11,11,4
9507,9,True,1,2,2,1,2,0,1,1
9509,9,True,1,4,4,1,4,1,2,1
9511,9,True,0,-1,-1,0,0,0,0,0
9513,34,True,5,25,17,9,27,11,11,5
9515,9,True,1,4,4,1,4,1,2,1
9517,14,True,2,5,3,3,10,4,4,2
9519,23,True,1,0,0,1,4,2,1,1
9521,7,True,0,-1,-1,0,0,0,0,0
9523,7,True,0,-1,-1,0,0,0,0,0
9525,13,True,1,4,4,1,6,3,2,1
9527,32,True,4,2,1,2,11,4,3,4
9529,23,True,1,5,5,1,4,2,1,1
9531,13,True,1,4,4,1,6,3,2,1
9533,9,True,1,4,4,1,2,0,1,1
9535,19,True,2,6,6,1,5,2,1,2
9537,14,True,1,5,5,1,6,3,2,1
9539,14,True,2,5,5,1,4,1,1,2
9541,18,True,4,7,7,1,8,3,1,4
9543,9,True,1,2,2,1,4,2,1,1
9545,14,True,2,5,5,1,4,1,1,2
9547,18,True,4,7,7,1,8,3,1,4
9549,18,True,4,7,7,1,8,3,1,4
9551,12,True,0,-1,-1,0,0,0,0,0
9553,18,True,4,7,7,1,8,3,1,4
9555,17,True,4,6,6,1,8,3,1,4
9557,5,True,1,1,1,1,3,1,1,1
9559,14,True,1,5,5,1,5,2,2,1
9561,16,True,1,4,4,1,4,2,1,1
9563,37,True,7,11,9,3,18,7,4,7
9565,21,True,3,12,7,6,19,8,8,3
9567,14,True,1,2,2,1,3,1,1,1
9569,16,True,1,2,2,1,3,1,1,1
9571,15,True,1,11,11,1,3,1,1,1
9573,15,True,1,11,11,1,3,1,1,1
9575,30,True,8,8,6,3,18,7,3,8
9577,25,True,3,4,4,1,8,3,2,3
9579,25,True,3,4,4,1,8,3,2,3
9581,7,True,1,2,2,1,3,1,1,1
9583,24,True,5,6,2,5,16,6,5,5
9585,20,True,3,11,6,6,19,8,8,3
9587,16,True,1,12,12,1,3,1,1,1
9589,19,True,3,10,5,6,19,8,8,3
9591,31,True,5,22,14,9,27,11,11,5
9593,22,True,5,9,6,4,14,5,4,5
9595,15,True,1,11,11,1,3,1,1,1
9597,14,True,1,10,10,1,3,1,1,1
9599,28,True,5,19,11,9,27,11,11,5
9601,31,True,5,22,14,9,27,11,11,5
9603,19,True,3,10,5,6,19,8,8,3
9605,29,True,5,20,12,9,27,11,11,5
9607,18,True,3,9,4,6,19,8,8,3
9609,14,True,1,1,1,1,3,1,1,1
9611,28,True,5,19,11,9,27,11,11,5
9613,12,True,4,3,3,1,7,2,1,4
9615,20,True,3,11,6,6,19,8,8,3
9617,12,True,0,-1,-1,0,0,0,0,0
9619,10,True,0,-1,-1,0,0,0,0,0
9621,11,True,4,2,2,1,7,2,1,4
9623,9,True,0,-1,-1,0,0,0,0,0
9625,11,True,0,-1,-1,0,0,0,0,0
9627,10,True,0,-1,-1,0,0,0,0,0
9629,13,True,1,2,2,1,5,2,2,1
9631,26,True,2,0,0,1,5,2,1,2
9633,12,True,0,-1,-1,0,0,0,0,0
9635,19,True,3,10,5,6,19,8,8,3
9637,18,True,3,9,4,6,19,8,8,3
9639,22,True,3,5,3,3,11,4,4,3
9641,14,True,1,1,1,1,6,2,3,1
9643,28,True,5,19,11,9,27,11,11,5
9645,30,True,4,21,13,9,26,11,11,4
9647,20,True,3,11,6,6,19,8,8,3
9649,13,True,3,4,4,1,6,2,1,3
9651,12,True,3,3,3,1,6,2,1,3
9653,17,True,1,2,2,1,3,1,1,1
9655,15,True,1,11,11,1,3,1,1,1
9657,12,True,3,3,3,1,6,2,1,3
9659,30,True,4,21,13,9,26,11,11,4
9661,19,True,3,10,5,6,19,8,8,3
9663,28,True,8,3,0,4,23,10,5,8
9665,18,True,1,14,14,1,3,1,1,1
9667,14,True,2,1,1,1,5,2,1,2
9669,4,True,0,-1,-1,0,0,0,0,0
9671,18,True,1,14,14,1,3,1,1,1
9673,12,True,2,3,3,1,5,2,1,2
9675,16,True,1,12,12,1,3,1,1,1
9677,12,True,0,-1,-1,0,0,0,0,0
9679,28,True,5,19,11,9,27,11,11,5
9681,11,True,0,-1,-1,0,0,0,0,0
9683,21,True,3,4,3,2,8,3,2,3
9685,3,True,0,-1,-1,0,0,0,0,0
9687,26,True,4,17,9,9,26,11,11,4
9689,13,True,5,2,2,1,9,3,1,5
9691,10,True,0,-1,-1,0,0,0,0,0
9693,14,True,4,3,3,1,8,3,1,4
9695,27,True,4,18,10,9,26,11,11,4
9697,22,True,4,11,10,2,10,4,2,4
9699,3,True,0,-1,-1,0,0,0,0,0
9701,30,True,7,4,2,3,18,7,4,7
9703,22,True,4,11,10,2,10,4,2,4
9705,31,True,6,6,1,6,20,8,6,6
9707,26,True,8,4,2,3,18,7,3,8
9709,24,True,3,15,10,6,19,8,8,3
9711,12,True,2,1,0,2,7,3,2,2
9713,11,True,0,-1,-1,0,0,0,0,0
9715,28,True,5,19,11,9,27,11,11,5
9717,9,True,0,-1,-1,0,0,0,0,0
9719,21,True,3,12,7,6,19,8,8,3
9721,28,True,5,19,11,9,27,11,11,5
9723,21,True,1,14,14,1,2,0,1,1
9725,25,True,5,16,8,9,27,11,11,5
9727,15,True,4,2,0,3,15,6,5,4
9729,29,True,5,20,12,9,27,11,11,5
9731,10,True,0,-1,-1,0,0,0,0,0
9733,10,True,0,-1,-1,0,0,0,0,0
9735,10,True,1,0,0,1,3,1,1,1
9737,27,True,5,18,10,9,27,11,11,5
9739,10,True,0,-1,-1,0,0,0,0,0
9741,25,True,5,16,8,9,27,11,11,5
9743,8,True,0,-1,-1,0,0,0,0,0
9745,25,True,5,16,8,9,27,11,11,5
9747,21,True,3,12,7,6,19,8,8,3
9749,23,True,5,14,6,9,27,11,11,5
9751,21,True,2,12,10,3,11,5,4,2
9753,22,True,2,13,11,3,11,5,4,2
9755,11,True,1,1,1,1,5,2,2,1
9757,24,True,5,15,7,9,27,11,11,5
9759,27,True,2,0,0,1,5,2,1,2
9761,10,True,0,-1,-1,0,0,0,0,0
9763,23,True,5,14,6,9,27,11,11,5
9765,13,True,1,1,1,1,3,1,1,1
9767,12,True,1,0,0,1,3,1,1,1
9769,20,True,4,2,1,2,9,3,2,4
9771,24,True,5,15,7,9,27,11,11,5
9773,10,True,0,-1,-1,0,0,0,0,0
9775,23,True,4,2,0,3,12,5,3,4
9777,8,True,0,-1,-1,0,0,0,0,0
9779,8,True,0,-1,-1,0,0,0,0,0
9781,9,True,1,5,5,1,3,1,1,1
9783,29,True,4,18,18,1,8,3,1,4
9785,33,True,6,7,5,3,15,6,3,6
9787,32,True,5,6,5,2,12,5,2,5
9789,23,True,5,14,6,9,27,11,11,5
9791,11,True,1,7,7,1,3,1,1,1
9793,30,True,4,21,13,9,26,11,11,4
9795,28,True,4,19,11,9,26,11,11,4
9797,24,True,4,15,7,9,26,11,11,4
9799,9,True,1,0,0,1,3,1,1,1
9801,21,True,1,4,4,1,2,0,1,1
9803,23,True,4,14,6,9,26,11,11,4
9805,23,True,4,14,6,9,26,11,11,4
9807,20,True,1,2,2,1,4,2,1,1
9809,28,True,4,19,11,9,26,11,11,4
9811,26,True,4,17,9,9,26,11,11,4
9813,9,True,1,5,5,1,3,1,1,1
9815,23,True,5,14,6,9,27,11,11,5
9817,22,True,5,13,5,9,27,11,11,5
9819,15,True,1,1,1,1,3,1,1,1
9821,22,True,4,13,5,9,26,11,11,4
9823,18,True,2,9,7,3,11,5,4,2
9825,9,True,0,-1,-1,0,0,0,0,0
9827,22,True,4,13,5,9,26,11,11,4
9829,23,True,4,14,6,9,26,11,11,4
9831,17,True,2,2,0,3,10,4,4,2
9833,9,True,1,1,1,1,4,1,2,1
9835,30,True,4,21,13,9,26,11,11,4
9837,17,True,4,6,5,2,10,4,2,4
9839,8,True,1,0,0,1,4,2,1,1
9841,10,True,1,6,6,1,3,1,1,1
9843,17,True,1,10,10,1,2,0,1,1
9845,14,True,1,1,1,1,2,0,1,1
9847,15,True,1,8,8,1,2,0,1,1
9849,15,True,1,1,1,1,2,0,1,1
9851,16,True,1,9,9,1,2,0,1,1
9853,34,True,6,17,8,10,32,13,13,6
9855,17,True,4,1,0,2,10,4,2,4
9857,12,True,0,-1,-1,0,0,0,0,0
9859,9,True,1,5,5,1,3,1,1,1
9861,16,True,1,9,9,1,2,0,1,1
9863,15,True,1,0,0,1,3,1,1,1
9865,19,True,2,2,1,2,6,2,2,2
9867,15,True,1,8,8,1,2,0,1,1
9869,22,True,5,13,5,9,27,11,11,5
9871,28,True,4,6,6,1,8,3,1,4
9873,23,True,4,14,6,9,26,11,11,4
9875,22,True,4,13,5,9,26,11,11,4
9877,21,True,5,12,4,9,27,11,11,5
9879,21,True,5,12,4,9,27,11,11,5
9881,28,True,3,19,14,6,19,8,8,3
9883,27,True,3,18,13,6,19,8,8,3
9885,22,True,4,13,5,9,26,11,11,4
9887,40,True,4,31,23,9,26,11,11,4
9889,24,True,2,8,7,2,6,2,2,2
9891,20,True,2,4,3,2,7,2,3,2
9893,20,True,2,1,1,1,6,2,2,2
9895,21,True,2,5,4,2,7,2,3,2
9897,40,True,4,3,1,3,14,5,5,4
9899,17,True,1,5,5,1,3,1,1,1
9901,16,True,2,4,4,1,5,2,1,2
9903,13,True,2,5,5,1,5,2,1,2
9905,10,True,1,6,6,1,3,1,1,1
9907,9,True,1,5,5,1,3,1,1,1
9909,24,True,4,15,7,9,26,11,11,4
9911,16,True,1,9,9,1,2,0,1,1
9913,11,True,1,1,1,1,2,0,1,1
9915,9,True,0,-1,-1,0,0,0,0,0
9917,10,True,1,1,1,1,3,1,1,1
9919,25,True,4,14,14,1,8,3,1,4
9921,25,True,4,16,8,9,26,11,11,4
9923,12,True,1,1,1,1,3,1,1,1
9925,9,True,1,5,5,1,3,1,1,1
9927,23,True,4,14,6,9,26,11,11,4
9929,22,True,4,13,5,9,26,11,11,4
9931,22,True,1,2,2,1,4,2,1,1
9933,9,True,1,5,5,1,3,1,1,1
9935,27,True,3,18,13,6,19,8,8,3
9937,16,True,1,5,5,1,3,1,1,1
9939,14,True,1,3,3,1,3,1,1,1
9941,15,True,2,6,4,3,11,5,4,2
9943,13,True,0,-1,-1,0,0,0,0,0
9945,15,True,0,-1,-1,0,0,0,0,0
9947,21,True,4,12,4,9,26,11,11,4
9949,15,True,0,-1,-1,0,0,0,0,0
9951,14,True,1,0,0,1,5,2,2,1
9953,14,True,2,3,2,2,8,3,3,2
9955,14,True,2,5,3,3,11,5,4,2
9957,9,True,1,1,1,1,2,0,1,1
9959,12,True,1,0,0,1,3,1,1,1
9961,15,True,2,1,1,1,4,1,1,2
9963,13,True,0,-1,-1,0,0,0,0,0
9965,20,True,4,11,11,1,7,2,1,4
9967,12,True,1,0,0,1,4,2,1,1
9969,16,True,2,7,5,3,11,5,4,2
9971,22,True,3,5,2,4,16,7,6,3
9973,23,True,4,14,6,9,26,11,11,4
9975,28,True,3,3,3,1,7,3,1,3
9977,8,True,1,1,1,1,2,0,1,1
9979,14,True,0,-1,-1,0,0,0,0,0
9981,13,True,3,2,1,2,8,3,2,3
9983,23,True,3,0,0,1,8,4,1,3
9985,17,True,2,8,6,3,11,5,4,2
9987,25,True,3,6,5,2,8,3,2,3
9989,15,True,2,6,4,3,11,5,4,2
9991,25,True,3,6,5,2,8,3,2,3
9993,14,True,1,1,1,1,3,1,1,1
9995,13,True,1,4,4,1,3,1,1,1
9997,28,True,6,11,2,10,32,13,13,6
9999,13,True,2,4,2,3,11,5,4,2
10001,29,True,5,12,3,10,31,13,13,5
10003,13,True,1,4,4,1,3,1,1,1
10005,6,True,0,-1,-1,0,0,0,0,0
10007,26,True,4,9,7,3,12,5,3,4
10009,24,True,3,2,2,1,7,3,1,3
10011,32,True,5,1,1,1,10,4,1,5
10013,13,True,1,1,1,1,2,0,1,1
10015,11,True,2,0,0,1,5,2,1,2
10017,16,True,2,7,5,3,12,5,5,2
10019,16,True,1,7,7,1,6,3,2,1
10021,15,True,1,6,6,1,6,3,2,1
10023,11,True,1,0,0,1,3,1,1,1
10025,15,True,2,6,4,3,10,4,4,2
10027,16,True,1,7,7,1,6,3,2,1
10029,10,True,1,6,6,1,3,1,1,1
10031,9,True,1,0,0,1,4,2,1,1
10033,9,True,1,5,5,1,3,1,1,1
10035,9,True,1,5,5,1,3,1,1,1
10037,23,True,3,14,9,6,19,8,8,3
10039,10,True,1,3,3,1,2,0,1,1
10041,12,True,1,1,1,1,2,0,1,1
10043,8,True,1,4,4,1,3,1,1,1
10045,17,True,2,8,8,1,4,1,1,2
10047,14,True,1,0,0,1,6,3,2,1
10049,23,True,3,14,9,6,19,8,8,3
10051,20,True,4,9,9,1,8,3,1,4
10053,22,True,3,13,8,6,19,8,8,3
10055,16,True,2,7,7,1,4,1,1,2
10057,20,True,4,9,9,1,8,3,1,4
10059,22,True,3,13,8,6,19,8,8,3
10061,8,True,1,2,2,1,3,1,1,1
10063,20,True,4,9,9,1,8,3,1,4
10065,7,True,1,3,3,1,3,1,1,1
10067,16,True,2,1,1,1,5,2,1,2
10069,8,True,1,1,1,1,2,0,1,1
10071,24,True,3,15,10,6,19,8,8,3
10073,23,True,3,14,9,6,19,8,8,3
10075,18,True,1,1,1,1,3,1,1,1
10077,17,True,1,13,13,1,3,1,1,1
10079,20,True,3,11,6,6,19,8,8,3
10081,18,True,1,2,2,1,3,1,1,1
10083,9,True,0,-1,-1,0,0,0,0,0
10085,9,True,0,-1,-1,0,0,0,0,0
10087,37,True,6,3,0,4,17,7,4,6
10089,22,True,3,13,8,6,19,8,8,3
10091,9,True,1,4,4,1,3,1,1,1
10093,21,True,3,12,7,6,19,8,8,3
10095,26,True,5,8,4,5,16,6,5,5
10097,9,True,0,-1,-1,0,0,0,0,0
10099,17,True,2,3,3,1,5,2,1,2
10101,9,True,0,-1,-1,0,0,0,0,0
10103,17,True,1,3,3,1,4,2,1,1
10105,24,True,5,11,8,4,14,5,4,5
10107,18,True,1,14,14,1,3,1,1,1
10109,31,True,5,22,14,9,27,11,11,5
10111,17,True,2,0,0,1,7,3,2,2
10113,24,True,3,15,10,6,19,8,8,3
10115,15,True,4,6,6,1,7,2,1,4
10117,14,True,4,5,5,1,7,2,1,4
10119,15,True,4,6,6,1,7,2,1,4
10121,32,True,5,23,15,9,27,11,11,5
10123,30,True,5,21,13,9,27,11,11,5
10125,9,True,0,-1,-1,0,0,0,0,0
10127,23,True,3,14,9,6,19,8,8,3
10129,15,True,4,6,6,1,7,2,1,4
10131,13,True,4,4,4,1,7,2,1,4
10133,6,True,1,1,1,1,2,0,1,1
10135,7,True,0,-1,-1,0,0,0,0,0
10137,8,True,0,-1,-1,0,0,0,0,0
10139,12,True,0,-1,-1,0,0,0,0,0
10141,15,True,1,1,1,1,2,0,1,1
10143,20,True,2,0,0,1,5,2,1,2
10145,8,True,0,-1,-1,0,0,0,0,0
10147,6,True,0,-1,-1,0,0,0,0,0
10149,20,True,3,11,6,6,19,8,8,3
10151,24,True,4,7,5,3,12,5,3,4
10153,10,True,4,2,1,2,10,4,2,4
10155,17,True,1,4,4,1,6,2,3,1
10157,31,True,4,22,14,9,26,11,11,4
10159,31,True,4,22,14,9,26,11,11,4
10161,9,True,0,-1,-1,0,0,0,0,0
10163,8,True,0,-1,-1,0,0,0,0,0
10165,6,True,0,-1,-1,0,0,0,0,0
10167,19,True,1,4,4,1,3,1,1,1
10169,20,True,1,1,1,1,2,0,1,1
10171,19,True,1,4,4,1,2,0,1,1
10173,32,True,4,23,15,9,26,11,11,4
10175,30,True,4,21,13,9,26,11,11,4
10177,6,True,0,-1,-1,0,0,0,0,0
10179,19,True,1,1,1,1,4,2,1,1
10181,9,True,0,-1,-1,0,0,0,0,0
10183,17,True,2,4,4,1,5,2,1,2
10185,5,True,0,-1,-1,0,0,0,0,0
10187,6,True,0,-1,-1,0,0,0,0,0
10189,7,True,0,-1,-1,0,0,0,0,0
10191,12,True,0,-1,-1,0,0,0,0,0
10193,7,True,0,-1,-1,0,0,0,0,0
10195,30,True,5,21,13,9,27,11,11,5
10197,10,True,2,1,1,1,4,1,1,2
10199,22,True,3,5,4,2,8,3,2,3
10201,9,True,0,-1,-1,0,0,0,0,0
10203,29,True,4,20,12,9,26,11,11,4
10205,16,True,4,5,5,1,8,3,1,4
10207,14,True,5,3,3,1,9,3,1,5
10209,20,True,1,2,2,1,4,2,1,1
10211,10,True,1,1,1,1,3,1,1,1
10213,33,True,7,7,5,3,18,7,4,7
10215,23,True,4,12,11,2,10,4,2,4
10217,16,True,3,5,1,5,13,5,5,3
10219,15,True,2,5,5,1,9,4,3,2
10221,13,True,1,4,4,1,3,1,1,1
10223,31,True,6,5,3,3,17,7,4,6
10225,11,True,0,-1,-1,0,0,0,0,0
10227,26,True,3,17,12,6,19,8,8,3
10229,22,True,4,3,1,3,11,4,3,4
10231,13,True,0,-1,-1,0,0,0,0,0
10233,31,True,5,22,14,9,27,11,11,5
10235,22,True,4,4,3,2,9,3,2,4
10237,20,True,6,5,1,5,19,7,6,6
10239,34,True,5,0,0,1,11,5,1,5
10241,29,True,5,20,12,9,27,11,11,5
10243,9,True,0,-1,-1,0,0,0,0,0
10245,29,True,5,20,12,9,27,11,11,5
10247,8,True,1,0,0,1,3,1,1,1
10249,14,True,1,1,1,1,3,1,1,1
10251,28,True,5,19,11,9,27,11,11,5
10253,13,True,1,9,9,1,3,1,1,1
10255,27,True,5,18,10,9,27,11,11,5
10257,13,True,1,9,9,1,3,1,1,1
10259,27,True,5,18,10,9,27,11,11,5
10261,11,True,1,7,7,1,3,1,1,1
10263,11,True,1,7,7,1,3,1,1,1
10265,24,True,3,15,10,6,19,8,8,3
10267,25,True,5,16,8,9,27,11,11,5
10269,26,True,5,17,9,9,27,11,11,5
10271,10,True,2,0,0,1,5,2,1,2
10273,26,True,5,17,9,9,27,11,11,5
10275,10,True,1,6,6,1,3,1,1,1
10277,12,True,1,1,1,1,3,1,1,1
10279,24,True,5,15,7,9,27,11,11,5
10281,22,True,2,1,1,1,5,2,1,2
10283,16,True,1,4,4,1,3,1,1,1
10285,12,True,1,8,8,1,3,1,1,1
10287,25,True,5,16,8,9,27,11,11,5
10289,12,True,1,2,2,1,3,1,1,1
10291,12,True,0,-1,-1,0,0,0,0,0
10293,7,True,0,-1,-1,0,0,0,0,0
10295,19,True,2,2,1,2,7,3,2,2
10297,12,True,1,1,1,1,2,0,1,1
10299,10,True,0,-1,-1,0,0,0,0,0
10301,25,True,5,16,8,9,27,11,11,5
10303,14,True,1,1,1,1,4,1,2,1
10305,25,True,5,16,8,9,27,11,11,5
10307,24,True,5,15,7,9,27,11,11,5
10309,7,True,0,-1,-1,0,0,0,0,0
10311,17,True,1,0,0,1,3,1,1,1
10313,13,True,1,9,9,1,3,1,1,1
10315,6,True,0,-1,-1,0,0,0,0,0
10317,26,True,4,17,9,9,26,11,11,4
10319,26,True,4,17,9,9,26,11,11,4
10321,25,True,4,16,8,9,26,11,11,4
10323,23,True,1,1,1,1,4,2,1,1
10325,17,True,3,8,3,6,19,8,8,3
10327,12,True,1,8,8,1,3,1,1,1
10329,12,True,1,8,8,1,3,1,1,1
10331,28,True,7,6,1,6,23,10,6,7
10333,13,True,1,9,9,1,3,1,1,1
10335,27,True,4,18,10,9,26,11,11,4
10337,27,True,5,18,10,9,27,11,11,5
10339,11,True,1,7,7,1,3,1,1,1
10341,12,True,1,8,8,1,3,1,1,1
10343,18,True,2,1,0,2,7,3,2,2
10345,24,True,4,15,7,9,26,11,11,4
10347,21,True,2,12,10,3,11,5,4,2
10349,24,True,4,15,7,9,26,11,11,4
10351,21,True,2,2,0,3,9,4,3,2
10353,17,True,3,8,3,6,19,8,8,3
10355,14,True,1,10,10,1,3,1,1,1
10357,10,True,1,1,1,1,2,0,1,1
10359,18,True,4,7,6,2,10,4,2,4
10361,19,True,4,8,7,2,10,4,2,4
10363,19,True,4,8,7,2,10,4,2,4
10365,12,True,2,1,1,1,4,1,1,2
10367,28,True,4,2,0,3,14,6,4,4
10369,17,True,1,4,4,1,2,0,1,1
10371,9,True,0,-1,-1,0,0,0,0,0
10373,10,True,0,-1,-1,0,0,0,0,0
10375,16,True,1,0,0,1,3,1,1,1
10377,18,True,2,2,1,2,7,2,3,2
10379,36,True,6,19,10,10,32,13,13,6
10381,18,True,3,9,4,6,19,8,8,3
10383,13,True,0,-1,-1,0,0,0,0,0
10385,18,True,1,11,11,1,2,0,1,1
10387,17,True,1,10,10,1,2,0,1,1
10389,23,True,5,14,6,9,27,11,11,5
10391,16,True,3,7,2,6,19,8,8,3
10393,25,True,5,16,8,9,27,11,11,5
10395,16,True,1,1,1,1,4,2,1,1
10397,24,True,5,15,7,9,27,11,11,5
10399,14,True,2,0,0,1,5,2,1,2
10401,25,True,4,16,8,9,26,11,11,4
10403,23,True,5,14,6,9,27,11,11,5
10405,29,True,3,20,15,6,19,8,8,3
10407,19,True,2,2,0,3,9,4,3,2
10409,14,True,4,1,1,1,7,2,1,4
10411,25,True,4,16,8,9,26,11,11,4
10413,18,True,3,9,4,6,19,8,8,3
10415,42,True,4,33,25,9,26,11,11,4
10417,10,True,0,-1,-1,0,0,0,0,0
10419,9,True,0,-1,-1,0,0,0,0,0
10421,18,True,2,9,7,3,11,5,4,2
10423,23,True,2,7,6,2,7,2,3,2
10425,9,True,1,1,1,1,2,0,1,1
10427,19,True,1,2,2,1,3,1,1,1
10429,17,True,2,5,5,1,5,2,1,2
10431,16,True,2,0,0,1,6,3,1,2
10433,28,True,4,19,11,9,26,11,11,4
10435,26,True,4,17,9,9,26,11,11,4
10437,10,True,1,2,2,1,4,2,1,1
10439,19,True,1,0,0,1,3,1,1,1
10441,17,True,2,8,6,3,11,5,4,2
10443,12,True,1,3,3,1,4,2,1,1
10445,11,True,1,7,7,1,3,1,1,1
10447,11,True,1,1,1,1,3,1,1,1
10449,16,True,1,5,5,1,3,1,1,1
10451,15,True,1,4,4,1,3,1,1,1
10453,5,True,0,-1,-1,0,0,0,0,0
10455,10,True,1,6,6,1,3,1,1,1
10457,10,True,1,6,6,1,3,1,1,1
10459,24,True,4,15,7,9,26,11,11,4
10461,29,True,4,3,2,2,11,5,2,4
10463,24,True,1,0,0,1,5,2,2,1
10465,24,True,4,2,2,1,8,3,1,4
10467,4,True,0,-1,-1,0,0,0,0,0
10469,18,True,1,1,1,1,2,0,1,1
10471,16,True,1,0,0,1,3,1,1,1
10473,17,True,2,1,1,1,4,1,1,2
10475,18,True,0,-1,-1,0,0,0,0,0
10477,18,True,2,9,7,3,11,5,4,2
10479,23,True,3,1,0,2,9,4,2,3
10481,26,True,4,17,9,9,26,11,11,4
10483,16,True,2,5,4,2,8,3,3,2
10485,24,True,4,15,7,9,26,11,11,4
10487,12,True,1,4,4,1,2,0,1,1
10489,12,True,1,1,1,1,2,0,1,1
10491,14,True,1,2,2,1,5,2,2,1
10493,16,True,2,7,5,3,11,5,4,2
10495,15,True,2,0,0,1,8,3,3,2
10497,27,True,4,18,10,9,26,11,11,4
10499,24,True,4,7,3,5,18,7,7,4
10501,7,True,0,-1,-1,0,0,0,0,0
10503,24,True,3,7,4,4,16,7,6,3
10505,26,True,4,17,9,9,26,11,11,4
10507,26,True,4,17,9,9,26,11,11,4
10509,6,True,0,-1,-1,0,0,0,0,0
10511,13,True,4,2,1,2,10,4,2,4
10513,7,True,0,-1,-1,0,0,0,0,0
10515,25,True,4,2,2,1,9,4,1,4
10517,12,True,1,5,5,1,2,0,1,1
10519,17,True,2,8,6,3,11,5,4,2
10521,17,True,2,8,6,3,11,5,4,2
10523,26,True,3,7,6,2,8,3,2,3
10525,31,True,6,14,5,10,32,13,13,6
10527,15,True,2,0,0,1,5,2,1,2
10529,10,True,0,-1,-1,0,0,0,0,0
10531,8,True,0,-1,-1,0,0,0,0,0
10533,8,True,0,-1,-1,0,0,0,0,0
10535,31,True,5,14,5,10,31,13,13,5
10537,15,True,1,1,1,1,5,2,2,1
10539,30,True,4,13,11,3,12,5,3,4
10541,12,True,1,5,5,1,2,0,1,1
10543,26,True,4,4,4,1,8,3,1,4
10545,26,True,3,17,12,6,19,8,8,3
10547,26,True,3,17,12,6,19,8,8,3
10549,12,True,1,5,5,1,2,0,1,1
10551,18,True,2,9,7,3,12,5,5,2
10553,19,True,1,1,1,1,2,0,1,1
10555,24,True,3,15,10,6,19,8,8,3
10557,25,True,3,16,11,6,19,8,8,3
10559,12,True,1,0,0,1,6,3,2,1
10561,13,True,1,6,6,1,2,0,1,1
10563,10,True,1,6,6,1,3,1,1,1
10565,19,True,2,3,2,2,6,2,2,2
10567,10,True,1,0,0,1,3,1,1,1
10569,12,True,1,8,8,1,3,1,1,1
10571,19,True,2,10,10,1,4,1,1,2
10573,19,True,2,10,10,1,4,1,1,2
10575,12,True,1,5,5,1,2,0,1,1
10577,10,True,2,2,2,1,5,2,1,2
10579,9,True,2,1,1,1,6,2,2,2
10581,18,True,5,9,1,9,27,11,11,5
10583,11,True,1,4,4,1,2,0,1,1
10585,25,True,3,16,11,6,19,8,8,3
10587,23,True,4,12,12,1,8,3,1,4
10589,11,True,1,4,4,1,2,0,1,1
10591,22,True,3,13,8,6,19,8,8,3
10593,23,True,4,12,12,1,8,3,1,4
10595,19,True,1,2,2,1,4,2,1,1
10597,19,True,1,2,2,1,4,2,1,1
10599,27,True,4,10,7,4,13,5,4,4
10601,10,True,1,3,3,1,2,0,1,1
10603,19,True,3,4,4,1,6,2,1,3
10605,28,True,3,19,14,6,19,8,8,3
10607,9,True,1,0,0,1,4,2,1,1
10609,6,True,0,-1,-1,0,0,0,0,0
10611,19,True,1,15,15,1,3,1,1,1
10613,5,True,0,-1,-1,0,0,0,0,0
10615,23,True,3,14,9,6,19,8,8,3
10617,43,True,4,2,1,2,10,4,2,4
10619,21,True,1,5,5,1,3,1,1,1
10621,11,True,0,-1,-1,0,0,0,0,0
10623,18,True,1,14,14,1,3,1,1,1
10625,13,True,0,-1,-1,0,0,0,0,0
10627,12,True,0,-1,-1,0,0,0,0,0
10629,11,True,0,-1,-1,0,0,0,0,0
10631,11,True,1,0,0,1,3,1,1,1
10633,23,True,3,14,9,6,19,8,8,3
10635,11,True,0,-1,-1,0,0,0,0,0
10637,11,True,0,-1,-1,0,0,0,0,0
10639,11,True,0,-1,-1,0,0,0,0,0
10641,12,True,0,-1,-1,0,0,0,0,0
10643,10,True,0,-1,-1,0,0,0,0,0
10645,11,True,0,-1,-1,0,0,0,0,0
10647,9,True,0,-1,-1,0,0,0,0,0
10649,11,True,0,-1,-1,0,0,0,0,0
10651,19,True,2,2,2,1,6,2,2,2
10653,17,True,4,8,8,1,7,2,1,4
10655,25,True,3,16,11,6,19,8,8,3
10657,17,True,4,8,8,1,7,2,1,4
10659,10,True,0,-1,-1,0,0,0,0,0
10661,10,True,1,1,1,1,4,1,2,1
10663,11,True,1,0,0,1,3,1,1,1
10665,30,True,5,21,13,9,27,11,11,5
10667,26,True,3,17,12,6,19,8,8,3
10669,10,True,1,5,5,1,2,0,1,1
10671,15,True,4,6,6,1,7,2,1,4
10673,12,True,0,-1,-1,0,0,0,0,0
10675,11,True,0,-1,-1,0,0,0,0,0
10677,22,True,3,3,2,2,8,3,2,3
10679,9,True,0,-1,-1,0,0,0,0,0
10681,12,True,1,1,1,1,2,0,1,1
10683,17,True,1,6,6,1,5,2,2,1
10685,10,True,1,1,1,1,3,1,1,1
10687,17,True,3,1,0,2,9,4,2,3
10689,23,True,3,14,9,6,19,8,8,3
10691,25,True,4,8,6,3,12,5,3,4
10693,19,True,4,10,2,9,26,11,11,4
10695,13,True,4,5,4,2,10,4,2,4
10697,33,True,4,24,16,9,26,11,11,4
10699,9,True,0,-1,-1,0,0,0,0,0
10701,9,True,1,4,4,1,4,1,2,1
10703,33,True,5,24,16,9,27,11,11,5
10705,8,True,1,3,3,1,4,1,2,1
10707,8,True,1,1,1,1,3,1,1,1
10709,12,True,2,3,1,3,10,4,4,2
10711,21,True,1,2,2,1,2,0,1,1
10713,6,True,0,-1,-1,0,0,0,0,0
10715,33,True,4,24,16,9,26,11,11,4
10717,6,True,0,-1,-1,0,0,0,0,0
10719,31,True,4,22,14,9,26,11,11,4
10721,22,True,1,4,4,1,4,2,1,1
10723,12,True,1,3,3,1,6,3,2,1
10725,8,True,1,1,1,1,2,0,1,1
10727,19,True,2,6,6,1,5,2,1,2
10729,7,True,2,1,1,1,4,1,1,2
10731,7,True,0,-1,-1,0,0,0,0,0
10733,14,True,2,5,5,1,4,1,1,2
10735,15,True,2,1,0,2,7,3,2,2
10737,13,True,1,4,4,1,6,3,2,1
10739,13,True,2,4,4,1,4,1,1,2
10741,17,True,4,6,6,1,8,3,1,4
10743,24,True,3,7,6,2,8,3,2,3
10745,12,True,1,1,1,1,2,0,1,1
10747,18,True,4,7,7,1,8,3,1,4
10749,17,True,4,6,6,1,8,3,1,4
10751,30,True,4,0,0,1,9,4,1,4
10753,15,True,1,6,6,1,3,1,1,1
10755,13,True,1,4,4,1,5,2,2,1
10757,15,True,1,3,3,1,4,2,1,1
10759,36,True,7,10,8,3,18,7,4,7
10761,13,True,1,1,1,1,3,1,1,1
10763,15,True,1,3,3,1,3,1,1,1
10765,20,True,3,11,6,6,19,8,8,3
10767,13,True,1,1,1,1,4,1,2,1
10769,20,True,3,11,6,6,19,8,8,3
10771,29,True,3,20,15,6,19,8,8,3
10773,14,True,1,10,10,1,3,1,1,1
10775,24,True,3,3,3,1,8,3,2,3
10777,24,True,3,3,3,1,8,3,2,3
10779,23,True,3,4,2,3,10,4,3,3
10781,6,True,1,1,1,1,2,0,1,1
10783,24,True,3,15,10,6,19,8,8,3
10785,6,True,0,-1,-1,0,0,0,0,0
10787,14,True,1,10,10,1,3,1,1,1
10789,30,True,5,21,13,9,27,11,11,5
10791,31,True,5,22,14,9,27,11,11,5
10793,21,True,5,8,5,4,14,5,4,5
10795,14,True,1,10,10,1,3,1,1,1
10797,15,True,1,11,11,1,3,1,1,1
10799,29,True,5,20,12,9,27,11,11,5
10801,29,True,5,20,12,9,27,11,11,5
10803,29,True,5,20,12,9,27,11,11,5
10805,18,True,3,9,4,6,19,8,8,3
10807,13,True,2,1,1,1,5,2,1,2
10809,16,True,1,1,1,1,2,0,1,1
10811,13,True,1,9,9,1,3,1,1,1
10813,27,True,5,18,10,9,27,11,11,5
10815,11,True,1,7,7,1,3,1,1,1
10817,21,True,3,12,7,6,19,8,8,3
10819,19,True,3,10,5,6,19,8,8,3
10821,10,True,0,-1,-1,0,0,0,0,0
10823,13,True,1,0,0,1,3,1,1,1
10825,14,True,1,3,3,1,3,1,1,1
10827,9,True,0,-1,-1,0,0,0,0,0
10829,10,True,0,-1,-1,0,0,0,0,0
10831,9,True,0,-1,-1,0,0,0,0,0
10833,13,True,1,2,2,1,3,1,1,1
10835,12,True,1,8,8,1,3,1,1,1
10837,10,True,4,1,1,1,7,2,1,4
10839,9,True,0,-1,-1,0,0,0,0,0
10841,21,True,4,4,2,3,12,5,3,4
10843,28,True,5,19,11,9,27,11,11,5
10845,18,True,3,9,4,6,19,8,8,3
10847,13,True,1,2,2,1,2,0,1,1
10849,27,True,5,18,10,9,27,11,11,5
10851,27,True,4,18,10,9,26,11,11,4
10853,28,True,4,19,11,9,26,11,11,4
10855,33,True,4,22,22,1,8,3,1,4
10857,26,True,5,17,9,9,27,11,11,5
10859,10,True,0,-1,-1,0,0,0,0,0
10861,15,True,1,2,2,1,4,2,1,1
10863,16,True,3,4,4,1,6,2,1,3
10865,11,True,3,2,2,1,6,2,1,3
10867,29,True,4,20,12,9,26,11,11,4
10869,16,True,1,1,1,1,2,0,1,1
10871,18,True,3,9,4,6,19,8,8,3
10873,25,True,2,3,3,1,5,2,1,2
10875,20,True,3,11,6,6,19,8,8,3
10877,14,True,2,1,1,1,4,1,1,2
10879,21,True,3,0,0,1,7,3,1,3
10881,31,True,8,9,3,7,27,12,7,8
10883,11,True,2,2,2,1,5,2,1,2
10885,15,True,1,11,11,1,3,1,1,1
10887,19,True,3,10,5,6,19,8,8,3
10889,28,True,5,19,11,9,27,11,11,5
10891,15,True,1,11,11,1,3,1,1,1
10893,10,True,0,-1,-1,0,0,0,0,0
10895,19,True,3,2,1,2,8,3,2,3
10897,27,True,4,18,10,9,26,11,11,4
10899,26,True,4,17,9,9,26,11,11,4
10901,12,True,5,1,1,1,9,3,1,5
10903,9,True,0,-1,-1,0,0,0,0,0
10905,17,True,1,4,4,1,2,0,1,1
10907,27,True,4,18,10,9,26,11,11,4
10909,21,True,4,10,9,2,10,4,2,4
10911,32,True,4,23,15,9,26,11,11,4
10913,22,True,4,11,10,2,10,4,2,4
10915,11,True,2,1,1,1,9,4,3,2
10917,29,True,7,3,1,3,18,7,4,7
10919,30,True,5,5,0,6,19,8,6,5
10921,25,True,8,3,1,3,18,7,3,8
10923,14,True,0,-1,-1,0,0,0,0,0
10925,23,True,3,14,9,6,19,8,8,3
10927,12,True,1,0,0,1,4,2,1,1
10929,28,True,5,19,11,9,27,11,11,5
10931,27,True,5,18,10,9,27,11,11,5
10933,10,True,0,-1,-1,0,0,0,0,0
10935,20,True,3,11,6,6,19,8,8,3
10937,27,True,5,18,10,9,27,11,11,5
10939,20,True,1,13,13,1,2,0,1,1
10941,26,True,5,17,9,9,27,11,11,5
10943,16,True,4,3,0,4,13,5,4,4
10945,10,True,0,-1,-1,0,0,0,0,0
10947,26,True,5,17,9,9,27,11,11,5
10949,9,True,0,-1,-1,0,0,0,0,0
10951,26,True,5,17,9,9,27,11,11,5
10953,8,True,0,-1,-1,0,0,0,0,0
10955,26,True,5,17,9,9,27,11,11,5
10957,9,True,0,-1,-1,0,0,0,0,0
10959,32,True,3,23,18,6,19,8,8,3
10961,9,True,0,-1,-1,0,0,0,0,0
10963,7,True,0,-1,-1,0,0,0,0,0
10965,23,True,5,14,6,9,27,11,11,5
10967,19,True,3,10,5,6,19,8,8,3
10969,8,True,0,-1,-1,0,0,0,0,0
10971,44,True,4,35,27,9,26,11,11,4
10973,21,True,2,12,10,3,11,5,4,2
10975,10,True,1,0,0,1,5,2,2,1
10977,25,True,2,2,2,1,5,2,1,2
10979,22,True,5,13,5,9,27,11,11,5
10981,8,True,0,-1,-1,0,0,0,0,0
10983,19,True,3,2,0,3,10,4,3,3
10985,26,True,5,17,9,9,27,11,11,5
10987,18,True,2,6,6,1,5,2,1,2
10989,13,True,1,5,5,1,4,2,1,1
10991,19,True,3,1,0,2,8,3,2,3
10993,23,True,5,14,6,9,27,11,11,5
10995,21,True,2,2,2,1,5,2,1,2
10997,8,True,0,-1,-1,0,0,0,0,0
10999,13,True,1,9,9,1,3,1,1,1
11001,13,True,1,9,9,1,3,1,1,1
11003,13,True,1,2,2,1,3,1,1,1
11005,30,True,4,19,19,1,8,3,1,4
11007,12,True,4,0,0,1,8,3,1,4
11009,32,True,6,6,4,3,15,6,3,6
11011,31,True,5,5,4,2,12,5,2,5
11013,23,True,5,14,6,9,27,11,11,5
11015,12,True,1,0,0,1,3,1,1,1
11017,27,True,4,18,10,9,26,11,11,4
11019,27,True,2,3,3,1,5,2,1,2
11021,28,True,4,19,11,9,26,11,11,4
11023,20,True,5,11,3,9,27,11,11,5
11025,29,True,4,20,12,9,26,11,11,4
11027,20,True,1,3,3,1,2,0,1,1
11029,22,True,4,13,5,9,26,11,11,4
11031,26,True,4,17,9,9,26,11,11,4
11033,20,True,1,2,2,1,4,2,1,1
11035,17,True,3,1,1,1,7,3,1,3
11037,27,True,4,18,10,9,26,11,11,4
11039,25,True,3,3,2,2,8,3,2,3
11041,27,True,4,18,10,9,26,11,11,4
11043,22,True,5,13,5,9,27,11,11,5
11045,21,True,5,12,4,9,27,11,11,5
11047,14,True,1,0,0,1,3,1,1,1
11049,13,True,1,2,2,1,2,0,1,1
11051,19,True,2,10,8,3,11,5,4,2
11053,9,True,0,-1,-1,0,0,0,0,0
11055,19,True,3,3,3,1,6,2,1,3
11057,9,True,0,-1,-1,0,0,0,0,0
11059,9,True,0,-1,-1,0,0,0,0,0
11061,22,True,4,13,5,9,26,11,11,4
11063,8,True,0,-1,-1,0,0,0,0,0
11065,29,True,4,20,12,9,26,11,11,4
11067,7,True,0,-1,-1,0,0,0,0,0
11069,16,True,4,5,4,2,10,4,2,4
11071,21,True,4,12,12,1,7,2,1,4
11073,22,True,4,13,5,9,26,11,11,4
11075,15,True,1,8,8,1,2,0,1,1
11077,15,True,1,8,8,1,2,0,1,1
11079,8,True,1,0,0,1,3,1,1,1
11081,14,True,1,7,7,1,2,0,1,1
11083,15,True,1,8,8,1,2,0,1,1
11085,14,True,1,7,7,1,2,0,1,1
11087,33,True,6,16,7,10,32,13,13,6
11089,12,True,1,2,2,1,4,2,1,1
11091,10,True,0,-1,-1,0,0,0,0,0
11093,8,True,1,4,4,1,3,1,1,1
11095,10,True,0,-1,-1,0,0,0,0,0
11097,14,True,1,7,7,1,2,0,1,1
11099,18,True,1,1,1,1,3,1,1,1
11101,14,True,1,7,7,1,2,0,1,1
11103,12,True,1,5,5,1,2,0,1,1
11105,29,True,4,7,7,1,8,3,1,4
11107,21,True,4,12,4,9,26,11,11,4
11109,21,True,4,12,4,9,26,11,11,4
11111,7,True,2,1,0,2,9,4,3,2
11113,20,True,2,11,9,3,12,5,5,2
11115,27,True,3,18,13,6,19,8,8,3
11117,27,True,3,18,13,6,19,8,8,3
11119,26,True,3,17,12,6,19,8,8,3
11121,21,True,5,12,4,9,27,11,11,5
11123,21,True,4,12,4,9,26,11,11,4
11125,21,True,5,12,4,9,27,11,11,5
11127,22,True,2,6,5,2,6,2,2,2
11129,13,True,1,2,2,1,4,2,1,1
11131,13,True,1,3,3,1,3,1,1,1
11133,20,True,2,4,3,2,7,2,3,2
11135,39,True,4,30,22,9,26,11,11,4
11137,16,True,1,4,4,1,3,1,1,1
11139,20,True,5,11,3,9,27,11,11,5
11141,14,True,2,2,2,1,5,2,1,2
11143,20,True,5,11,3,9,27,11,11,5
11145,27,True,5,4,3,2,14,5,4,5
11147,13,True,1,6,6,1,2,0,1,1
11149,8,True,1,4,4,1,3,1,1,1
11151,14,True,1,7,7,1,2,0,1,1
11153,10,True,0,-1,-1,0,0,0,0,0
11155,8,True,0,-1,-1,0,0,0,0,0
11157,22,True,4,13,5,9,26,11,11,4
11159,8,True,0,-1,-1,0,0,0,0,0
11161,9,True,0,-1,-1,0,0,0,0,0
11163,20,True,1,3,3,1,4,2,1,1
11165,12,True,1,5,5,1,2,0,1,1
11167,12,True,2,0,0,1,5,2,1,2
11169,31,True,3,22,17,6,19,8,8,3
11171,21,True,4,12,4,9,26,11,11,4
11173,21,True,1,1,1,1,4,2,1,1
11175,21,True,3,5,4,2,8,3,2,3
11177,27,True,3,18,13,6,19,8,8,3
11179,8,True,0,-1,-1,0,0,0,0,0
11181,15,True,1,4,4,1,3,1,1,1
11183,13,True,1,0,0,1,4,2,1,1
11185,14,True,0,-1,-1,0,0,0,0,0
11187,13,True,0,-1,-1,0,0,0,0,0
11189,14,True,0,-1,-1,0,0,0,0,0
11191,20,True,4,11,3,9,26,11,11,4
11193,14,True,0,-1,-1,0,0,0,0,0
11195,14,True,0,-1,-1,0,0,0,0,0
11197,13,True,2,2,2,1,4,1,1,2
11199,12,True,3,1,0,2,8,3,2,3
11201,14,True,0,-1,-1,0,0,0,0,0
11203,12,True,0,-1,-1,0,0,0,0,0
11205,8,True,1,4,4,1,3,1,1,1
11207,14,True,1,0,0,1,3,1,1,1
11209,12,True,0,-1,-1,0,0,0,0,0
11211,14,True,0,-1,-1,0,0,0,0,0
11213,19,True,4,10,10,1,7,2,1,4
11215,12,True,0,-1,-1,0,0,0,0,0
11217,19,True,4,10,10,1,7,2,1,4
11219,21,True,3,4,1,4,15,6,6,3
11221,14,True,2,5,3,3,11,5,4,2
11223,26,True,3,1,1,1,7,3,1,3
11225,7,True,1,3,3,1,3,1,1,1
11227,13,True,0,-1,-1,0,0,0,0,0
11229,23,True,4,14,6,9,26,11,11,4
11231,12,True,1,0,0,1,5,2,2,1
11233,33,True,5,24,16,9,27,11,11,5
11235,14,True,2,5,3,3,11,5,4,2
11237,24,True,3,5,4,2,8,3,2,3
11239,11,True,1,0,0,1,3,1,1,1
11241,16,True,4,7,7,1,7,2,1,4
11243,13,True,0,-1,-1,0,0,0,0,0
11245,12,True,1,3,3,1,3,1,1,1
11247,10,True,1,0,0,1,4,2,1,1
11249,14,True,2,5,3,3,11,5,4,2
11251,25,True,3,16,11,6,19,8,8,3
11253,27,True,5,10,1,10,31,13,13,5
11255,12,True,1,3,3,1,3,1,1,1
11257,20,True,3,4,3,2,9,4,2,3
11259,12,True,0,-1,-1,0,0,0,0,0
11261,23,True,3,1,1,1,7,3,1,3
11263,31,True,5,0,0,1,10,4,1,5
11265,13,True,1,6,6,1,2,0,1,1
11267,11,True,1,6,6,1,4,1,2,1
11269,15,True,2,6,4,3,12,5,5,2
11271,11,True,1,0,0,1,3,1,1,1
11273,36,True,5,27,19,9,27,11,11,5
11275,14,True,2,5,3,3,12,5,5,2
11277,15,True,1,6,6,1,6,3,2,1
11279,14,True,2,5,3,3,10,4,4,2
11281,15,True,1,6,6,1,6,3,2,1
11283,8,True,0,-1,-1,0,0,0,0,0
11285,8,True,1,4,4,1,3,1,1,1
11287,14,True,1,5,5,1,6,3,2,1
11289,34,True,4,4,3,2,12,5,3,4
11291,28,True,4,14,1,14,34,14,16,4
11293,11,True,1,4,4,1,2,0,1,1
11295,9,True,2,0,0,1,5,2,1,2
11297,11,True,1,6,6,1,2,0,1,1
11299,7,True,1,3,3,1,3,1,1,1
11301,16,True,2,7,7,1,4,1,1,2
11303,14,True,1,0,0,1,3,1,1,1
11305,14,True,1,1,1,1,5,3,1,1
11307,20,True,4,9,9,1,8,3,1,4
11309,20,True,4,9,9,1,8,3,1,4
11311,14,True,1,0,0,1,4,2,1,1
11313,19,True,4,8,8,1,8,3,1,4
11315,19,True,4,8,8,1,8,3,1,4
11317,21,True,3,12,7,6,19,8,8,3
11319,13,True,0,-1,-1,0,0,0,0,0
11321,20,True,4,9,9,1,8,3,1,4
11323,18,True,4,2,2,1,9,3,2,4
11325,6,True,1,2,2,1,3,1,1,1
11327,14,True,1,5,5,1,6,3,2,1
11329,24,True,3,15,10,6,19,8,8,3
11331,23,True,3,14,9,6,19,8,8,3
11333,22,True,3,13,8,6,19,8,8,3
11335,17,True,1,0,0,1,3,1,1,1
11337,17,True,1,2,2,1,3,1,1,1
11339,21,True,3,12,7,6,19,8,8,3
11341,17,True,1,13,13,1,3,1,1,1
11343,16,True,1,12,12,1,3,1,1,1
11345,17,True,1,13,13,1,3,1,1,1
11347,31,True,8,9,7,3,18,7,3,8
11349,8,True,0,-1,-1,0,0,0,0,0
11351,21,True,3,12,7,6,19,8,8,3
11353,8,True,1,3,3,1,3,1,1,1
11355,25,True,3,6,4,3,10,4,3,3
11357,20,True,3,11,6,6,19,8,8,3
11359,25,True,3,16,11,6,19,8,8,3
11361,18,True,1,14,14,1,3,1,1,1
11363,15,True,2,1,1,1,5,2,1,2
11365,16,True,1,2,2,1,4,2,1,1
11367,27,True,3,2,0,3,11,5,3,3
11369,23,True,5,10,7,4,14,5,4,5
11371,17,True,1,13,13,1,3,1,1,1
11373,31,True,5,22,14,9,27,11,11,5
11375,17,True,2,2,0,3,8,3,3,2
11377,8,True,0,-1,-1,0,0,0,0,0
11379,22,True,3,13,8,6,19,8,8,3
11381,14,True,4,5,5,1,7,2,1,4
11383,30,True,5,21,13,9,27,11,11,5
11385,20,True,3,11,6,6,19,8,8,3
11387,31,True,5,22,14,9,27,11,11,5
11389,29,True,5,20,12,9,27,11,11,5
11391,30,True,5,2,0,3,13,5,3,5
11393,24,True,3,15,10,6,19,8,8,3
11395,13,True,4,4,4,1,7,2,1,4
11397,13,True,4,4,4,1,7,2,1,4
11399,11,True,1,0,0,1,3,1,1,1
11401,14,True,1,10,10,1,3,1,1,1
11403,12,True,0,-1,-1,0,0,0,0,0
11405,7,True,0,-1,-1,0,0,0,0,0
11407,11,True,0,-1,-1,0,0,0,0,0
11409,15,True,1,4,4,1,5,2,2,1
11411,14,True,1,3,3,1,5,2,2,1
11413,5,True,0,-1,-1,0,0,0,0,0
11415,5,True,0,-1,-1,0,0,0,0,0
11417,22,True,3,13,8,6,19,8,8,3
11419,14,True,2,3,1,3,8,3,3,2
11421,20,True,3,11,6,6,19,8,8,3
11423,9,True,3,1,0,2,9,4,2,3
11425,16,True,1,3,3,1,6,2,3,1
11427,30,True,4,21,13,9,26,11,11,4
11429,29,True,4,20,12,9,26,11,11,4
11431,30,True,5,21,13,9,27,11,11,5
11433,20,True,3,11,6,6,19,8,8,3
11435,15,True,3,6,6,1,6,2,1,3
11437,20,True,1,5,5,1,3,1,1,1
11439,12,True,1,0,0,1,4,2,1,1
11441,19,True,1,4,4,1,2,0,1,1
11443,18,True,1,3,3,1,2,0,1,1
11445,5,True,0,-1,-1,0,0,0,0,0
11447,31,True,4,22,14,9,26,11,11,4
11449,21,True,3,12,7,6,19,8,8,3
11451,20,True,3,11,6,6,19,8,8,3
11453,19,True,1,15,15,1,3,1,1,1
11455,26,True,2,0,0,1,6,3,1,2
11457,7,True,0,-1,-1,0,0,0,0,0
11459,4,True,0,-1,-1,0,0,0,0,0
11461,5,True,0,-1,-1,0,0,0,0,0
11463,15,True,2,6,6,1,5,2,1,2
11465,12,True,0,-1,-1,0,0,0,0,0
11467,13,True,0,-1,-1,0,0,0,0,0
11469,6,True,0,-1,-1,0,0,0,0,0
11471,29,True,5,20,12,9,27,11,11,5
11473,23,True,4,6,3,4,13,5,4,4
11475,22,True,3,5,4,2,8,3,2,3
11477,8,True,0,-1,-1,0,0,0,0,0
11479,28,True,4,19,11,9,26,11,11,4
11481,15,True,4,4,4,1,8,3,1,4
11483,14,True,5,3,3,1,9,3,1,5
11485,15,True,4,4,4,1,8,3,1,4
11487,18,True,1,0,0,1,5,2,2,1
11489,29,True,4,20,12,9,26,11,11,4
11491,7,True,0,-1,-1,0,0,0,0,0
11493,32,True,7,6,4,3,18,7,4,7
11495,15,True,2,4,0,5,12,5,5,2
11497,14,True,2,4,4,1,9,4,3,2
11499,24,True,4,13,12,2,10,4,2,4
11501,12,True,1,3,3,1,3,1,1,1
11503,37,True,4,1,0,2,10,4,2,4
11505,11,True,0,-1,-1,0,0,0,0,0
11507,25,True,3,16,11,6,19,8,8,3
11509,10,True,0,-1,-1,0,0,0,0,0
11511,12,True,0,-1,-1,0,0,0,0,0
11513,30,True,5,21,13,9,27,11,11,5
11515,21,True,4,3,2,2,9,3,2,4
11517,22,True,3,13,8,6,19,8,8,3
11519,19,True,4,4,0,5,18,7,7,4
11521,29,True,5,20,12,9,27,11,11,5
11523,26,True,5,17,9,9,27,11,11,5
11525,8,True,0,-1,-1,0,0,0,0,0
11527,18,True,5,5,2,4,14,5,4,5
11529,13,True,0,-1,-1,0,0,0,0,0
11531,13,True,0,-1,-1,0,0,0,0,0
11533,27,True,5,18,10,9,27,11,11,5
11535,10,True,0,-1,-1,0,0,0,0,0
11537,28,True,5,19,11,9,27,11,11,5
11539,28,True,5,19,11,9,27,11,11,5
11541,11,True,1,7,7,1,3,1,1,1
11543,25,True,5,16,8,9,27,11,11,5
11545,11,True,1,2,2,1,3,1,1,1
11547,27,True,5,18,10,9,27,11,11,5
11549,23,True,3,14,9,6,19,8,8,3
11551,24,True,5,15,7,9,27,11,11,5
11553,25,True,5,16,8,9,27,11,11,5
11555,24,True,5,15,7,9,27,11,11,5
11557,24,True,5,15,7,9,27,11,11,5
11559,23,True,2,14,12,3,11,5,4,2
11561,12,True,1,1,1,1,5,2,2,1
11563,26,True,5,17,9,9,27,11,11,5
11565,12,True,1,8,8,1,3,1,1,1
11567,21,True,2,12,10,3,11,5,4,2
11569,15,True,1,3,3,1,3,1,1,1
11571,15,True,1,3,3,1,3,1,1,1
11573,10,True,1,6,6,1,3,1,1,1
11575,13,True,1,1,1,1,3,1,1,1
11577,22,True,4,4,3,2,9,3,2,4
11579,10,True,1,6,6,1,3,1,1,1
11581,11,True,0,-1,-1,0,0,0,0,0
11583,18,True,2,0,0,1,6,2,2,2
11585,11,True,1,7,7,1,3,1,1,1
11587,9,True,0,-1,-1,0,0,0,0,0
11589,25,True,5,16,8,9,27,11,11,5
11591,15,True,1,0,0,1,3,1,1,1
11593,31,True,4,20,20,1,8,3,1,4
11595,25,True,5,16,8,9,27,11,11,5
11597,24,True,5,15,7,9,27,11,11,5
11599,33,True,5,7,6,2,12,5,2,5
11601,14,True,3,2,2,1,6,2,1,3
11603,12,True,1,8,8,1,3,1,1,1
11605,5,True,0,-1,-1,0,0,0,0,0
11607,30,True,4,21,13,9,26,11,11,4
11609,26,True,4,17,9,9,26,11,11,4
11611,24,True,5,15,7,9,27,11,11,5
11613,24,True,4,15,7,9,26,11,11,4
11615,21,True,1,4,4,1,2,0,1,1
11617,25,True,4,16,8,9,26,11,11,4
11619,11,True,1,7,7,1,3,1,1,1
11621,11,True,1,7,7,1,3,1,1,1
11623,27,True,7,5,0,6,23,10,6,7
11625,28,True,4,19,11,9,26,11,11,4
11627,28,True,4,19,11,9,26,11,11,4
11629,26,True,5,17,9,9,27,11,11,5
11631,28,True,4,19,11,9,26,11,11,4
11633,12,True,1,8,8,1,3,1,1,1
11635,25,True,4,16,8,9,26,11,11,4
11637,11,True,1,7,7,1,3,1,1,1
11639,23,True,4,14,6,9,26,11,11,4
11641,20,True,2,11,9,3,11,5,4,2
11643,12,True,0,-1,-1,0,0,0,0,0
11645,23,True,4,14,6,9,26,11,11,4
11647,22,True,5,13,5,9,27,11,11,5
11649,26,True,4,17,9,9,26,11,11,4
11651,12,True,1,8,8,1,3,1,1,1
11653,18,True,4,7,6,2,10,4,2,4
11655,11,True,1,0,0,1,3,1,1,1
11657,18,True,4,7,6,2,10,4,2,4
11659,18,True,4,7,6,2,10,4,2,4
11661,9,True,0,-1,-1,0,0,0,0,0
11663,10,True,1,6,6,1,3,1,1,1
11665,17,True,1,4,4,1,2,0,1,1
11667,15,True,1,2,2,1,2,0,1,1
11669,8,True,0,-1,-1,0,0,0,0,0
11671,14,True,1,7,7,1,2,0,1,1
11673,16,True,1,9,9,1,2,0,1,1
11675,17,True,1,1,1,1,4,1,2,1
11677,35,True,6,18,9,10,32,13,13,6
11679,15,True,2,0,0,1,5,2,1,2
11681,14,True,0,-1,-1,0,0,0,0,0
11683,17,True,1,10,10,1,2,0,1,1
11685,16,True,1,9,9,1,2,0,1,1
11687,14,True,1,0,0,1,3,1,1,1
11689,15,True,1,8,8,1,2,0,1,1
11691,21,True,2,4,3,2,6,2,2,2
11693,24,True,5,15,7,9,27,11,11,5
11695,15,True,1,0,0,1,4,2,1,1
11697,24,True,5,15,7,9,27,11,11,5
11699,23,True,5,14,6,9,27,11,11,5
11701,23,True,5,14,6,9,27,11,11,5
11703,23,True,4,14,6,9,26,11,11,4
11705,23,True,5,14,6,9,27,11,11,5
11707,24,True,5,15,7,9,27,11,11,5
11709,29,True,3,20,15,6,19,8,8,3
11711,13,True,3,0,0,1,6,2,1,3
11713,24,True,4,15,7,9,26,11,11,4
11715,22,True,4,13,5,9,26,11,11,4
11717,16,True,3,7,2,6,19,8,8,3
11719,24,True,5,15,7,9,27,11,11,5
11721,22,True,2,6,5,2,7,2,3,2
11723,22,True,2,3,3,1,6,2,2,2
11725,9,True,0,-1,-1,0,0,0,0,0
11727,22,True,2,6,5,2,7,2,3,2
11729,8,True,0,-1,-1,0,0,0,0,0
11731,18,True,1,1,1,1,3,1,1,1
11733,16,True,2,7,5,3,11,5,4,2
11735,15,True,2,3,3,1,5,2,1,2
11737,25,True,4,16,8,9,26,11,11,4
11739,10,True,1,6,6,1,3,1,1,1
11741,26,True,4,17,9,9,26,11,11,4
11743,13,True,1,0,0,1,5,2,2,1
11745,18,True,1,2,2,1,4,1,2,1
11747,16,True,2,7,5,3,11,5,4,2
11749,11,True,1,2,2,1,4,2,1,1
11751,10,True,1,0,0,1,3,1,1,1
11753,11,True,1,1,1,1,4,2,1,1
11755,27,True,4,16,16,1,8,3,1,4
11757,15,True,1,4,4,1,3,1,1,1
11759,16,True,2,1,0,2,7,3,2,2
11761,10,True,1,6,6,1,3,1,1,1
11763,10,True,1,6,6,1,3,1,1,1
11765,9,True,1,5,5,1,3,1,1,1
11767,23,True,4,14,6,9,26,11,11,4
11769,24,True,1,4,4,1,4,2,1,1
11771,24,True,1,4,4,1,3,1,1,1
11773,28,True,3,2,1,2,11,5,3,3
11775,22,True,3,0,0,1,9,4,2,3
11777,17,True,1,6,6,1,3,1,1,1
11779,17,True,2,8,6,3,11,5,4,2
11781,17,True,0,-1,-1,0,0,0,0,0
11783,16,True,1,0,0,1,3,1,1,1
11785,17,True,0,-1,-1,0,0,0,0,0
11787,17,True,0,-1,-1,0,0,0,0,0
11789,17,True,2,8,6,3,11,5,4,2
11791,15,True,0,-1,-1,0,0,0,0,0
11793,17,True,2,8,6,3,11,5,4,2
11795,15,True,2,4,3,2,8,3,3,2
11797,24,True,4,15,7,9,26,11,11,4
11799,10,True,1,2,2,1,2,0,1,1
11801,11,True,1,7,7,1,3,1,1,1
11803,13,True,1,1,1,1,5,2,2,1
11805,17,True,2,8,6,3,11,5,4,2
11807,16,True,2,0,0,1,5,2,1,2
11809,22,True,4,13,13,1,7,2,1,4
11811,24,True,4,15,7,9,26,11,11,4
11813,23,True,4,6,2,5,18,7,7,4
11815,16,True,2,7,5,3,11,5,4,2
11817,15,True,2,1,1,1,5,2,1,2
11819,25,True,4,16,8,9,26,11,11,4
11821,25,True,4,16,8,9,26,11,11,4
11823,20,True,4,11,11,1,7,2,1,4
11825,14,True,4,3,2,2,10,4,2,4
11827,14,True,3,3,2,2,9,4,2,3
11829,5,True,0,-1,-1,0,0,0,0,0
11831,24,True,3,1,1,1,8,4,1,3
11833,19,True,2,10,8,3,11,5,4,2
11835,27,True,3,8,7,2,8,3,2,3
11837,16,True,2,7,5,3,11,5,4,2
11839,25,True,3,6,5,2,8,3,2,3
11841,31,True,6,14,5,10,32,13,13,6
11843,29,True,6,12,3,10,32,13,13,6
11845,9,True,0,-1,-1,0,0,0,0,0
11847,14,True,1,0,0,1,3,1,1,1
11849,16,True,2,7,5,3,11,5,4,2
11851,8,True,0,-1,-1,0,0,0,0,0
11853,8,True,0,-1,-1,0,0,0,0,0
11855,14,True,1,5,5,1,3,1,1,1
11857,29,True,4,12,10,3,12,5,3,4
11859,27,True,4,10,8,3,12,5,3,4
11861,10,True,1,3,3,1,2,0,1,1
11863,7,True,0,-1,-1,0,0,0,0,0
11865,14,True,1,2,2,1,3,1,1,1
11867,14,True,1,1,1,1,3,1,1,1
11869,24,True,3,15,10,6,19,8,8,3
11871,16,True,2,7,5,3,12,5,5,2
11873,18,True,1,9,9,1,6,3,2,1
11875,23,True,3,14,9,6,19,8,8,3
11877,24,True,3,15,10,6,19,8,8,3
11879,12,True,1,0,0,1,3,1,1,1
11881,16,True,2,7,5,3,10,4,4,2
11883,18,True,1,9,9,1,6,3,2,1
11885,10,True,1,6,6,1,3,1,1,1
11887,9,True,2,1,0,2,6,2,2,2
11889,11,True,1,4,4,1,2,0,1,1
11891,11,True,1,7,7,1,3,1,1,1
11893,18,True,2,9,9,1,4,1,1,2
11895,24,True,3,15,10,6,19,8,8,3
11897,12,True,1,5,5,1,2,0,1,1
11899,24,True,3,15,10,6,19,8,8,3
11901,9,True,1,1,1,1,4,2,1,1
11903,24,True,5,1,0,2,13,5,3,5
11905,17,True,2,3,3,1,5,2,1,2
11907,10,True,1,3,3,1,2,0,1,1
11909,24,True,3,15,10,6,19,8,8,3
11911,22,True,4,11,11,1,8,3,1,4
11913,19,True,4,4,2,3,12,5,3,4
11915,23,True,3,14,9,6,19,8,8,3
11917,10,True,1,3,3,1,2,0,1,1
11919,20,True,4,9,9,1,8,3,1,4
11921,10,True,1,4,4,1,3,1,1,1
11923,9,True,1,3,3,1,3,1,1,1
11925,18,True,1,1,1,1,4,2,1,1
11927,9,True,1,2,2,1,2,0,1,1
11929,18,True,3,3,3,1,6,2,1,3
11931,34,True,5,4,1,4,18,7,6,5
11933,27,True,3,18,13,6,19,8,8,3
11935,17,True,3,1,0,2,8,3,2,3
11937,25,True,3,16,11,6,19,8,8,3
11939,17,True,1,13,13,1,3,1,1,1
11941,22,True,3,13,8,6,19,8,8,3
11943,19,True,1,0,0,1,3,1,1,1
11945,42,True,4,33,25,9,26,11,11,4
11947,20,True,1,4,4,1,3,1,1,1
11949,12,True,0,-1,-1,0,0,0,0,0
11951,19,True,1,0,0,1,4,2,1,1
11953,12,True,0,-1,-1,0,0,0,0,0
11955,11,True,0,-1,-1,0,0,0,0,0
11957,11,True,0,-1,-1,0,0,0,0,0
11959,10,True,1,5,5,1,3,1,1,1
11961,23,True,3,14,9,6,19,8,8,3
11963,22,True,3,13,8,6,19,8,8,3
11965,10,True,0,-1,-1,0,0,0,0,0
11967,23,True,3,0,0,1,6,2,1,3
11969,12,True,0,-1,-1,0,0,0,0,0
11971,18,True,1,1,1,1,3,1,1,1
11973,10,True,0,-1,-1,0,0,0,0,0
11975,11,True,1,0,0,1,3,1,1,1
11977,32,True,5,23,15,9,27,11,11,5
11979,32,True,5,23,15,9,27,11,11,5
11981,10,True,0,-1,-1,0,0,0,0,0
11983,18,True,2,1,1,1,6,2,2,2
11985,18,True,4,9,9,1,7,2,1,4
11987,16,True,4,7,7,1,7,2,1,4
11989,10,True,0,-1,-1,0,0,0,0,0
11991,14,True,4,5,5,1,7,2,1,4
11993,11,True,0,-1,-1,0,0,0,0,0
11995,33,True,5,24,16,9,27,11,11,5
11997,10,True,0,-1,-1,0,0,0,0,0
11999,29,True,5,20,12,9,27,11,11,5
12001,25,True,3,16,11,6,19,8,8,3
12003,9,True,0,-1,-1,0,0,0,0,0
12005,8,True,1,3,3,1,2,0,1,1
12007,14,True,2,1,0,2,6,2,2,2
12009,16,True,4,7,7,1,7,2,1,4
12011,9,True,0,-1,-1,0,0,0,0,0
12013,9,True,0,-1,-1,0,0,0,0,0
12015,14,True,2,1,0,2,8,3,3,2
12017,11,True,0,-1,-1,0,0,0,0,0
12019,16,True,1,5,5,1,5,2,2,1
12021,21,True,3,12,7,6,19,8,8,3
12023,9,True,0,-1,-1,0,0,0,0,0
12025,8,True,0,-1,-1,0,0,0,0,0
12027,24,True,3,15,10,6,19,8,8,3
12029,25,True,4,8,6,3,12,5,3,4
12031,16,True,4,0,0,1,8,3,1,4
12033,11,True,0,-1,-1,0,0,0,0,0
12035,32,True,4,23,15,9,26,11,11,4
12037,8,True,0,-1,-1,0,0,0,0,0
12039,31,True,4,22,14,9,26,11,11,4
12041,33,True,5,24,16,9,27,11,11,5
12043,10,True,0,-1,-1,0,0,0,0,0
12045,7,True,1,2,2,1,4,1,2,1
12047,6,True,0,-1,-1,0,0,0,0,0
12049,8,True,0,-1,-1,0,0,0,0,0
12051,21,True,1,2,2,1,2,0,1,1
12053,5,True,0,-1,-1,0,0,0,0,0
12055,32,True,4,23,15,9,26,11,11,4
12057,33,True,4,24,16,9,26,11,11,4
12059,31,True,4,22,14,9,26,11,11,4
12061,22,True,1,4,4,1,4,2,1,1
12063,22,True,3,13,8,6,19,8,8,3
12065,11,True,0,-1,-1,0,0,0,0,0
12067,8,True,1,3,3,1,2,0,1,1
12069,7,True,1,2,2,1,2,0,1,1
12071,6,True,1,0,0,1,3,1,1,1
12073,6,True,0,-1,-1,0,0,0,0,0
12075,9,True,0,-1,-1,0,0,0,0,0
12077,13,True,2,4,4,1,4,1,1,2
12079,7,True,1,0,0,1,4,2,1,1
12081,12,True,2,3,3,1,4,1,1,2
12083,12,True,2,3,3,1,4,1,1,2
12085,12,True,1,3,3,1,6,3,2,1
12087,23,True,3,6,5,2,8,3,2,3
12089,11,True,0,-1,-1,0,0,0,0,0
12091,17,True,4,6,6,1,8,3,1,4
12093,17,True,4,6,6,1,8,3,1,4
12095,16,True,4,5,5,1,8,3,1,4
12097,12,True,1,3,3,1,6,3,2,1
12099,12,True,1,3,3,1,3,1,1,1
12101,12,True,1,3,3,1,5,2,2,1
12103,30,True,4,21,13,9,26,11,11,4
12105,35,True,7,9,7,3,18,7,4,7
12107,12,True,1,3,3,1,5,2,2,1
12109,14,True,1,2,2,1,3,1,1,1
12111,16,True,2,6,6,1,9,4,3,2
12113,14,True,1,2,2,1,4,1,2,1
12115,32,True,6,6,4,3,17,7,4,6
12117,18,True,3,9,4,6,19,8,8,3
12119,27,True,3,18,13,6,19,8,8,3
12121,24,True,4,5,3,3,11,4,3,4
12123,18,True,2,3,1,3,8,3,3,2
12125,23,True,3,2,2,1,8,3,2,3
12127,22,True,3,3,1,3,10,4,3,3
12129,24,True,5,6,2,5,16,6,5,5
12131,4,True,0,-1,-1,0,0,0,0,0
12133,4,True,0,-1,-1,0,0,0,0,0
12135,35,True,6,1,0,2,15,6,3,6
12137,29,True,5,20,12,9,27,11,11,5
12139,11,True,0,-1,-1,0,0,0,0,0
12141,30,True,5,21,13,9,27,11,11,5
12143,20,True,5,7,4,4,14,5,4,5
12145,13,True,1,9,9,1,3,1,1,1
12147,15,True,1,11,11,1,3,1,1,1
12149,13,True,1,9,9,1,3,1,1,1
12151,14,True,1,10,10,1,3,1,1,1
12153,29,True,5,20,12,9,27,11,11,5
12155,31,True,5,22,14,9,27,11,11,5
12157,28,True,5,19,11,9,27,11,11,5
12159,12,True,2,0,0,1,7,3,2,2
12161,15,True,1,11,11,1,3,1,1,1
12163,12,True,1,8,8,1,3,1,1,1
12165,27,True,5,18,10,9,27,11,11,5
12167,12,True,1,0,0,1,3,1,1,1
12169,28,True,5,19,11,9,27,11,11,5
12171,26,True,5,17,9,9,27,11,11,5
12173,19,True,3,10,5,6,19,8,8,3
12175,26,True,5,17,9,9,27,11,11,5
12177,15,True,1,4,4,1,3,1,1,1
12179,13,True,1,2,2,1,3,1,1,1
12181,8,True,0,-1,-1,0,0,0,0,0
12183,8,True,0,-1,-1,0,0,0,0,0
12185,9,True,0,-1,-1,0,0,0,0,0
12187,16,True,1,4,4,1,3,1,1,1
12189,12,True,1,8,8,1,3,1,1,1
12191,29,True,5,20,12,9,27,11,11,5
12193,14,True,1,4,4,1,3,1,1,1
12195,8,True,0,-1,-1,0,0,0,0,0
12197,20,True,4,3,1,3,12,5,3,4
12199,27,True,5,18,10,9,27,11,11,5
12201,14,True,2,1,1,1,6,3,1,2
12203,14,True,1,3,3,1,2,0,1,1
12205,27,True,5,18,10,9,27,11,11,5
12207,27,True,5,18,10,9,27,11,11,5
12209,20,True,3,11,6,6,19,8,8,3
12211,19,True,3,10,5,6,19,8,8,3
12213,27,True,4,18,10,9,26,11,11,4
12215,25,True,5,16,8,9,27,11,11,5
12217,9,True,0,-1,-1,0,0,0,0,0
12219,8,True,0,-1,-1,0,0,0,0,0
12221,14,True,1,10,10,1,3,1,1,1
12223,17,True,3,0,0,1,6,2,1,3
12225,28,True,4,19,11,9,26,11,11,4
12227,27,True,4,18,10,9,26,11,11,4
12229,18,True,3,9,4,6,19,8,8,3
12231,27,True,5,18,10,9,27,11,11,5
12233,24,True,2,2,2,1,5,2,1,2
12235,19,True,3,10,5,6,19,8,8,3
12237,16,True,1,12,12,1,3,1,1,1
12239,13,True,1,9,9,1,3,1,1,1
12241,16,True,1,12,12,1,3,1,1,1
12243,29,True,8,7,1,7,26,11,7,8
12245,10,True,2,1,1,1,5,2,1,2
12247,29,True,4,20,12,9,26,11,11,4
12249,18,True,3,9,4,6,19,8,8,3
12251,27,True,5,18,10,9,27,11,11,5
12253,14,True,1,10,10,1,3,1,1,1
12255,12,True,1,0,0,1,5,2,2,1
12257,20,True,3,3,2,2,8,3,2,3
12259,10,True,2,1,1,1,4,1,1,2
12261,25,True,4,16,8,9,26,11,11,4
12263,21,True,2,12,10,3,11,5,4,2
12265,14,True,1,1,1,1,4,2,1,1
12267,23,True,2,4,2,3,9,4,3,2
12269,16,True,1,3,3,1,2,0,1,1
12271,26,True,4,17,9,9,26,11,11,4
12273,10,True,0,-1,-1,0,0,0,0,0
12275,20,True,4,9,8,2,10,4,2,4
12277,12,True,3,1,1,1,7,3,1,3
12279,20,True,4,9,8,2,10,4,2,4
12281,21,True,4,10,9,2,10,4,2,4
12283,12,True,1,2,2,1,2,0,1,1
12285,29,True,5,3,1,3,16,7,4,5
12287,24,True,7,2,0,3,17,7,3,7
12289,13,True,0,-1,-1,0,0,0,0,0
12291,12,True,0,-1,-1,0,0,0,0,0
12293,21,True,3,12,7,6,19,8,8,3
12295,11,True,1,0,0,1,3,1,1,1
12297,12,True,0,-1,-1,0,0,0,0,0
12299,20,True,3,11,6,6,19,8,8,3
12301,26,True,5,17,9,9,27,11,11,5
12303,18,True,3,9,4,6,19,8,8,3
12305,26,True,5,17,9,9,27,11,11,5
12307,19,True,1,12,12,1,2,0,1,1
12309,8,True,0,-1,-1,0,0,0,0,0
12311,24,True,5,15,7,9,27,11,11,5
12313,19,True,3,10,5,6,19,8,8,3
12315,19,True,2,1,1,1,5,2,1,2
12317,26,True,5,17,9,9,27,11,11,5
12319,19,True,2,0,0,1,5,2,1,2
12321,26,True,5,17,9,9,27,11,11,5
12323,7,True,0,-1,-1,0,0,0,0,0
12325,25,True,5,16,8,9,27,11,11,5
12327,25,True,4,16,8,9,26,11,11,4
12329,32,True,3,23,18,6,19,8,8,3
12331,31,True,3,22,17,6,19,8,8,3
12333,8,True,0,-1,-1,0,0,0,0,0
12335,31,True,3,22,17,6,19,8,8,3
12337,19,True,3,10,5,6,19,8,8,3
12339,19,True,3,10,5,6,19,8,8,3
12341,7,True,0,-1,-1,0,0,0,0,0
12343,43,True,4,34,26,9,26,11,11,4
12345,12,True,0,-1,-1,0,0,0,0,0
12347,10,True,0,-1,-1,0,0,0,0,0
12349,19,True,2,10,8,3,11,5,4,2
12351,22,True,2,3,3,1,6,2,2,2
12353,19,True,2,10,8,3,11,5,4,2
12355,18,True,2,9,7,3,11,5,4,2
12357,7,True,0,-1,-1,0,0,0,0,0
12359,25,True,5,16,8,9,27,11,11,5
12361,17,True,2,5,5,1,5,2,1,2
12363,6,True,0,-1,-1,0,0,0,0,0
12365,12,True,1,4,4,1,4,2,1,1
12367,27,True,4,18,10,9,26,11,11,4
12369,11,True,1,3,3,1,4,2,1,1
12371,20,True,2,1,1,1,4,1,1,2
12373,21,True,5,12,4,9,27,11,11,5
12375,11,True,1,7,7,1,3,1,1,1
12377,12,True,1,8,8,1,3,1,1,1
12379,12,True,1,1,1,1,3,1,1,1
12381,7,True,0,-1,-1,0,0,0,0,0
12383,28,True,4,17,17,1,8,3,1,4
12385,17,True,1,6,6,1,3,1,1,1
12387,29,True,6,3,1,3,15,6,3,6
12389,30,True,5,4,3,2,12,5,2,5
12391,12,True,2,1,0,2,7,3,2,2
12393,11,True,1,7,7,1,3,1,1,1
12395,26,True,4,17,9,9,26,11,11,4
12397,26,True,2,2,2,1,5,2,1,2
12399,41,True,5,11,0,12,37,15,17,5
12401,21,True,5,12,4,9,27,11,11,5
12403,7,True,0,-1,-1,0,0,0,0,0
12405,27,True,4,18,10,9,26,11,11,4
12407,19,True,1,2,2,1,2,0,1,1
12409,18,True,1,2,2,1,3,1,1,1
12411,19,True,0,-1,-1,0,0,0,0,0
12413,19,True,1,1,1,1,4,2,1,1
12415,16,True,3,0,0,1,7,3,1,3
12417,20,True,2,11,9,3,11,5,4,2
12419,25,True,4,16,8,9,26,11,11,4
12421,26,True,4,17,9,9,26,11,11,4
12423,17,True,3,6,2,5,14,5,6,3
12425,17,True,2,2,2,1,4,1,1,2
12427,14,True,1,6,6,1,2,0,1,1
12429,21,True,5,12,4,9,27,11,11,5
12431,12,True,1,1,1,1,2,0,1,1
12433,18,True,2,9,7,3,11,5,4,2
12435,17,True,2,8,6,3,11,5,4,2
12437,7,True,0,-1,-1,0,0,0,0,0
12439,19,True,5,10,2,9,27,11,11,5
12441,27,True,4,10,6,5,18,7,7,4
12443,16,True,2,1,1,1,4,1,1,2
12445,8,True,0,-1,-1,0,0,0,0,0
12447,27,True,7,2,0,3,18,7,4,7
12449,28,True,4,19,11,9,26,11,11,4
12451,6,True,0,-1,-1,0,0,0,0,0
12453,15,True,4,4,3,2,10,4,2,4
12455,21,True,4,12,12,1,7,2,1,4
12457,11,True,3,1,1,1,7,3,1,3
12459,9,True,0,-1,-1,0,0,0,0,0
12461,15,True,1,8,8,1,2,0,1,1
12463,26,True,3,3,3,1,8,4,1,3
12465,14,True,1,7,7,1,2,0,1,1
12467,13,True,1,6,6,1,2,0,1,1
12469,14,True,1,7,7,1,2,0,1,1
12471,27,True,3,8,7,2,8,3,2,3
12473,33,True,6,16,7,10,32,13,13,6
12475,31,True,6,14,5,10,32,13,13,6
12477,11,True,0,-1,-1,0,0,0,0,0
12479,14,True,3,0,0,1,6,2,1,3
12481,11,True,0,-1,-1,0,0,0,0,0
12483,9,True,0,-1,-1,0,0,0,0,0
12485,13,True,1,6,6,1,2,0,1,1
12487,17,True,1,0,0,1,3,1,1,1
12489,12,True,1,5,5,1,2,0,1,1
12491,13,True,1,6,6,1,2,0,1,1
12493,14,True,1,7,7,1,2,0,1,1
12495,27,True,4,5,5,1,8,3,1,4
12497,28,True,3,19,14,6,19,8,8,3
12499,27,True,3,18,13,6,19,8,8,3
12501,20,True,4,11,3,9,26,11,11,4
12503,19,True,2,10,8,3,12,5,5,2
12505,26,True,3,17,12,6,19,8,8,3
12507,20,True,1,11,11,1,6,3,2,1
12509,26,True,3,17,12,6,19,8,8,3
12511,17,True,1,0,0,1,5,2,2,1
12513,14,True,2,2,2,1,7,3,2,2
12515,19,True,4,10,2,9,26,11,11,4
12517,21,True,2,5,4,2,6,2,2,2
12519,13,True,2,1,0,2,6,2,2,2
12521,12,True,1,1,1,1,4,2,1,1
12523,12,True,1,2,2,1,3,1,1,1
12525,20,True,2,4,3,2,7,2,3,2
12527,39,True,4,30,22,9,26,11,11,4
12529,21,True,5,12,4,9,27,11,11,5
12531,14,True,1,2,2,1,3,1,1,1
12533,19,True,5,10,2,9,27,11,11,5
12535,11,True,2,3,3,1,5,2,1,2
12537,11,True,2,3,3,1,6,2,2,2
12539,26,True,5,3,2,2,14,5,4,5
12541,12,True,1,5,5,1,2,0,1,1
12543,16,True,2,2,2,1,4,1,1,2
12545,15,True,1,8,8,1,2,0,1,1
12547,12,True,1,5,5,1,2,0,1,1
12549,8,True,0,-1,-1,0,0,0,0,0
12551,25,True,3,16,11,6,19,8,8,3
12553,13,True,1,6,6,1,2,0,1,1
12555,22,True,1,5,5,1,4,2,1,1
12557,8,True,0,-1,-1,0,0,0,0,0
12559,19,True,1,2,2,1,4,2,1,1
12561,9,True,0,-1,-1,0,0,0,0,0
12563,11,True,1,4,4,1,2,0,1,1
12565,21,True,4,12,4,9,26,11,11,4
12567,28,True,3,19,14,6,19,8,8,3
12569,29,True,3,20,15,6,19,8,8,3
12571,10,True,2,1,1,1,6,2,2,2
12573,21,True,1,3,3,1,2,0,1,1
12575,26,True,3,17,12,6,19,8,8,3
12577,7,True,0,-1,-1,0,0,0,0,0
12579,13,True,1,2,2,1,4,2,1,1
12581,13,True,1,2,2,1,3,1,1,1
12583,44,True,4,35,27,9,26,11,11,4
12585,22,True,1,1,1,1,5,2,2,1
12587,13,True,0,-1,-1,0,0,0,0,0
12589,21,True,4,12,4,9,26,11,11,4
12591,36,True,8,14,12,3,18,7,3,8
12593,13,True,0,-1,-1,0,0,0,0,0
12595,13,True,0,-1,-1,0,0,0,0,0
12597,13,True,0,-1,-1,0,0,0,0,0
12599,12,True,1,1,1,1,3,1,1,1
12601,25,True,3,16,11,6,19,8,8,3
12603,12,True,0,-1,-1,0,0,0,0,0
12605,12,True,0,-1,-1,0,0,0,0,0
12607,23,True,3,14,9,6,19,8,8,3
12609,14,True,0,-1,-1,0,0,0,0,0
12611,11,True,0,-1,-1,0,0,0,0,0
12613,13,True,0,-1,-1,0,0,0,0,0
12615,12,True,1,0,0,1,3,1,1,1
12617,12,True,0,-1,-1,0,0,0,0,0
12619,13,True,0,-1,-1,0,0,0,0,0
12621,18,True,4,9,9,1,7,2,1,4
12623,20,True,2,3,3,1,6,2,2,2
12625,18,True,4,9,9,1,7,2,1,4
12627,26,True,3,1,1,1,6,2,1,3
12629,6,True,1,2,2,1,3,1,1,1
12631,12,True,0,-1,-1,0,0,0,0,0
12633,12,True,1,3,3,1,4,1,2,1
12635,12,True,1,1,1,1,3,1,1,1
12637,21,True,4,12,4,9,26,11,11,4
12639,30,True,5,21,13,9,27,11,11,5
12641,28,True,3,19,14,6,19,8,8,3
12643,23,True,3,4,3,2,8,3,2,3
12645,23,True,3,4,3,2,8,3,2,3
12647,15,True,4,6,6,1,7,2,1,4
12649,12,True,0,-1,-1,0,0,0,0,0
12651,13,True,0,-1,-1,0,0,0,0,0
12653,11,True,1,2,2,1,3,1,1,1
12655,10,True,1,0,0,1,4,2,1,1
12657,14,True,2,5,3,3,11,5,4,2
12659,24,True,3,15,10,6,19,8,8,3
12661,13,True,2,4,2,3,11,5,4,2
12663,11,True,1,2,2,1,3,1,1,1
12665,19,True,3,3,2,2,9,4,2,3
12667,11,True,0,-1,-1,0,0,0,0,0
12669,26,True,4,9,7,3,12,5,3,4
12671,21,True,3,12,7,6,19,8,8,3
12673,21,True,4,12,4,9,26,11,11,4
12675,10,True,1,3,3,1,2,0,1,1
12677,10,True,1,5,5,1,4,1,2,1
12679,9,True,1,0,0,1,3,1,1,1
12681,10,True,0,-1,-1,0,0,0,0,0
12683,35,True,5,26,18,9,27,11,11,5
12685,13,True,2,4,2,3,12,5,5,2
12687,8,True,1,3,3,1,4,1,2,1
12689,15,True,2,6,4,3,10,4,4,2
12691,13,True,2,4,2,3,10,4,4,2
12693,13,True,1,4,4,1,6,3,2,1
12695,6,True,0,-1,-1,0,0,0,0,0
12697,8,True,0,-1,-1,0,0,0,0,0
12699,34,True,4,25,17,9,26,11,11,4
12701,33,True,4,3,2,2,12,5,3,4
12703,27,True,4,13,0,14,34,14,16,4
12705,24,True,1,6,6,1,4,2,1,1
12707,9,True,1,2,2,1,2,0,1,1
12709,9,True,1,4,4,1,2,0,1,1
12711,11,True,1,0,0,1,3,1,1,1
12713,20,True,2,7,7,1,5,2,1,2
12715,9,True,2,3,3,1,4,1,1,2
12717,16,True,2,7,7,1,4,1,1,2
12719,13,True,1,0,0,1,4,2,1,1
12721,19,True,4,8,8,1,8,3,1,4
12723,18,True,4,7,7,1,8,3,1,4
12725,18,True,4,7,7,1,8,3,1,4
12727,14,True,2,5,5,1,4,1,1,2
12729,19,True,4,8,8,1,8,3,1,4
12731,26,True,3,9,8,2,8,3,2,3
12733,13,True,1,2,2,1,2,0,1,1
12735,15,True,3,0,0,1,6,2,1,3
12737,19,True,4,8,8,1,8,3,1,4
12739,17,True,4,1,1,1,9,3,2,4
12741,6,True,1,2,2,1,3,1,1,1
12743,15,True,1,0,0,1,3,1,1,1
12745,15,True,1,6,6,1,5,2,2,1
12747,17,True,1,5,5,1,4,2,1,1
12749,23,True,3,14,9,6,19,8,8,3
12751,37,True,7,11,9,3,18,7,4,7
12753,22,True,3,13,8,6,19,8,8,3
12755,16,True,1,1,1,1,3,1,1,1
12757,20,True,3,11,6,6,19,8,8,3
12759,15,True,1,1,1,1,3,1,1,1
12761,16,True,1,12,12,1,3,1,1,1
12763,20,True,3,11,6,6,19,8,8,3
12765,16,True,1,12,12,1,3,1,1,1
12767,30,True,8,8,6,3,18,7,3,8
12769,26,True,3,5,5,1,8,3,2,3
12771,20,True,3,11,6,6,19,8,8,3
12773,7,True,1,2,2,1,3,1,1,1
12775,24,True,3,5,3,3,10,4,3,3
12777,25,True,5,7,3,5,16,6,5,5
12779,26,True,3,17,12,6,19,8,8,3
12781,17,True,1,13,13,1,3,1,1,1
12783,33,True,5,24,16,9,27,11,11,5
12785,20,True,3,11,6,6,19,8,8,3
12787,32,True,5,23,15,9,27,11,11,5
12789,15,True,1,1,1,1,4,2,1,1
12791,22,True,5,9,6,4,14,5,4,5
12793,16,True,1,12,12,1,3,1,1,1
12795,17,True,1,13,13,1,3,1,1,1
12797,30,True,5,21,13,9,27,11,11,5
12799,29,True,5,20,12,9,27,11,11,5
12801,32,True,5,23,15,9,27,11,11,5
12803,20,True,3,11,6,6,19,8,8,3
12805,30,True,5,21,13,9,27,11,11,5
12807,15,True,3,3,3,1,6,2,1,3
12809,19,True,3,10,5,6,19,8,8,3
12811,30,True,5,21,13,9,27,11,11,5
12813,13,True,4,4,4,1,7,2,1,4
12815,27,True,5,18,10,9,27,11,11,5
12817,13,True,4,4,4,1,7,2,1,4
12819,22,True,3,13,8,6,19,8,8,3
12821,12,True,4,3,3,1,7,2,1,4
12823,11,True,0,-1,-1,0,0,0,0,0
12825,11,True,0,-1,-1,0,0,0,0,0
12827,13,True,1,9,9,1,3,1,1,1
12829,11,True,0,-1,-1,0,0,0,0,0
12831,13,True,2,0,0,1,5,2,1,2
12833,12,True,0,-1,-1,0,0,0,0,0
12835,12,True,4,3,3,1,7,2,1,4
12837,13,True,1,2,2,1,5,2,2,1
12839,13,True,1,0,0,1,3,1,1,1
12841,27,True,2,1,1,1,5,2,1,2
12843,12,True,4,3,3,1,7,2,1,4
12845,21,True,3,12,7,6,19,8,8,3
12847,13,True,2,2,0,3,8,3,3,2
12849,19,True,3,10,5,6,19,8,8,3
12851,19,True,3,10,5,6,19,8,8,3
12853,5,True,0,-1,-1,0,0,0,0,0
12855,14,True,1,3,3,1,2,0,1,1
12857,29,True,5,20,12,9,27,11,11,5
12859,29,True,4,20,12,9,26,11,11,4
12861,29,True,4,20,12,9,26,11,11,4
12863,19,True,3,10,5,6,19,8,8,3
12865,14,True,3,5,5,1,6,2,1,3
12867,12,True,3,3,3,1,6,2,1,3
12869,18,True,1,3,3,1,3,1,1,1
12871,29,True,4,20,12,9,26,11,11,4
12873,16,True,1,12,12,1,3,1,1,1
12875,17,True,1,2,2,1,3,1,1,1
12877,18,True,1,3,3,1,2,0,1,1
12879,30,True,4,21,13,9,26,11,11,4
12881,20,True,3,11,6,6,19,8,8,3
12883,19,True,3,10,5,6,19,8,8,3
12885,3,True,0,-1,-1,0,0,0,0,0
12887,17,True,1,13,13,1,3,1,1,1
12889,15,True,2,2,2,1,5,2,1,2
12891,28,True,4,19,11,9,26,11,11,4
12893,4,True,0,-1,-1,0,0,0,0,0
12895,17,True,1,13,13,1,3,1,1,1
12897,13,True,2,4,4,1,5,2,1,2
12899,11,True,0,-1,-1,0,0,0,0,0
12901,12,True,0,-1,-1,0,0,0,0,0
12903,19,True,3,10,5,6,19,8,8,3
12905,29,True,5,20,12,9,27,11,11,5
12907,17,True,1,13,13,1,3,1,1,1
12909,22,True,4,5,2,4,13,5,4,4
12911,30,True,4,21,13,9,26,11,11,4
12913,4,True,0,-1,-1,0,0,0,0,0
12915,28,True,4,19,11,9,26,11,11,4
12917,14,True,4,3,3,1,8,3,1,4
12919,13,True,5,2,2,1,9,3,1,5
12921,11,True,0,-1,-1,0,0,0,0,0
12923,18,True,1,5,5,1,2,0,1,1
12925,28,True,4,19,11,9,26,11,11,4
12927,14,True,3,0,0,1,7,3,1,3
12929,23,True,4,12,11,2,10,4,2,4
12931,4,True,0,-1,-1,0,0,0,0,0
12933,31,True,7,5,3,3,18,7,4,7
12935,13,True,2,3,3,1,9,4,3,2
12937,23,True,4,12,11,2,10,4,2,4
12939,31,True,6,5,3,3,17,7,4,6
12941,11,True,1,2,2,1,3,1,1,1
12943,25,True,8,3,1,3,18,7,3,8
12945,25,True,3,16,11,6,19,8,8,3
12947,24,True,3,15,10,6,19,8,8,3
12949,9,True,0,-1,-1,0,0,0,0,0
12951,10,True,0,-1,-1,0,0,0,0,0
12953,29,True,5,20,12,9,27,11,11,5
12955,20,True,4,2,1,2,9,3,2,4
12957,22,True,3,13,8,6,19,8,8,3
12959,19,True,4,4,0,5,16,6,6,4
12961,29,True,5,20,12,9,27,11,11,5
12963,26,True,5,17,9,9,27,11,11,5
12965,25,True,5,16,8,9,27,11,11,5
12967,21,True,1,0,0,1,3,1,1,1
12969,16,True,4,3,1,3,15,6,5,4
12971,12,True,0,-1,-1,0,0,0,0,0
12973,12,True,0,-1,-1,0,0,0,0,0
12975,28,True,5,19,11,9,27,11,11,5
12977,11,True,0,-1,-1,0,0,0,0,0
12979,10,True,0,-1,-1,0,0,0,0,0
12981,26,True,5,17,9,9,27,11,11,5
12983,27,True,5,18,10,9,27,11,11,5
12985,11,True,0,-1,-1,0,0,0,0,0
12987,34,True,3,25,20,6,19,8,8,3
12989,10,True,1,1,1,1,3,1,1,1
12991,26,True,5,17,9,9,27,11,11,5
12993,26,True,5,17,9,9,27,11,11,5
12995,21,True,3,12,7,6,19,8,8,3
12997,24,True,5,15,7,9,27,11,11,5
12999,10,True,1,0,0,1,3,1,1,1
13001,22,True,2,13,11,3,11,5,4,2
13003,22,True,2,13,11,3,11,5,4,2
13005,24,True,5,15,7,9,27,11,11,5
13007,11,True,1,0,0,1,4,1,2,1
13009,25,True,5,16,8,9,27,11,11,5
13011,23,True,5,14,6,9,27,11,11,5
13013,10,True,1,6,6,1,3,1,1,1
13015,9,True,0,-1,-1,0,0,0,0,0
13017,24,True,5,15,7,9,27,11,11,5
13019,27,True,5,18,10,9,27,11,11,5
13021,14,True,1,6,6,1,4,2,1,1
13023,12,True,1,0,0,1,5,2,2,1
13025,21,True,4,3,2,2,9,3,2,4
13027,9,True,1,5,5,1,3,1,1,1
13029,10,True,0,-1,-1,0,0,0,0,0
13031,18,True,2,1,0,2,6,2,2,2
13033,24,True,4,3,1,3,12,5,3,4
13035,15,True,1,11,11,1,3,1,1,1
13037,9,True,0,-1,-1,0,0,0,0,0
13039,15,True,3,1,0,2,8,3,2,3
13041,10,True,1,6,6,1,3,1,1,1
13043,30,True,4,19,19,1,8,3,1,4
13045,24,True,5,15,7,9,27,11,11,5
13047,33,True,6,7,5,3,15,6,3,6
13049,33,True,5,7,6,2,12,5,2,5
13051,15,True,1,1,1,1,2,0,1,1
13053,13,True,2,1,1,1,5,2,1,2
13055,17,True,4,0,0,1,8,3,1,4
13057,31,True,4,22,14,9,26,11,11,4
13059,29,True,4,20,12,9,26,11,11,4
13061,25,True,4,16,8,9,26,11,11,4
13063,23,True,5,14,6,9,27,11,11,5
13065,10,True,1,1,1,1,3,1,1,1
13067,22,True,1,5,5,1,2,0,1,1
13069,23,True,4,14,6,9,26,11,11,4
13071,22,True,4,13,5,9,26,11,11,4
13073,24,True,4,15,7,9,26,11,11,4
13075,21,True,1,1,1,1,2,0,1,1
13077,10,True,1,6,6,1,3,1,1,1
13079,27,True,4,18,10,9,26,11,11,4
13081,27,True,4,18,10,9,26,11,11,4
13083,25,True,3,3,2,2,8,3,2,3
13085,25,True,5,16,8,9,27,11,11,5
13087,19,True,3,8,4,5,14,5,6,3
13089,23,True,5,14,6,9,27,11,11,5
13091,23,True,4,14,6,9,26,11,11,4
13093,22,True,4,13,5,9,26,11,11,4
13095,14,True,1,0,0,1,3,1,1,1
13097,19,True,2,10,8,3,11,5,4,2
13099,11,True,0,-1,-1,0,0,0,0,0
13101,24,True,4,15,7,9,26,11,11,4
13103,23,True,5,14,6,9,27,11,11,5
13105,24,True,4,15,7,9,26,11,11,4
13107,24,True,4,15,7,9,26,11,11,4
13109,11,True,1,7,7,1,3,1,1,1
13111,9,True,0,-1,-1,0,0,0,0,0
13113,31,True,4,22,14,9,26,11,11,4
13115,17,True,4,6,5,2,10,4,2,4
13117,17,True,4,6,5,2,10,4,2,4
13119,8,True,2,0,0,1,6,2,2,2
13121,11,True,1,7,7,1,3,1,1,1
13123,17,True,1,1,1,1,2,0,1,1
13125,15,True,1,2,2,1,2,0,1,1
13127,9,True,2,3,0,4,10,4,4,2
13129,16,True,1,9,9,1,2,0,1,1
13131,15,True,1,8,8,1,2,0,1,1
13133,15,True,1,8,8,1,2,0,1,1
13135,16,True,1,0,0,1,4,1,2,1
13137,35,True,6,18,9,10,32,13,13,6
13139,34,True,6,17,8,10,32,13,13,6
13141,7,True,0,-1,-1,0,0,0,0,0
13143,11,True,0,-1,-1,0,0,0,0,0
13145,10,True,1,6,6,1,3,1,1,1
13147,13,True,1,1,1,1,3,1,1,1
13149,16,True,1,9,9,1,2,0,1,1
13151,14,True,1,7,7,1,2,0,1,1
13153,20,True,2,3,2,2,6,2,2,2
13155,22,True,5,13,5,9,27,11,11,5
13157,22,True,5,13,5,9,27,11,11,5
13159,32,True,4,15,13,3,12,5,3,4
13161,29,True,4,7,7,1,8,3,1,4
13163,23,True,4,14,6,9,26,11,11,4
13165,23,True,4,14,6,9,26,11,11,4
13167,29,True,3,20,15,6,19,8,8,3
13169,22,True,5,13,5,9,27,11,11,5
13171,23,True,5,14,6,9,27,11,11,5
13173,22,True,5,13,5,9,27,11,11,5
13175,28,True,3,19,14,6,19,8,8,3
13177,28,True,3,19,14,6,19,8,8,3
13179,20,True,1,1,1,1,2,0,1,1
13181,22,True,4,13,5,9,26,11,11,4
13183,40,True,4,31,23,9,26,11,11,4
13185,25,True,2,9,8,2,6,2,2,2
13187,21,True,2,5,4,2,7,2,3,2
13189,21,True,2,2,2,1,6,2,2,2
13191,21,True,2,5,4,2,7,2,3,2
13193,22,True,2,6,5,2,7,2,3,2
13195,41,True,4,4,2,3,13,5,4,4
13197,7,True,0,-1,-1,0,0,0,0,0
13199,16,True,1,4,4,1,3,1,1,1
13201,17,True,2,5,5,1,5,2,1,2
13203,15,True,2,3,3,1,5,2,1,2
13205,24,True,4,15,7,9,26,11,11,4
13207,9,True,1,5,5,1,3,1,1,1
13209,10,True,1,6,6,1,3,1,1,1
13211,13,True,1,6,6,1,2,0,1,1
13213,17,True,1,2,2,1,3,1,1,1
13215,28,True,3,19,14,6,19,8,8,3
13217,12,True,1,2,2,1,2,0,1,1
13219,23,True,4,14,6,9,26,11,11,4
13221,10,True,1,1,1,1,4,2,1,1
13223,10,True,1,0,0,1,3,1,1,1
13225,26,True,4,15,15,1,8,3,1,4
13227,11,True,0,-1,-1,0,0,0,0,0
13229,14,True,1,3,3,1,3,1,1,1
13231,23,True,4,14,6,9,26,11,11,4
13233,10,True,1,6,6,1,3,1,1,1
13235,9,True,1,5,5,1,3,1,1,1
13237,9,True,1,5,5,1,3,1,1,1
13239,22,True,4,13,5,9,26,11,11,4
13241,23,True,1,3,3,1,4,2,1,1
13243,23,True,1,3,3,1,3,1,1,1
13245,28,True,3,2,1,2,9,4,2,3
13247,22,True,3,0,0,1,6,2,1,3
13249,17,True,1,6,6,1,3,1,1,1
13251,14,True,1,3,3,1,3,1,1,1
13253,16,True,2,7,5,3,11,5,4,2
13255,47,True,4,38,30,9,26,11,11,4
13257,14,True,0,-1,-1,0,0,0,0,0
13259,16,True,0,-1,-1,0,0,0,0,0
13261,16,True,0,-1,-1,0,0,0,0,0
13263,21,True,4,12,4,9,26,11,11,4
13265,16,True,0,-1,-1,0,0,0,0,0
13267,15,True,1,1,1,1,3,1,1,1
13269,15,True,2,6,4,3,11,5,4,2
13271,13,True,2,2,1,2,8,3,3,2
13273,15,True,2,6,4,3,11,5,4,2
13275,14,True,0,-1,-1,0,0,0,0,0
13277,10,True,1,6,6,1,3,1,1,1
13279,12,True,1,0,0,1,5,2,2,1
13281,16,True,2,2,2,1,4,1,1,2
13283,15,True,2,6,4,3,11,5,4,2
13285,20,True,4,11,11,1,7,2,1,4
13287,14,True,1,0,0,1,3,1,1,1
13289,13,True,1,1,1,1,4,2,1,1
13291,14,True,0,-1,-1,0,0,0,0,0
13293,23,True,4,6,2,5,18,7,7,4
13295,14,True,2,0,0,1,4,1,1,2
13297,24,True,4,15,7,9,26,11,11,4
13299,29,True,3,4,4,1,7,3,1,3
13301,23,True,4,14,6,9,26,11,11,4
13303,8,True,1,4,4,1,3,1,1,1
13305,15,True,0,-1,-1,0,0,0,0,0
13307,15,True,1,1,1,1,2,0,1,1
13309,13,True,2,1,1,1,7,3,2,2
13311,23,True,4,0,0,1,10,4,2,4
13313,18,True,2,9,7,3,11,5,4,2
13315,26,True,3,7,6,2,8,3,2,3
13317,16,True,2,7,5,3,11,5,4,2
13319,26,True,3,7,6,2,8,3,2,3
13321,26,True,3,7,6,2,8,3,2,3
13323,15,True,2,6,4,3,11,5,4,2
13325,29,True,6,12,3,10,32,13,13,6
13327,12,True,1,3,3,1,3,1,1,1
13329,29,True,6,12,3,10,32,13,13,6
13331,15,True,2,6,4,3,11,5,4,2
13333,7,True,0,-1,-1,0,0,0,0,0
13335,28,True,5,11,2,10,31,13,13,5
13337,14,True,1,5,5,1,3,1,1,1
13339,24,True,3,15,10,6,19,8,8,3
13341,28,True,4,11,9,3,12,5,3,4
13343,11,True,3,2,0,3,10,4,3,3
13345,25,True,3,3,3,1,7,3,1,3
13347,6,True,0,-1,-1,0,0,0,0,0
13349,13,True,1,1,1,1,3,1,1,1
13351,13,True,1,0,0,1,3,1,1,1
13353,12,True,2,1,1,1,5,2,1,2
13355,17,True,2,8,6,3,12,5,5,2
13357,18,True,1,9,9,1,6,3,2,1
13359,12,True,2,0,0,1,4,1,1,2
13361,16,True,1,7,7,1,6,3,2,1
13363,16,True,1,7,7,1,6,3,2,1
13365,23,True,3,14,9,6,19,8,8,3
13367,15,True,2,6,4,3,10,4,4,2
13369,17,True,1,8,8,1,6,3,2,1
13371,9,True,0,-1,-1,0,0,0,0,0
13373,9,True,1,5,5,1,3,1,1,1
13375,8,True,1,0,0,1,6,2,3,1
13377,10,True,1,6,6,1,3,1,1,1
13379,9,True,1,5,5,1,3,1,1,1
13381,24,True,3,15,10,6,19,8,8,3
13383,16,True,1,0,0,1,3,1,1,1
13385,11,True,1,4,4,1,2,0,1,1
13387,23,True,3,14,9,6,19,8,8,3
13389,18,True,2,9,9,1,4,1,1,2
13391,8,True,1,0,0,1,4,1,2,1
13393,18,True,2,9,9,1,4,1,1,2
13395,15,True,2,1,1,1,4,1,1,2
13397,9,True,1,2,2,1,2,0,1,1
13399,22,True,3,13,8,6,19,8,8,3
13401,21,True,4,10,10,1,8,3,1,4
13403,18,True,4,3,1,3,12,5,3,4
13405,22,True,3,13,8,6,19,8,8,3
13407,15,True,2,6,6,1,4,1,1,2
13409,21,True,4,10,10,1,8,3,1,4
13411,7,True,2,1,1,1,4,1,1,2
13413,8,True,1,2,2,1,3,1,1,1
13415,26,True,4,9,6,4,13,5,4,4
13417,21,True,4,10,10,1,8,3,1,4
13419,20,True,4,4,4,1,9,3,2,4
13421,17,True,3,2,2,1,6,2,1,3
13423,33,True,5,3,0,4,18,7,6,5
13425,9,True,1,2,2,1,2,0,1,1
13427,26,True,3,17,12,6,19,8,8,3
13429,18,True,1,14,14,1,3,1,1,1
13431,23,True,3,14,9,6,19,8,8,3
13433,19,True,1,2,2,1,3,1,1,1
13435,19,True,1,1,1,1,2,0,1,1
13437,22,True,3,13,8,6,19,8,8,3
13439,41,True,4,32,24,9,26,11,11,4
13441,19,True,1,3,3,1,3,1,1,1
13443,10,True,0,-1,-1,0,0,0,0,0
13445,10,True,0,-1,-1,0,0,0,0,0
13447,32,True,8,10,8,3,18,7,3,8
13449,38,True,6,4,1,4,17,7,4,6
13451,24,True,3,15,10,6,19,8,8,3
13453,10,True,0,-1,-1,0,0,0,0,0
13455,8,True,1,3,3,1,3,1,1,1
13457,22,True,3,13,8,6,19,8,8,3
13459,21,True,3,12,7,6,19,8,8,3
13461,9,True,0,-1,-1,0,0,0,0,0
13463,8,True,0,-1,-1,0,0,0,0,0
13465,18,True,2,4,4,1,5,2,1,2
13467,18,True,2,1,1,1,4,1,1,2
13469,18,True,1,4,4,1,4,2,1,1
13471,15,True,2,0,0,1,5,2,1,2
13473,25,True,5,12,9,4,14,5,4,5
13475,31,True,5,22,14,9,27,11,11,5
13477,31,True,5,22,14,9,27,11,11,5
13479,19,True,1,0,0,1,3,1,1,1
13481,18,True,2,1,1,1,7,3,2,2
13483,10,True,0,-1,-1,0,0,0,0,0
13485,17,True,4,8,8,1,7,2,1,4
13487,22,True,3,13,8,6,19,8,8,3
13489,15,True,4,6,6,1,7,2,1,4
13491,14,True,4,5,5,1,7,2,1,4
13493,10,True,0,-1,-1,0,0,0,0,0
13495,32,True,5,23,15,9,27,11,11,5
13497,31,True,5,22,14,9,27,11,11,5
13499,29,True,5,20,12,9,27,11,11,5
13501,25,True,3,16,11,6,19,8,8,3
13503,29,True,4,3,0,4,15,6,5,4
13505,16,True,4,7,7,1,7,2,1,4
13507,13,True,4,4,4,1,7,2,1,4
13509,7,True,1,2,2,1,2,0,1,1
13511,15,True,4,6,6,1,7,2,1,4
13513,8,True,0,-1,-1,0,0,0,0,0
13515,8,True,0,-1,-1,0,0,0,0,0
13517,8,True,0,-1,-1,0,0,0,0,0
13519,12,True,1,0,0,1,4,1,2,1
13521,16,True,1,2,2,1,2,0,1,1
13523,15,True,1,4,4,1,5,2,2,1
13525,9,True,0,-1,-1,0,0,0,0,0
13527,7,True,0,-1,-1,0,0,0,0,0
13529,7,True,0,-1,-1,0,0,0,0,0
13531,23,True,3,14,9,6,19,8,8,3
13533,21,True,3,12,7,6,19,8,8,3
13535,24,True,4,7,5,3,12,5,3,4
13537,11,True,4,3,2,2,10,4,2,4
13539,8,True,0,-1,-1,0,0,0,0,0
13541,31,True,4,22,14,9,26,11,11,4
13543,16,True,2,1,0,2,6,2,2,2
13545,32,True,4,23,15,9,26,11,11,4
13547,32,True,5,23,15,9,27,11,11,5
13549,9,True,0,-1,-1,0,0,0,0,0
13551,37,True,6,9,0,10,35,14,15,6
13553,7,True,0,-1,-1,0,0,0,0,0
13555,20,True,1,5,5,1,3,1,1,1
13557,6,True,0,-1,-1,0,0,0,0,0
13559,20,True,1,5,5,1,2,0,1,1
13561,20,True,1,5,5,1,2,0,1,1
13563,18,True,1,1,1,1,2,0,1,1
13565,32,True,4,23,15,9,26,11,11,4
13567,30,True,4,21,13,9,26,11,11,4
13569,7,True,0,-1,-1,0,0,0,0,0
13571,20,True,1,2,2,1,4,2,1,1
13573,10,True,0,-1,-1,0,0,0,0,0
13575,19,True,1,0,0,1,3,1,1,1
13577,18,True,2,5,5,1,5,2,1,2
13579,7,True,0,-1,-1,0,0,0,0,0
13581,7,True,1,2,2,1,2,0,1,1
13583,5,True,0,-1,-1,0,0,0,0,0
13585,8,True,0,-1,-1,0,0,0,0,0
13587,13,True,1,1,1,1,2,0,1,1
13589,11,True,2,2,2,1,4,1,1,2
13591,6,True,0,-1,-1,0,0,0,0,0
13593,31,True,5,22,14,9,27,11,11,5
13595,17,True,3,1,1,1,6,2,1,3
13597,24,True,3,7,6,2,8,3,2,3
13599,23,True,4,6,3,4,13,5,4,4
13601,10,True,0,-1,-1,0,0,0,0,0
13603,16,True,4,5,5,1,8,3,1,4
13605,16,True,4,5,5,1,8,3,1,4
13607,16,True,4,5,5,1,8,3,1,4
13609,15,True,5,4,4,1,9,3,1,5
13611,17,True,4,6,6,1,8,3,1,4
13613,12,True,1,3,3,1,3,1,1,1
13615,21,True,2,0,0,1,4,1,1,2
13617,34,True,7,8,6,3,18,7,4,7
13619,34,True,7,8,6,3,18,7,4,7
13621,11,True,1,2,2,1,5,2,2,1
13623,16,True,2,5,1,5,12,5,5,2
13625,16,True,2,6,6,1,9,4,3,2
13627,11,True,0,-1,-1,0,0,0,0,0
13629,13,True,1,4,4,1,3,1,1,1
13631,31,True,6,5,3,3,17,7,4,6
13633,12,True,0,-1,-1,0,0,0,0,0
13635,26,True,3,17,12,6,19,8,8,3
13637,23,True,4,4,2,3,11,4,3,4
13639,17,True,2,2,0,3,8,3,3,2
13641,14,True,0,-1,-1,0,0,0,0,0
13643,23,True,3,4,2,3,10,4,3,3
13645,23,True,3,2,2,1,7,2,2,3
13647,22,True,4,4,3,2,9,3,2,4
13649,21,True,6,6,2,5,19,7,6,6
13651,20,True,5,5,1,5,19,7,7,5
13653,3,True,0,-1,-1,0,0,0,0,0
13655,28,True,5,19,11,9,27,11,11,5
13657,10,True,0,-1,-1,0,0,0,0,0
13659,28,True,5,19,11,9,27,11,11,5
13661,29,True,5,20,12,9,27,11,11,5
13663,7,True,0,-1,-1,0,0,0,0,0
13665,15,True,1,2,2,1,3,1,1,1
13667,13,True,1,9,9,1,3,1,1,1
13669,13,True,1,9,9,1,3,1,1,1
13671,23,True,3,1,0,2,8,3,2,3
13673,28,True,5,19,11,9,27,11,11,5
13675,30,True,5,21,13,9,27,11,11,5
13677,28,True,5,19,11,9,27,11,11,5
13679,12,True,2,0,0,1,4,1,1,2
13681,12,True,1,8,8,1,3,1,1,1
13683,13,True,1,9,9,1,3,1,1,1
13685,11,True,1,7,7,1,3,1,1,1
13687,24,True,3,15,10,6,19,8,8,3
13689,26,True,5,17,9,9,27,11,11,5
13691,27,True,5,18,10,9,27,11,11,5
13693,25,True,5,16,8,9,27,11,11,5
13695,9,True,1,0,0,1,7,3,3,1
13697,27,True,5,18,10,9,27,11,11,5
13699,11,True,1,7,7,1,3,1,1,1
13701,13,True,1,2,2,1,3,1,1,1
13703,10,True,1,0,0,1,3,1,1,1
13705,25,True,5,16,8,9,27,11,11,5
13707,12,True,1,8,8,1,3,1,1,1
13709,8,True,0,-1,-1,0,0,0,0,0
13711,15,True,1,3,3,1,3,1,1,1
13713,13,True,1,9,9,1,3,1,1,1
13715,11,True,1,7,7,1,3,1,1,1
13717,7,True,0,-1,-1,0,0,0,0,0
13719,11,True,1,1,1,1,3,1,1,1
13721,13,True,0,-1,-1,0,0,0,0,0
13723,11,True,1,1,1,1,4,1,2,1
13725,20,True,3,3,2,2,8,3,2,3
13727,13,True,2,0,0,1,5,2,1,2
13729,13,True,1,2,2,1,2,0,1,1
13731,26,True,5,17,9,9,27,11,11,5
13733,25,True,5,16,8,9,27,11,11,5
13735,11,True,1,0,0,1,3,1,1,1
13737,15,True,1,2,2,1,4,1,2,1
13739,33,True,4,22,22,1,8,3,1,4
13741,26,True,5,17,9,9,27,11,11,5
13743,35,True,6,9,7,3,15,6,3,6
13745,8,True,0,-1,-1,0,0,0,0,0
13747,7,True,0,-1,-1,0,0,0,0,0
13749,26,True,4,17,9,9,26,11,11,4
13751,13,True,1,9,9,1,3,1,1,1
13753,7,True,0,-1,-1,0,0,0,0,0
13755,33,True,4,24,16,9,26,11,11,4
13757,27,True,4,18,10,9,26,11,11,4
13759,18,True,5,1,0,2,11,4,2,5
13761,26,True,4,17,9,9,26,11,11,4
13763,23,True,2,1,1,1,5,2,1,2
13765,18,True,3,9,4,6,19,8,8,3
13767,26,True,4,17,9,9,26,11,11,4
13769,13,True,1,9,9,1,3,1,1,1
13771,13,True,1,9,9,1,3,1,1,1
13773,15,True,1,11,11,1,3,1,1,1
13775,28,True,7,6,0,7,26,11,8,7
13777,14,True,1,10,10,1,3,1,1,1
13779,29,True,4,20,12,9,26,11,11,4
13781,17,True,3,8,3,6,19,8,8,3
13783,26,True,5,17,9,9,27,11,11,5
13785,12,True,1,8,8,1,3,1,1,1
13787,12,True,1,8,8,1,3,1,1,1
13789,13,True,1,9,9,1,3,1,1,1
13791,18,True,2,1,0,2,8,3,3,2
13793,25,True,4,16,8,9,26,11,11,4
13795,17,True,3,8,3,6,19,8,8,3
13797,24,True,4,15,7,9,26,11,11,4
13799,13,True,1,0,0,1,3,1,1,1
13801,22,True,2,3,1,3,9,4,3,2
13803,24,True,5,15,7,9,27,11,11,5
13805,15,True,1,2,2,1,2,0,1,1
13807,12,True,2,0,0,1,4,1,1,2
13809,11,True,1,2,2,1,2,0,1,1
13811,19,True,4,8,7,2,10,4,2,4
13813,9,True,0,-1,-1,0,0,0,0,0
13815,19,True,4,8,7,2,10,4,2,4
13817,20,True,4,9,8,2,10,4,2,4
13819,11,True,1,1,1,1,2,0,1,1
13821,11,True,1,7,7,1,3,1,1,1
13823,27,True,4,1,0,2,15,6,5,4
13825,18,True,1,5,5,1,2,0,1,1
13827,10,True,0,-1,-1,0,0,0,0,0
13829,11,True,0,-1,-1,0,0,0,0,0
13831,17,True,1,0,0,1,3,1,1,1
13833,17,True,1,1,1,1,3,1,1,1
13835,11,True,0,-1,-1,0,0,0,0,0
13837,19,True,3,10,5,6,19,8,8,3
13839,35,True,6,18,9,10,32,13,13,6
13841,19,True,3,10,5,6,19,8,8,3
13843,15,True,1,1,1,1,2,0,1,1
13845,24,True,5,15,7,9,27,11,11,5
13847,17,True,1,10,10,1,2,0,1,1
13849,18,True,1,11,11,1,2,0,1,1
13851,15,True,1,1,1,1,5,2,2,1
13853,18,True,3,9,4,6,19,8,8,3
13855,18,True,2,0,0,1,5,2,1,2
13857,26,True,5,17,9,9,27,11,11,5
13859,24,True,5,15,7,9,27,11,11,5
13861,24,True,5,15,7,9,27,11,11,5
13863,24,True,5,15,7,9,27,11,11,5
13865,15,True,2,1,1,1,5,2,1,2
13867,25,True,5,16,8,9,27,11,11,5
13869,25,True,5,16,8,9,27,11,11,5
13871,31,True,3,22,17,6,19,8,8,3
13873,30,True,3,21,16,6,19,8,8,3
13875,30,True,3,21,16,6,19,8,8,3
13877,6,True,0,-1,-1,0,0,0,0,0
13879,14,True,3,1,1,1,6,2,1,3
13881,26,True,4,17,9,9,26,11,11,4
13883,24,True,4,15,7,9,26,11,11,4
13885,17,True,3,8,3,6,19,8,8,3
13887,41,True,4,32,24,9,26,11,11,4
13889,11,True,0,-1,-1,0,0,0,0,0
13891,9,True,0,-1,-1,0,0,0,0,0
13893,19,True,2,10,8,3,11,5,4,2
13895,23,True,2,4,4,1,6,2,2,2
13897,24,True,2,8,7,2,7,2,3,2
13899,18,True,2,9,7,3,11,5,4,2
13901,18,True,2,9,7,3,11,5,4,2
13903,19,True,1,0,0,1,4,1,2,1
13905,18,True,2,6,6,1,5,2,1,2
13907,16,True,2,4,4,1,5,2,1,2
13909,5,True,0,-1,-1,0,0,0,0,0
13911,27,True,4,18,10,9,26,11,11,4
13913,27,True,4,18,10,9,26,11,11,4
13915,12,True,1,1,1,1,3,1,1,1
13917,10,True,1,2,2,1,4,2,1,1
13919,18,True,1,3,3,1,3,1,1,1
13921,18,True,2,9,7,3,11,5,4,2
13923,10,True,1,6,6,1,3,1,1,1
13925,11,True,1,7,7,1,3,1,1,1
13927,11,True,1,0,0,1,3,1,1,1
13929,12,True,1,2,2,1,3,1,1,1
13931,29,True,4,18,18,1,8,3,1,4
13933,16,True,1,2,2,1,4,1,2,1
13935,27,True,4,18,10,9,26,11,11,4
13937,6,True,0,-1,-1,0,0,0,0,0
13939,12,True,1,8,8,1,3,1,1,1
13941,29,True,5,3,2,2,12,5,2,5
13943,10,True,1,6,6,1,3,1,1,1
13945,25,True,4,16,8,9,26,11,11,4
13947,11,True,1,1,1,1,2,0,1,1
13949,25,True,1,1,1,1,4,2,1,1
13951,12,True,3,0,0,1,7,3,1,3
13953,25,True,4,3,3,1,8,3,1,4
13955,5,True,0,-1,-1,0,0,0,0,0
13957,19,True,1,2,2,1,2,0,1,1
13959,19,True,2,10,8,3,11,5,4,2
13961,17,True,1,1,1,1,3,1,1,1
13963,18,True,0,-1,-1,0,0,0,0,0
13965,26,True,4,17,9,9,26,11,11,4
13967,17,True,0,-1,-1,0,0,0,0,0
13969,19,True,2,10,8,3,11,5,4,2
13971,18,True,2,9,7,3,11,5,4,2
13973,24,True,4,15,7,9,26,11,11,4
13975,25,True,4,16,8,9,26,11,11,4
13977,17,True,2,6,5,2,8,3,3,2
13979,16,True,2,1,1,1,4,1,1,2
13981,13,True,1,5,5,1,2,0,1,1
13983,14,True,6,2,0,3,17,7,4,6
13985,13,True,1,2,2,1,2,0,1,1
13987,17,True,2,1,1,1,4,1,1,2
13989,16,True,2,7,5,3,11,5,4,2
13991,17,True,2,3,3,1,4,1,1,2
13993,16,True,2,1,1,1,8,3,3,2
13995,24,True,4,15,15,1,7,2,1,4
13997,26,True,4,9,5,5,18,7,7,4
13999,15,True,2,0,0,1,4,1,1,2
14001,8,True,0,-1,-1,0,0,0,0,0
14003,7,True,0,-1,-1,0,0,0,0,0
14005,7,True,0,-1,-1,0,0,0,0,0
14007,26,True,4,17,9,9,26,11,11,4
14009,27,True,4,18,10,9,26,11,11,4
14011,25,True,4,16,8,9,26,11,11,4
14013,15,True,4,4,3,2,10,4,2,4
14015,10,True,3,0,0,1,6,2,1,3
14017,8,True,0,-1,-1,0,0,0,0,0
14019,25,True,5,2,1,2,12,5,2,5
14021,13,True,1,6,6,1,2,0,1,1
14023,6,True,1,0,0,1,3,1,1,1
14025,18,True,2,9,7,3,11,5,4,2
14027,17,True,2,8,6,3,11,5,4,2
14029,13,True,1,6,6,1,2,0,1,1
14031,26,True,3,7,6,2,8,3,2,3
14033,32,True,6,15,6,10,32,13,13,6
14035,30,True,6,13,4,10,32,13,13,6
14037,12,True,1,5,5,1,2,0,1,1
14039,9,True,0,-1,-1,0,0,0,0,0
14041,9,True,0,-1,-1,0,0,0,0,0
14043,17,True,2,8,6,3,11,5,4,2
14045,9,True,0,-1,-1,0,0,0,0,0
14047,31,True,5,14,5,10,31,13,13,5
14049,16,True,1,2,2,1,5,2,2,1
14051,11,True,1,4,4,1,2,0,1,1
14053,12,True,1,5,5,1,2,0,1,1
14055,15,True,3,3,0,4,11,4,4,3
14057,27,True,4,5,5,1,8,3,1,4
14059,9,True,0,-1,-1,0,0,0,0,0
14061,27,True,3,18,13,6,19,8,8,3
14063,6,True,2,0,0,1,4,1,1,2
14065,13,True,1,6,6,1,2,0,1,1
14067,19,True,2,10,8,3,12,5,5,2
14069,25,True,3,16,11,6,19,8,8,3
14071,19,True,1,10,10,1,6,3,2,1
14073,25,True,3,16,11,6,19,8,8,3
14075,17,True,1,1,1,1,2,0,1,1
14077,13,True,2,1,1,1,5,2,1,2
14079,13,True,4,0,0,1,8,3,1,4
14081,14,True,1,7,7,1,2,0,1,1
14083,11,True,1,7,7,1,3,1,1,1
14085,20,True,2,4,3,2,6,2,2,2
14087,11,True,1,0,0,1,3,1,1,1
14089,11,True,1,1,1,1,3,1,1,1
14091,13,True,1,9,9,1,3,1,1,1
14093,19,True,2,3,2,2,7,2,3,2
14095,18,True,2,9,9,1,4,1,1,2
14097,20,True,2,11,11,1,4,1,1,2
14099,13,True,1,1,1,1,2,0,1,1
14101,19,True,5,10,2,9,27,11,11,5
14103,9,True,2,1,1,1,5,2,1,2
14105,10,True,2,2,2,1,6,2,2,2
14107,25,True,5,2,1,2,14,5,4,5
14109,13,True,1,6,6,1,2,0,1,1
14111,17,True,2,0,0,1,5,2,1,2
14113,26,True,3,17,12,6,19,8,8,3
14115,12,True,1,5,5,1,2,0,1,1
14117,11,True,1,4,4,1,2,0,1,1
14119,20,True,4,5,3,3,12,5,3,4
14121,23,True,3,14,9,6,19,8,8,3
14123,12,True,1,5,5,1,2,0,1,1
14125,21,True,1,4,4,1,4,2,1,1
14127,10,True,2,0,0,1,4,1,1,2
14129,20,True,1,3,3,1,4,2,1,1
14131,20,True,1,3,3,1,4,2,1,1
14133,7,True,0,-1,-1,0,0,0,0,0
14135,10,True,1,3,3,1,2,0,1,1
14137,20,True,3,5,5,1,6,2,1,3
14139,20,True,1,3,3,1,3,1,1,1
14141,28,True,3,19,14,6,19,8,8,3
14143,9,True,2,0,0,1,6,2,2,2
14145,7,True,0,-1,-1,0,0,0,0,0
14147,19,True,1,1,1,1,2,0,1,1
14149,6,True,0,-1,-1,0,0,0,0,0
14151,21,True,1,0,0,1,3,1,1,1
14153,24,True,3,15,10,6,19,8,8,3
14155,6,True,0,-1,-1,0,0,0,0,0
14157,13,True,1,2,2,1,3,1,1,1
14159,21,True,1,0,0,1,4,1,2,1
14161,12,True,0,-1,-1,0,0,0,0,0
14163,20,True,2,1,1,1,5,2,1,2
14165,19,True,4,10,2,9,26,11,11,4
14167,12,True,0,-1,-1,0,0,0,0,0
14169,13,True,0,-1,-1,0,0,0,0,0
14171,25,True,3,16,11,6,19,8,8,3
14173,11,True,0,-1,-1,0,0,0,0,0
14175,10,True,0,-1,-1,0,0,0,0,0
14177,24,True,3,15,10,6,19,8,8,3
14179,11,True,0,-1,-1,0,0,0,0,0
14181,11,True,0,-1,-1,0,0,0,0,0
14183,23,True,3,14,9,6,19,8,8,3
14185,12,True,0,-1,-1,0,0,0,0,0
14187,20,True,1,3,3,1,3,1,1,1
14189,11,True,0,-1,-1,0,0,0,0,0
14191,17,True,2,0,0,1,4,1,1,2
14193,12,True,0,-1,-1,0,0,0,0,0
14195,11,True,0,-1,-1,0,0,0,0,0
14197,12,True,0,-1,-1,0,0,0,0,0
14199,11,True,0,-1,-1,0,0,0,0,0
14201,20,True,2,3,3,1,6,2,2,2
14203,13,True,1,1,1,1,2,0,1,1
14205,17,True,4,8,8,1,7,2,1,4
14207,25,True,3,16,11,6,19,8,8,3
14209,18,True,4,9,9,1,7,2,1,4
14211,11,True,0,-1,-1,0,0,0,0,0
14213,11,True,1,2,2,1,4,1,2,1
14215,11,True,1,0,0,1,3,1,1,1
14217,12,True,1,1,1,1,3,1,1,1
14219,31,True,5,22,14,9,27,11,11,5
14221,20,True,4,11,3,9,26,11,11,4
14223,25,True,3,16,11,6,19,8,8,3
14225,11,True,1,6,6,1,2,0,1,1
14227,9,True,1,4,4,1,2,0,1,1
14229,22,True,3,3,2,2,8,3,2,3
14231,11,True,0,-1,-1,0,0,0,0,0
14233,12,True,0,-1,-1,0,0,0,0,0
14235,9,True,0,-1,-1,0,0,0,0,0
14237,10,True,0,-1,-1,0,0,0,0,0
14239,10,True,2,0,0,1,5,2,1,2
14241,13,True,1,2,2,1,2,0,1,1
14243,22,True,3,13,8,6,19,8,8,3
14245,10,True,1,1,1,1,4,2,1,1
14247,23,True,2,3,0,4,12,5,5,2
14249,18,True,3,2,1,2,9,4,2,3
14251,10,True,0,-1,-1,0,0,0,0,0
14253,27,True,4,10,8,3,12,5,3,4
14255,22,True,3,13,8,6,19,8,8,3
14257,20,True,4,11,3,9,26,11,11,4
14259,19,True,4,10,2,9,26,11,11,4
14261,9,True,1,2,2,1,2,0,1,1
14263,33,True,4,24,16,9,26,11,11,4
14265,10,True,0,-1,-1,0,0,0,0,0
14267,9,True,0,-1,-1,0,0,0,0,0
14269,34,True,5,25,17,9,27,11,11,5
14271,32,True,4,23,15,9,26,11,11,4
14273,9,True,1,4,4,1,4,1,2,1
14275,8,True,2,1,1,1,4,1,1,2
14277,13,True,2,4,2,3,10,4,4,2
14279,23,True,1,0,0,1,3,1,1,1
14281,22,True,1,3,3,1,2,0,1,1
14283,7,True,0,-1,-1,0,0,0,0,0
14285,7,True,0,-1,-1,0,0,0,0,0
14287,33,True,4,24,16,9,26,11,11,4
14289,7,True,0,-1,-1,0,0,0,0,0
14291,32,True,4,2,1,2,11,4,3,4
14293,12,True,1,3,3,1,6,3,2,1
14295,21,True,1,3,3,1,4,2,1,1
14297,13,True,1,4,4,1,6,3,2,1
14299,11,True,0,-1,-1,0,0,0,0,0
14301,9,True,1,4,4,1,2,0,1,1
14303,19,True,2,6,6,1,5,2,1,2
14305,8,True,2,2,2,1,4,1,1,2
14307,12,True,1,3,3,1,6,3,2,1
14309,14,True,2,5,5,1,4,1,1,2
14311,9,True,1,0,0,1,3,1,1,1
14313,16,True,2,2,1,2,7,3,2,2
14315,9,True,1,2,2,1,4,2,1,1
14317,14,True,2,5,5,1,4,1,1,2
14319,31,True,5,22,14,9,27,11,11,5
14321,18,True,4,7,7,1,8,3,1,4
14323,25,True,3,8,7,2,8,3,2,3
14325,17,True,4,6,6,1,8,3,1,4
14327,12,True,0,-1,-1,0,0,0,0,0
14329,19,True,4,8,8,1,8,3,1,4
14331,32,True,4,23,15,9,26,11,11,4
14333,17,True,4,6,6,1,8,3,1,4
14335,30,True,5,0,0,1,11,4,2,5
14337,16,True,1,7,7,1,3,1,1,1
14339,14,True,1,5,5,1,5,2,2,1
14341,16,True,1,4,4,1,4,2,1,1
14343,13,True,1,0,0,1,3,1,1,1
14345,37,True,7,11,9,3,18,7,4,7
14347,15,True,1,3,3,1,4,2,1,1
14349,21,True,3,12,7,6,19,8,8,3
14351,14,True,1,2,2,1,3,1,1,1
14353,21,True,3,12,7,6,19,8,8,3
14355,15,True,1,1,1,1,2,0,1,1
14357,15,True,1,11,11,1,3,1,1,1
14359,19,True,3,10,5,6,19,8,8,3
14361,30,True,3,21,16,6,19,8,8,3
14363,30,True,8,8,6,3,18,7,3,8
14365,26,True,3,5,5,1,8,3,2,3
14367,18,True,2,0,0,1,5,2,1,2
14369,25,True,3,4,4,1,8,3,2,3
14371,14,True,1,10,10,1,3,1,1,1
14373,6,True,1,1,1,1,3,1,1,1
14375,24,True,5,6,2,5,16,6,5,5
14377,25,True,3,16,11,6,19,8,8,3
14379,6,True,0,-1,-1,0,0,0,0,0
14381,16,True,1,12,12,1,3,1,1,1
14383,35,True,5,26,18,9,27,11,11,5
14385,31,True,5,22,14,9,27,11,11,5
14387,31,True,5,22,14,9,27,11,11,5
14389,19,True,3,10,5,6,19,8,8,3
14391,21,True,5,8,5,4,14,5,4,5
14393,15,True,1,11,11,1,3,1,1,1
14395,16,True,1,12,12,1,3,1,1,1
14397,14,True,1,10,10,1,3,1,1,1
14399,28,True,5,19,11,9,27,11,11,5
14401,30,True,5,21,13,9,27,11,11,5
14403,29,True,5,20,12,9,27,11,11,5
14405,19,True,3,10,5,6,19,8,8,3
14407,15,True,1,0,0,1,3,1,1,1
14409,14,True,2,2,2,1,5,2,1,2
14411,18,True,3,9,4,6,19,8,8,3
14413,29,True,5,20,12,9,27,11,11,5
14415,13,True,1,0,0,1,4,1,2,1
14417,28,True,5,19,11,9,27,11,11,5
14419,13,True,2,1,1,1,4,1,1,2
14421,11,True,4,2,2,1,7,2,1,4
14423,20,True,3,11,6,6,19,8,8,3
14425,20,True,3,11,6,6,19,8,8,3
14427,29,True,5,2,1,2,11,4,2,5
14429,10,True,0,-1,-1,0,0,0,0,0
14431,12,True,1,8,8,1,3,1,1,1
14433,15,True,1,4,4,1,3,1,1,1
14435,9,True,0,-1,-1,0,0,0,0,0
14437,10,True,0,-1,-1,0,0,0,0,0
14439,15,True,2,1,0,2,7,3,2,2
14441,10,True,0,-1,-1,0,0,0,0,0
14443,18,True,1,6,6,1,3,1,1,1
14445,13,True,1,2,2,1,5,2,2,1
14447,26,True,2,0,0,1,4,1,1,2
14449,11,True,4,2,2,1,7,2,1,4
14451,11,True,0,-1,-1,0,0,0,0,0
14453,19,True,3,10,5,6,19,8,8,3
14455,21,True,4,4,2,3,12,5,3,4
14457,29,True,5,20,12,9,27,11,11,5
14459,22,True,3,5,3,3,11,4,4,3
14461,15,True,1,1,1,1,4,2,1,1
14463,14,True,3,0,0,1,7,3,1,3
14465,28,True,5,19,11,9,27,11,11,5
14467,28,True,4,19,11,9,26,11,11,4
14469,29,True,4,20,12,9,26,11,11,4
14471,20,True,3,11,6,6,19,8,8,3
14473,34,True,4,23,23,1,8,3,1,4
14475,27,True,5,18,10,9,27,11,11,5
14477,12,True,3,3,3,1,6,2,1,3
14479,9,True,0,-1,-1,0,0,0,0,0
14481,16,True,1,3,3,1,4,2,1,1
14483,15,True,1,11,11,1,3,1,1,1
14485,16,True,1,1,1,1,3,1,1,1
14487,10,True,3,1,1,1,6,2,1,3
14489,30,True,4,21,13,9,26,11,11,4
14491,28,True,4,19,11,9,26,11,11,4
14493,19,True,3,10,5,6,19,8,8,3
14495,28,True,8,3,0,4,22,9,5,8
14497,26,True,2,4,4,1,5,2,1,2
14499,16,True,1,12,12,1,3,1,1,1
14501,14,True,2,1,1,1,5,2,1,2
14503,27,True,4,18,10,9,26,11,11,4
14505,22,True,3,1,1,1,7,3,1,3
14507,18,True,1,14,14,1,3,1,1,1
14509,13,True,2,4,4,1,5,2,1,2
14511,30,True,7,8,2,7,26,11,8,7
14513,16,True,1,12,12,1,3,1,1,1
14515,15,True,1,11,11,1,3,1,1,1
14517,11,True,0,-1,-1,0,0,0,0,0
14519,28,True,5,19,11,9,27,11,11,5
14521,16,True,1,12,12,1,3,1,1,1
14523,14,True,1,10,10,1,3,1,1,1
14525,21,True,3,4,3,2,8,3,2,3
14527,14,True,3,0,0,1,6,2,1,3
14529,28,True,4,19,11,9,26,11,11,4
14531,26,True,4,17,9,9,26,11,11,4
14533,13,True,5,2,2,1,9,3,1,5
14535,27,True,4,18,10,9,26,11,11,4
14537,10,True,0,-1,-1,0,0,0,0,0
14539,17,True,1,4,4,1,2,0,1,1
14541,14,True,4,3,3,1,8,3,1,4
14543,27,True,4,18,10,9,26,11,11,4
14545,22,True,4,11,10,2,10,4,2,4
14547,21,True,4,10,9,2,10,4,2,4
14549,3,True,0,-1,-1,0,0,0,0,0
14551,21,True,4,10,9,2,10,4,2,4
14553,12,True,2,2,2,1,9,4,3,2
14555,22,True,4,11,10,2,10,4,2,4
14557,30,True,6,4,2,3,17,7,4,6
14559,30,True,5,5,0,6,20,8,7,5
14561,26,True,8,4,2,3,18,7,3,8
14563,2,True,0,-1,-1,0,0,0,0,0
14565,23,True,3,14,9,6,19,8,8,3
14567,12,True,2,1,0,2,6,2,2,2
14569,13,True,1,1,1,1,4,2,1,1
14571,13,True,1,0,0,1,2,0,1,1
14573,28,True,5,19,11,9,27,11,11,5
14575,19,True,4,1,0,2,9,3,2,4
14577,11,True,0,-1,-1,0,0,0,0,0
14579,21,True,3,12,7,6,19,8,8,3
14581,9,True,0,-1,-1,0,0,0,0,0
14583,27,True,5,18,10,9,27,11,11,5
14585,21,True,1,14,14,1,2,0,1,1
14587,14,True,3,2,0,3,9,3,3,3
14589,25,True,5,16,8,9,27,11,11,5
14591,15,True,4,2,0,3,14,5,5,4
14593,11,True,0,-1,-1,0,0,0,0,0
14595,27,True,5,18,10,9,27,11,11,5
14597,10,True,0,-1,-1,0,0,0,0,0
14599,26,True,5,17,9,9,27,11,11,5
14601,27,True,5,18,10,9,27,11,11,5
14603,10,True,1,0,0,1,2,0,1,1
14605,9,True,0,-1,-1,0,0,0,0,0
14607,25,True,5,16,8,9,27,11,11,5
14609,10,True,0,-1,-1,0,0,0,0,0
14611,33,True,3,24,19,6,19,8,8,3
14613,24,True,5,15,7,9,27,11,11,5
14615,8,True,0,-1,-1,0,0,0,0,0
14617,8,True,0,-1,-1,0,0,0,0,0
14619,31,True,3,22,17,6,19,8,8,3
14621,21,True,3,12,7,6,19,8,8,3
14623,27,True,4,18,10,9,26,11,11,4
14625,9,True,0,-1,-1,0,0,0,0,0
14627,21,True,2,12,10,3,11,5,4,2
14629,21,True,2,12,10,3,11,5,4,2
14631,13,True,1,0,0,1,3,1,1,1
14633,11,True,1,1,1,1,5,2,2,1
14635,21,True,2,12,10,3,11,5,4,2
14637,24,True,5,15,7,9,27,11,11,5
14639,27,True,2,0,0,1,4,1,1,2
14641,9,True,0,-1,-1,0,0,0,0,0
14643,9,True,0,-1,-1,0,0,0,0,0
14645,23,True,5,14,6,9,27,11,11,5
14647,26,True,5,17,9,9,27,11,11,5
14649,19,True,2,7,7,1,5,2,1,2
14651,12,True,1,0,0,1,2,0,1,1
14653,13,True,1,5,5,1,4,2,1,1
14655,19,True,3,1,0,2,9,3,3,3
14657,24,True,5,15,7,9,27,11,11,5
14659,21,True,2,2,2,1,5,2,1,2
14661,9,True,0,-1,-1,0,0,0,0,0
14663,23,True,4,2,0,3,11,4,3,4
14665,14,True,1,10,10,1,3,1,1,1
14667,9,True,1,0,0,1,2,0,1,1
14669,8,True,0,-1,-1,0,0,0,0,0
14671,13,True,1,0,0,1,4,1,2,1
14673,31,True,4,20,20,1,8,3,1,4
14675,29,True,4,18,18,1,8,3,1,4
14677,8,True,1,4,4,1,3,1,1,1
14679,31,True,6,5,3,3,15,6,3,6
14681,32,True,5,6,5,2,12,5,2,5
14683,14,True,1,0,0,1,2,0,1,1
14685,23,True,5,14,6,9,27,11,11,5
14687,11,True,1,7,7,1,3,1,1,1
14689,28,True,4,19,11,9,26,11,11,4
14691,28,True,4,19,11,9,26,11,11,4
14693,28,True,4,19,11,9,26,11,11,4
14695,42,True,5,12,0,13,40,16,19,5
14697,21,True,5,12,4,9,27,11,11,5
14699,9,True,1,0,0,1,2,0,1,1
14701,21,True,1,4,4,1,2,0,1,1
14703,20,True,2,0,0,1,4,1,1,2
14705,23,True,4,14,6,9,26,11,11,4
14707,28,True,4,19,11,9,26,11,11,4
14709,22,True,4,13,5,9,26,11,11,4
14711,20,True,1,2,2,1,4,2,1,1
14713,18,True,3,2,2,1,7,3,1,3
14715,22,True,2,13,11,3,11,5,4,2
14717,26,True,4,17,9,9,26,11,11,4
14719,24,True,3,2,1,2,8,3,2,3
14721,28,True,4,19,11,9,26,11,11,4
14723,23,True,5,14,6,9,27,11,11,5
14725,22,True,5,13,5,9,27,11,11,5
14727,22,True,5,13,5,9,27,11,11,5
14729,15,True,1,1,1,1,3,1,1,1
14731,15,True,1,0,0,1,2,0,1,1
14733,22,True,4,13,5,9,26,11,11,4
14735,18,True,2,9,7,3,11,5,4,2
14737,10,True,0,-1,-1,0,0,0,0,0
14739,8,True,0,-1,-1,0,0,0,0,0
14741,22,True,4,13,5,9,26,11,11,4
14743,8,True,0,-1,-1,0,0,0,0,0
14745,10,True,0,-1,-1,0,0,0,0,0
14747,17,True,2,2,0,3,9,3,4,2
14749,9,True,0,-1,-1,0,0,0,0,0
14751,19,True,2,0,0,1,5,2,1,2
14753,30,True,4,21,13,9,26,11,11,4
14755,16,True,4,5,4,2,10,4,2,4
14757,16,True,4,5,4,2,10,4,2,4
14759,8,True,1,0,0,1,3,1,1,1
14761,22,True,4,13,13,1,7,2,1,4
14763,13,True,3,3,3,1,7,3,1,3
14765,17,True,1,10,10,1,2,0,1,1
14767,28,True,5,5,4,2,12,5,2,5
14769,16,True,1,9,9,1,2,0,1,1
14771,15,True,1,8,8,1,2,0,1,1
14773,14,True,1,7,7,1,2,0,1,1
14775,14,True,1,7,7,1,2,0,1,1
14777,16,True,1,9,9,1,2,0,1,1
14779,29,True,3,10,9,2,8,3,2,3
14781,34,True,6,17,8,10,32,13,13,6
14783,17,True,4,1,0,2,9,3,2,4
14785,13,True,1,3,3,1,4,2,1,1
14787,10,True,0,-1,-1,0,0,0,0,0
14789,9,True,1,5,5,1,3,1,1,1
14791,12,True,1,0,0,1,3,1,1,1
14793,11,True,0,-1,-1,0,0,0,0,0
14795,15,True,1,0,0,1,2,0,1,1
14797,16,True,1,9,9,1,2,0,1,1
14799,18,True,1,0,0,1,4,1,2,1
14801,15,True,1,8,8,1,2,0,1,1
14803,14,True,1,7,7,1,2,0,1,1
14805,21,True,5,12,4,9,27,11,11,5
14807,28,True,4,6,6,1,8,3,1,4
14809,22,True,4,13,5,9,26,11,11,4
14811,28,True,3,19,14,6,19,8,8,3
14813,22,True,4,13,5,9,26,11,11,4
14815,7,True,2,1,0,2,10,4,4,2
14817,21,True,2,12,10,3,12,5,5,2
14819,21,True,5,12,4,9,27,11,11,5
14821,27,True,3,18,13,6,19,8,8,3
14823,21,True,1,0,0,1,3,1,1,1
14825,27,True,3,18,13,6,19,8,8,3
14827,19,True,1,0,0,1,2,0,1,1
14829,22,True,4,13,5,9,26,11,11,4
14831,40,True,4,31,23,9,26,11,11,4
14833,22,True,5,13,5,9,27,11,11,5
14835,23,True,2,7,6,2,6,2,2,2
14837,20,True,2,4,3,2,7,2,3,2
14839,13,True,1,2,2,1,4,2,1,1
14841,14,True,1,4,4,1,3,1,1,1
14843,21,True,2,5,4,2,7,2,3,2
14845,40,True,4,3,1,3,13,5,4,4
14847,26,True,5,0,0,1,9,3,1,5
14849,17,True,1,5,5,1,3,1,1,1
14851,21,True,5,12,4,9,27,11,11,5
14853,15,True,2,3,3,1,5,2,1,2
14855,13,True,2,5,5,1,5,2,1,2
14857,21,True,5,12,4,9,27,11,11,5
14859,15,True,1,0,0,1,2,0,1,1
14861,9,True,1,5,5,1,3,1,1,1
14863,12,True,1,5,5,1,2,0,1,1
14865,9,True,1,5,5,1,3,1,1,1
14867,16,True,1,9,9,1,2,0,1,1
14869,23,True,4,14,6,9,26,11,11,4
14871,9,True,0,-1,-1,0,0,0,0,0
14873,9,True,0,-1,-1,0,0,0,0,0
14875,25,True,3,16,11,6,19,8,8,3
14877,10,True,0,-1,-1,0,0,0,0,0
14879,25,True,4,14,14,1,8,3,1,4
14881,10,True,0,-1,-1,0,0,0,0,0
14883,23,True,4,14,6,9,26,11,11,4
14885,12,True,1,1,1,1,3,1,1,1
14887,9,True,1,0,0,1,3,1,1,1
14889,13,True,2,1,1,1,5,2,1,2
14891,23,True,4,14,6,9,26,11,11,4
14893,23,True,4,14,6,9,26,11,11,4
14895,22,True,2,0,0,1,4,1,1,2
14897,22,True,1,2,2,1,4,2,1,1
14899,22,True,1,2,2,1,3,1,1,1
14901,8,True,1,4,4,1,3,1,1,1
14903,27,True,3,18,13,6,19,8,8,3
14905,9,True,0,-1,-1,0,0,0,0,0
14907,15,True,1,0,0,1,2,0,1,1
14909,14,True,1,3,3,1,3,1,1,1
14911,12,True,1,1,1,1,4,2,1,1
14913,15,True,0,-1,-1,0,0,0,0,0
14915,13,True,0,-1,-1,0,0,0,0,0
14917,15,True,0,-1,-1,0,0,0,0,0
14919,22,True,2,3,3,1,6,3,1,2
14921,21,True,4,12,4,9,26,11,11,4
14923,14,True,1,0,0,1,2,0,1,1
14925,15,True,0,-1,-1,0,0,0,0,0
14927,14,True,1,0,0,1,4,1,2,1
14929,14,True,2,3,3,1,4,1,1,2
14931,13,True,1,2,2,1,3,1,1,1
14933,14,True,2,5,3,3,11,5,4,2
14935,13,True,0,-1,-1,0,0,0,0,0
14937,13,True,0,-1,-1,0,0,0,0,0
14939,12,True,1,0,0,1,2,0,1,1
14941,8,True,1,4,4,1,3,1,1,1
14943,13,True,0,-1,-1,0,0,0,0,0
14945,13,True,0,-1,-1,0,0,0,0,0
14947,18,True,4,9,9,1,7,2,1,4
14949,19,True,4,10,10,1,7,2,1,4
14951,12,True,1,0,0,1,3,1,1,1
14953,13,True,0,-1,-1,0,0,0,0,0
14955,15,True,1,0,0,1,2,0,1,1
14957,22,True,3,5,2,4,16,7,6,3
14959,23,True,2,0,0,1,4,1,1,2
14961,15,True,2,6,4,3,11,5,4,2
14963,28,True,3,3,3,1,7,3,1,3
14965,23,True,4,14,6,9,26,11,11,4
14967,7,True,1,3,3,1,3,1,1,1
14969,14,True,0,-1,-1,0,0,0,0,0
14971,14,True,1,0,0,1,2,0,1,1
14973,13,True,2,2,1,2,7,3,2,2
14975,23,True,3,0,0,1,7,3,1,3
14977,34,True,5,25,17,9,27,11,11,5
14979,15,True,2,6,4,3,11,5,4,2
14981,25,True,3,6,5,2,8,3,2,3
14983,25,True,3,6,5,2,8,3,2,3
14985,12,True,1,1,1,1,3,1,1,1
14987,25,True,3,6,5,2,8,3,2,3
14989,14,True,2,5,3,3,11,5,4,2
14991,12,True,0,-1,-1,0,0,0,0,0
14993,13,True,1,4,4,1,3,1,1,1
14995,12,True,1,3,3,1,3,1,1,1
14997,27,True,6,10,1,10,32,13,13,6
14999,13,True,2,4,2,3,11,5,4,2
15001,26,True,3,17,12,6,19,8,8,3
15003,18,True,4,4,0,5,14,5,5,4
15005,13,True,1,4,4,1,3,1,1,1
15007,23,True,3,14,9,6,19,8,8,3
15009,21,True,3,5,4,2,9,4,2,3
15011,26,True,4,9,7,3,12,5,3,4
15013,23,True,4,1,1,1,8,3,1,4
15015,17,True,4,8,8,1,7,2,1,4
15017,32,True,5,1,1,1,10,4,1,5
15019,23,True,4,14,6,9,26,11,11,4
15021,13,True,1,8,8,1,4,1,2,1
15023,11,True,2,0,0,1,4,1,1,2
15025,16,True,2,7,5,3,12,5,5,2
15027,15,True,2,6,4,3,12,5,5,2
15029,16,True,1,7,7,1,6,3,2,1
15031,36,True,5,27,19,9,27,11,11,5
15033,15,True,2,6,4,3,12,5,5,2
15035,11,True,1,0,0,1,2,0,1,1
15037,16,True,2,7,5,3,10,4,4,2
15039,41,True,6,13,0,14,45,18,21,6
15041,16,True,1,7,7,1,6,3,2,1
15043,8,True,0,-1,-1,0,0,0,0,0
15045,9,True,1,5,5,1,3,1,1,1
15047,9,True,1,0,0,1,3,1,1,1
15049,15,True,1,6,6,1,6,3,2,1
15051,34,True,5,4,2,3,15,6,4,5
15053,9,True,1,5,5,1,3,1,1,1
15055,28,True,4,14,0,15,37,15,18,4
15057,12,True,1,5,5,1,2,0,1,1
15059,10,True,1,3,3,1,2,0,1,1
15061,22,True,3,13,8,6,19,8,8,3
15063,10,True,1,5,5,1,2,0,1,1
15065,8,True,1,4,4,1,3,1,1,1
15067,21,True,2,8,8,1,5,2,1,2
15069,17,True,2,8,8,1,4,1,1,2
15071,14,True,1,0,0,1,5,2,2,1
15073,15,True,1,2,2,1,5,3,1,1
15075,21,True,3,12,7,6,19,8,8,3
15077,20,True,4,9,9,1,8,3,1,4
15079,17,True,4,2,0,3,12,5,3,4
15081,15,True,1,1,1,1,4,2,1,1
15083,16,True,2,7,7,1,4,1,1,2
15085,20,True,4,9,9,1,8,3,1,4
15087,36,True,5,27,19,9,27,11,11,5
15089,22,True,3,13,8,6,19,8,8,3
15091,14,True,1,2,2,1,5,2,2,1
15093,7,True,1,1,1,1,3,1,1,1
15095,20,True,4,9,9,1,8,3,1,4
15097,19,True,4,3,3,1,9,3,2,4
15099,22,True,4,11,11,1,8,3,1,4
15101,16,True,2,1,1,1,5,2,1,2
15103,18,True,5,7,7,1,9,3,1,5
15105,25,True,3,16,11,6,19,8,8,3
15107,24,True,3,15,10,6,19,8,8,3
15109,23,True,3,14,9,6,19,8,8,3
15111,39,True,7,13,11,3,18,7,4,7
15113,18,True,1,1,1,1,3,1,1,1
15115,18,True,1,0,0,1,2,0,1,1
15117,17,True,1,13,13,1,3,1,1,1
15119,20,True,3,11,6,6,19,8,8,3
15121,18,True,1,14,14,1,3,1,1,1
15123,17,True,1,13,13,1,3,1,1,1
15125,9,True,0,-1,-1,0,0,0,0,0
15127,16,True,1,12,12,1,3,1,1,1
15129,32,True,8,10,8,3,18,7,3,8
15131,37,True,6,3,0,4,16,6,4,6
15133,23,True,3,14,9,6,19,8,8,3
15135,20,True,2,0,0,1,5,2,1,2
15137,9,True,1,4,4,1,3,1,1,1
15139,21,True,3,12,7,6,19,8,8,3
15141,20,True,3,11,6,6,19,8,8,3
15143,26,True,5,8,4,5,16,6,5,5
15145,26,True,3,17,12,6,19,8,8,3
15147,19,True,1,0,0,1,2,0,1,1
15149,17,True,2,3,3,1,5,2,1,2
15151,17,True,2,0,0,1,4,1,1,2
15153,17,True,1,3,3,1,4,2,1,1
15155,17,True,1,3,3,1,4,2,1,1
15157,9,True,0,-1,-1,0,0,0,0,0
15159,23,True,5,10,7,4,14,5,4,5
15161,18,True,1,14,14,1,3,1,1,1
15163,15,True,1,0,0,1,2,0,1,1
15165,31,True,5,22,14,9,27,11,11,5
15167,17,True,2,0,0,1,6,2,2,2
15169,9,True,0,-1,-1,0,0,0,0,0
15171,22,True,3,13,8,6,19,8,8,3
15173,15,True,4,6,6,1,7,2,1,4
15175,35,True,5,26,18,9,27,11,11,5
15177,31,True,5,22,14,9,27,11,11,5
15179,15,True,4,6,6,1,7,2,1,4
15181,14,True,4,5,5,1,7,2,1,4
15183,31,True,5,22,14,9,27,11,11,5
15185,30,True,5,21,13,9,27,11,11,5
15187,28,True,5,19,11,9,27,11,11,5
15189,8,True,0,-1,-1,0,0,0,0,0
15191,23,True,3,14,9,6,19,8,8,3
15193,14,True,4,5,5,1,7,2,1,4
15195,23,True,3,14,9,6,19,8,8,3
15197,13,True,4,4,4,1,7,2,1,4
15199,10,True,0,-1,-1,0,0,0,0,0
15201,15,True,1,11,11,1,3,1,1,1
15203,7,True,0,-1,-1,0,0,0,0,0
15205,7,True,0,-1,-1,0,0,0,0,0
15207,13,True,2,1,0,2,9,3,4,2
15209,12,True,0,-1,-1,0,0,0,0,0
15211,14,True,4,5,5,1,7,2,1,4
15213,15,True,1,4,4,1,5,2,2,1
15215,20,True,2,0,0,1,4,1,1,2
15217,6,True,0,-1,-1,0,0,0,0,0
15219,7,True,0,-1,-1,0,0,0,0,0
15221,6,True,0,-1,-1,0,0,0,0,0
15223,22,True,3,13,8,6,19,8,8,3
15225,15,True,2,4,2,3,8,3,3,2
15227,24,True,4,7,5,3,12,5,3,4
15229,20,True,3,11,6,6,19,8,8,3
15231,9,True,3,1,0,2,10,4,3,3
15233,17,True,1,4,4,1,6,2,3,1
15235,31,True,4,22,14,9,26,11,11,4
15237,30,True,4,21,13,9,26,11,11,4
15239,31,True,4,22,14,9,26,11,11,4
15241,31,True,5,22,14,9,27,11,11,5
15243,22,True,3,13,8,6,19,8,8,3
15245,8,True,0,-1,-1,0,0,0,0,0
15247,14,True,3,5,5,1,6,2,1,3
15249,21,True,1,6,6,1,3,1,1,1
15251,19,True,1,4,4,1,3,1,1,1
15253,5,True,0,-1,-1,0,0,0,0,0
15255,18,True,1,3,3,1,2,0,1,1
15257,19,True,1,4,4,1,2,0,1,1
15259,17,True,1,0,0,1,2,0,1,1
15261,32,True,4,23,15,9,26,11,11,4
15263,30,True,4,21,13,9,26,11,11,4
15265,22,True,3,13,8,6,19,8,8,3
15267,4,True,0,-1,-1,0,0,0,0,0
15269,19,True,1,1,1,1,4,2,1,1
15271,20,True,1,0,0,1,3,1,1,1
15273,27,True,2,1,1,1,6,3,1,2
15275,17,True,2,4,4,1,5,2,1,2
15277,6,True,0,-1,-1,0,0,0,0,0
15279,5,True,2,0,0,1,4,1,1,2
15281,6,True,0,-1,-1,0,0,0,0,0
15283,5,True,0,-1,-1,0,0,0,0,0
15285,6,True,0,-1,-1,0,0,0,0,0
15287,12,True,0,-1,-1,0,0,0,0,0
15289,14,True,0,-1,-1,0,0,0,0,0
15291,14,True,1,0,0,1,2,0,1,1
15293,30,True,5,21,13,9,27,11,11,5
15295,16,True,3,0,0,1,6,2,1,3
15297,24,True,4,7,4,4,13,5,4,4
15299,22,True,3,5,4,2,8,3,2,3
15301,9,True,0,-1,-1,0,0,0,0,0
15303,17,True,3,3,3,1,6,2,1,3
15305,29,True,4,20,12,9,26,11,11,4
15307,16,True,4,5,5,1,8,3,1,4
15309,16,True,4,5,5,1,8,3,1,4
15311,14,True,5,3,3,1,9,3,1,5
15313,16,True,4,5,5,1,8,3,1,4
15315,19,True,1,6,6,1,2,0,1,1
15317,10,True,1,1,1,1,3,1,1,1
15319,28,True,4,19,11,9,26,11,11,4
15321,8,True,0,-1,-1,0,0,0,0,0
15323,23,True,4,12,11,2,10,4,2,4
15325,33,True,7,7,5,3,18,7,4,7
15327,15,True,2,4,0,5,13,5,6,2
15329,15,True,2,5,5,1,9,4,3,2
15331,10,True,0,-1,-1,0,0,0,0,0
15333,12,True,1,3,3,1,3,1,1,1
15335,31,True,6,5,3,3,17,7,4,6
15337,38,True,4,2,1,2,10,4,2,4
15339,27,True,8,5,3,3,18,7,3,8
15341,26,True,3,17,12,6,19,8,8,3
15343,15,True,2,0,0,1,4,1,1,2
15345,11,True,0,-1,-1,0,0,0,0,0
15347,13,True,0,-1,-1,0,0,0,0,0
15349,22,True,3,3,1,3,10,4,3,3
15351,30,True,5,21,13,9,27,11,11,5
15353,22,True,4,4,3,2,9,3,2,4
15355,23,True,3,14,9,6,19,8,8,3
15357,20,True,5,5,1,5,18,7,6,5
15359,34,True,5,0,0,1,10,4,1,5
15361,30,True,5,21,13,9,27,11,11,5
15363,27,True,5,18,10,9,27,11,11,5
15365,9,True,0,-1,-1,0,0,0,0,0
15367,27,True,5,18,10,9,27,11,11,5
15369,19,True,5,6,3,4,14,5,4,5
15371,8,True,1,0,0,1,2,0,1,1
15373,28,True,5,19,11,9,27,11,11,5
15375,12,True,0,-1,-1,0,0,0,0,0
15377,28,True,5,19,11,9,27,11,11,5
15379,12,True,0,-1,-1,0,0,0,0,0
15381,12,True,1,8,8,1,3,1,1,1
15383,27,True,5,18,10,9,27,11,11,5
15385,29,True,5,20,12,9,27,11,11,5
15387,18,True,3,1,0,2,7,2,2,3
15389,27,True,5,18,10,9,27,11,11,5
15391,28,True,4,19,11,9,26,11,11,4
15393,12,True,1,3,3,1,3,1,1,1
15395,11,True,1,7,7,1,3,1,1,1
15397,23,True,3,14,9,6,19,8,8,3
15399,26,True,5,17,9,9,27,11,11,5
15401,25,True,5,16,8,9,27,11,11,5
15403,26,True,5,17,9,9,27,11,11,5
15405,26,True,5,17,9,9,27,11,11,5
15407,10,True,2,0,0,1,4,1,1,2
15409,25,True,5,16,8,9,27,11,11,5
15411,25,True,5,16,8,9,27,11,11,5
15413,10,True,1,6,6,1,3,1,1,1
15415,12,True,1,1,1,1,4,1,2,1
15417,27,True,5,18,10,9,27,11,11,5
15419,24,True,5,15,7,9,27,11,11,5
15421,11,True,1,7,7,1,3,1,1,1
15423,20,True,2,11,9,3,11,5,4,2
15425,16,True,1,4,4,1,3,1,1,1
15427,15,True,1,3,3,1,3,1,1,1
15429,11,True,1,7,7,1,3,1,1,1
15431,25,True,5,16,8,9,27,11,11,5
15433,14,True,1,2,2,1,3,1,1,1
15435,10,True,1,0,0,1,2,0,1,1
15437,12,True,0,-1,-1,0,0,0,0,0
15439,10,True,1,0,0,1,4,1,2,1
15441,12,True,0,-1,-1,0,0,0,0,0
15443,19,True,2,2,1,2,7,3,2,2
15445,6,True,0,-1,-1,0,0,0,0,0
15447,10,True,1,6,6,1,3,1,1,1
15449,10,True,0,-1,-1,0,0,0,0,0
15451,10,True,1,0,0,1,2,0,1,1
15453,25,True,5,16,8,9,27,11,11,5
15455,14,True,1,1,1,1,4,1,2,1
15457,32,True,4,21,21,1,8,3,1,4
15459,23,True,5,14,6,9,27,11,11,5
15461,24,True,5,15,7,9,27,11,11,5
15463,21,True,3,1,0,2,7,2,2,3
15465,34,True,5,8,7,2,12,5,2,5
15467,17,True,1,0,0,1,2,0,1,1
15469,13,True,1,9,9,1,3,1,1,1
15471,17,True,4,3,0,4,13,5,4,4
15473,6,True,0,-1,-1,0,0,0,0,0
15475,32,True,4,23,15,9,26,11,11,4
15477,25,True,4,16,8,9,26,11,11,4
15479,26,True,4,17,9,9,26,11,11,4
15481,25,True,5,16,8,9,27,11,11,5
15483,26,True,4,17,9,9,26,11,11,4
15485,23,True,1,1,1,1,4,2,1,1
15487,8,True,4,0,0,1,7,2,1,4
15489,26,True,4,17,9,9,26,11,11,4
15491,12,True,1,8,8,1,3,1,1,1
15493,12,True,1,8,8,1,3,1,1,1
15495,22,True,1,0,0,1,3,1,1,1
15497,28,True,7,6,1,6,23,10,6,7
15499,30,True,4,21,13,9,26,11,11,4
15501,13,True,1,9,9,1,3,1,1,1
15503,27,True,4,18,10,9,26,11,11,4
15505,27,True,5,18,10,9,27,11,11,5
15507,26,True,5,17,9,9,27,11,11,5
15509,11,True,1,7,7,1,3,1,1,1
15511,11,True,1,7,7,1,3,1,1,1
15513,26,True,4,17,9,9,26,11,11,4
15515,18,True,2,1,0,2,6,2,2,2
15517,24,True,4,15,7,9,26,11,11,4
15519,17,True,6,3,0,4,18,7,5,6
15521,21,True,2,12,10,3,11,5,4,2
15523,24,True,4,15,7,9,26,11,11,4
15525,23,True,4,14,6,9,26,11,11,4
15527,21,True,2,2,0,3,8,3,3,2
15529,23,True,5,14,6,9,27,11,11,5
15531,26,True,4,17,9,9,26,11,11,4
15533,14,True,1,10,10,1,3,1,1,1
15535,19,True,2,0,0,1,4,1,1,2
15537,19,True,4,8,7,2,10,4,2,4
15539,18,True,4,7,6,2,10,4,2,4
15541,10,True,0,-1,-1,0,0,0,0,0
15543,18,True,4,7,6,2,10,4,2,4
15545,19,True,4,8,7,2,10,4,2,4
15547,10,True,1,0,0,1,2,0,1,1
15549,12,True,1,1,1,1,3,1,1,1
15551,28,True,4,2,0,3,13,5,4,4
15553,18,True,1,5,5,1,2,0,1,1
15555,15,True,1,2,2,1,2,0,1,1
15557,9,True,0,-1,-1,0,0,0,0,0
15559,18,True,1,0,0,1,3,1,1,1
15561,15,True,1,8,8,1,2,0,1,1
15563,16,True,1,0,0,1,2,0,1,1
15565,10,True,0,-1,-1,0,0,0,0,0
15567,17,True,1,0,0,1,4,1,2,1
15569,36,True,6,19,10,10,32,13,13,6
15571,35,True,6,18,9,10,32,13,13,6
15573,17,True,3,8,3,6,19,8,8,3
15575,13,True,0,-1,-1,0,0,0,0,0
15577,18,True,1,11,11,1,2,0,1,1
15579,11,True,1,0,0,1,2,0,1,1
15581,17,True,1,10,10,1,2,0,1,1
15583,14,True,1,0,0,1,5,2,2,1
15585,16,True,1,9,9,1,2,0,1,1
15587,16,True,3,7,2,6,19,8,8,3
15589,24,True,5,15,7,9,27,11,11,5
15591,17,True,2,1,0,2,6,2,2,2
15593,16,True,1,1,1,1,4,2,1,1
15595,34,True,4,17,15,3,12,5,3,4
15597,24,True,5,15,7,9,27,11,11,5
15599,14,True,2,0,0,1,4,1,1,2
15601,24,True,5,15,7,9,27,11,11,5
15603,24,True,4,15,7,9,26,11,11,4
15605,23,True,5,14,6,9,27,11,11,5
15607,23,True,5,14,6,9,27,11,11,5
15609,25,True,5,16,8,9,27,11,11,5
15611,19,True,2,2,0,3,8,3,3,2
15613,29,True,3,20,15,6,19,8,8,3
15615,13,True,3,0,0,1,8,3,2,3
15617,25,True,4,16,8,9,26,11,11,4
15619,23,True,4,14,6,9,26,11,11,4
15621,17,True,3,8,3,6,19,8,8,3
15623,42,True,4,33,25,9,26,11,11,4
15625,25,True,5,16,8,9,27,11,11,5
15627,24,True,2,8,7,2,7,2,3,2
15629,9,True,0,-1,-1,0,0,0,0,0
15631,21,True,2,2,2,1,6,2,2,2
15633,10,True,0,-1,-1,0,0,0,0,0
15635,23,True,2,7,6,2,7,2,3,2
15637,17,True,2,8,6,3,11,5,4,2
15639,7,True,0,-1,-1,0,0,0,0,0
15641,19,True,1,2,2,1,3,1,1,1
15643,23,True,5,14,6,9,27,11,11,5
15645,17,True,2,5,5,1,5,2,1,2
15647,16,True,2,0,0,1,5,2,1,2
15649,26,True,4,17,9,9,26,11,11,4
15651,26,True,4,17,9,9,26,11,11,4
15653,26,True,4,17,9,9,26,11,11,4
15655,11,True,1,0,0,1,3,1,1,1
15657,14,True,1,1,1,1,5,2,2,1
15659,19,True,1,0,0,1,2,0,1,1
15661,18,True,2,9,7,3,11,5,4,2
15663,30,True,3,3,0,4,11,4,4,3
15665,12,True,1,3,3,1,4,2,1,1
15667,12,True,1,3,3,1,4,2,1,1
15669,10,True,1,6,6,1,3,1,1,1
15671,11,True,1,1,1,1,3,1,1,1
15673,28,True,4,17,17,1,8,3,1,4
15675,16,True,2,7,5,3,11,5,4,2
15677,15,True,1,4,4,1,3,1,1,1
15679,16,True,2,0,0,1,6,2,2,2
15681,11,True,1,7,7,1,3,1,1,1
15683,10,True,1,6,6,1,3,1,1,1
15685,10,True,1,6,6,1,3,1,1,1
15687,24,True,4,15,7,9,26,11,11,4
15689,24,True,4,15,7,9,26,11,11,4
15691,10,True,1,0,0,1,2,0,1,1
15693,29,True,4,3,2,2,11,5,2,4
15695,24,True,1,0,0,1,4,1,2,1
15697,29,True,3,3,2,2,11,5,3,3
15699,23,True,3,1,1,1,7,3,1,3
15701,4,True,0,-1,-1,0,0,0,0,0
15703,16,True,1,5,5,1,3,1,1,1
15705,18,True,2,9,7,3,11,5,4,2
15707,16,True,1,0,0,1,2,0,1,1
15709,17,True,0,-1,-1,0,0,0,0,0
15711,15,True,0,-1,-1,0,0,0,0,0
15713,18,True,0,-1,-1,0,0,0,0,0
15715,17,True,2,8,6,3,11,5,4,2
15717,17,True,2,8,6,3,11,5,4,2
15719,23,True,3,1,0,2,8,3,2,3
15721,16,True,0,-1,-1,0,0,0,0,0
15723,17,True,1,0,0,1,2,0,1,1
15725,16,True,2,5,4,2,8,3,3,2
15727,15,True,2,0,0,1,4,1,1,2
15729,25,True,4,16,8,9,26,11,11,4
15731,12,True,1,4,4,1,2,0,1,1
15733,24,True,4,15,7,9,26,11,11,4
15735,11,True,1,7,7,1,3,1,1,1
15737,14,True,1,2,2,1,5,2,2,1
15739,11,True,1,0,0,1,2,0,1,1
15741,16,True,2,7,5,3,11,5,4,2
15743,15,True,2,0,0,1,7,2,3,2
15745,23,True,4,14,14,1,7,2,1,4
15747,25,True,4,16,8,9,26,11,11,4
15749,24,True,4,7,3,5,18,7,7,4
15751,24,True,4,15,7,9,26,11,11,4
15753,17,True,2,8,6,3,11,5,4,2
15755,24,True,3,7,4,4,16,7,6,3
15757,6,True,0,-1,-1,0,0,0,0,0
15759,24,True,4,15,7,9,26,11,11,4
15761,26,True,4,17,9,9,26,11,11,4
15763,24,True,4,15,7,9,26,11,11,4
15765,5,True,0,-1,-1,0,0,0,0,0
15767,13,True,4,2,1,2,10,4,2,4
15769,15,True,3,4,3,2,9,4,2,3
15771,16,True,1,0,0,1,2,0,1,1
15773,25,True,4,2,2,1,9,4,1,4
15775,14,True,3,1,0,2,7,2,2,3
15777,20,True,2,11,9,3,11,5,4,2
15779,17,True,2,8,6,3,11,5,4,2
15781,16,True,2,7,5,3,11,5,4,2
15783,27,True,3,8,7,2,8,3,2,3
15785,26,True,3,7,6,2,8,3,2,3
15787,28,True,3,9,8,2,8,3,2,3
15789,31,True,6,14,5,10,32,13,13,6
15791,15,True,2,0,0,1,4,1,1,2
15793,10,True,0,-1,-1,0,0,0,0,0
15795,9,True,0,-1,-1,0,0,0,0,0
15797,8,True,0,-1,-1,0,0,0,0,0
15799,16,True,2,7,5,3,11,5,4,2
15801,9,True,0,-1,-1,0,0,0,0,0
15803,31,True,5,14,5,10,31,13,13,5
15805,15,True,1,1,1,1,3,1,1,1
15807,25,True,4,1,0,2,10,4,2,4
15809,30,True,4,13,11,3,12,5,3,4
15811,27,True,4,10,8,3,12,5,3,4
15813,11,True,1,4,4,1,2,0,1,1
15815,26,True,4,4,4,1,8,3,1,4
15817,8,True,0,-1,-1,0,0,0,0,0
15819,15,True,1,0,0,1,2,0,1,1
15821,26,True,3,17,12,6,19,8,8,3
15823,14,True,1,0,0,1,4,1,2,1
15825,25,True,3,16,11,6,19,8,8,3
15827,18,True,2,9,7,3,12,5,5,2
15829,11,True,1,4,4,1,2,0,1,1
15831,17,True,1,8,8,1,6,3,2,1
15833,24,True,3,15,10,6,19,8,8,3
15835,16,True,1,0,0,1,2,0,1,1
15837,25,True,3,16,11,6,19,8,8,3
15839,12,True,1,0,0,1,5,2,2,1
15841,17,True,2,8,6,3,10,4,4,2
15843,11,True,1,4,4,1,2,0,1,1
15845,10,True,1,6,6,1,3,1,1,1
15847,10,True,1,0,0,1,3,1,1,1
15849,10,True,2,2,1,2,6,2,2,2
15851,10,True,1,0,0,1,2,0,1,1
15853,12,True,1,8,8,1,3,1,1,1
15855,38,True,4,29,21,9,26,11,11,4
15857,19,True,2,10,10,1,4,1,1,2
15859,25,True,3,16,11,6,19,8,8,3
15861,18,True,2,9,9,1,4,1,1,2
15863,12,True,1,5,5,1,2,0,1,1
15865,25,True,3,16,11,6,19,8,8,3
15867,14,True,1,0,0,1,2,0,1,1
15869,9,True,2,1,1,1,6,2,2,2
15871,24,True,5,1,0,2,14,5,4,5
15873,18,True,2,4,4,1,5,2,1,2
15875,11,True,1,4,4,1,2,0,1,1
15877,25,True,3,16,11,6,19,8,8,3
15879,25,True,3,16,11,6,19,8,8,3
15881,23,True,4,12,12,1,8,3,1,4
15883,25,True,3,16,11,6,19,8,8,3
15885,11,True,1,4,4,1,2,0,1,1
15887,22,True,3,13,8,6,19,8,8,3
15889,11,True,1,4,4,1,2,0,1,1
15891,22,True,4,11,11,1,8,3,1,4
15893,19,True,1,2,2,1,4,2,1,1
15895,9,True,1,3,3,1,3,1,1,1
15897,10,True,1,4,4,1,3,1,1,1
15899,27,True,4,10,7,4,13,5,4,4
15901,11,True,1,4,4,1,2,0,1,1
15903,23,True,4,12,12,1,8,3,1,4
15905,19,True,3,4,4,1,6,2,1,3
15907,19,True,1,2,2,1,3,1,1,1
15909,27,True,3,18,13,6,19,8,8,3
15911,9,True,1,0,0,1,3,1,1,1
15913,18,True,3,2,1,2,8,3,2,3
15915,20,True,1,0,0,1,2,0,1,1
15917,19,True,1,15,15,1,3,1,1,1
15919,40,True,7,14,12,3,18,7,4,7
15921,23,True,3,14,9,6,19,8,8,3
15923,23,True,3,14,9,6,19,8,8,3
15925,5,True,0,-1,-1,0,0,0,0,0
15927,42,True,4,33,25,9,26,11,11,4
15929,21,True,1,5,5,1,3,1,1,1
15931,12,True,1,0,0,1,2,0,1,1
15933,11,True,0,-1,-1,0,0,0,0,0
15935,18,True,1,14,14,1,3,1,1,1
15937,13,True,0,-1,-1,0,0,0,0,0
15939,11,True,0,-1,-1,0,0,0,0,0
15941,12,True,0,-1,-1,0,0,0,0,0
15943,24,True,3,15,10,6,19,8,8,3
15945,11,True,1,6,6,1,3,1,1,1
15947,11,True,1,0,0,1,2,0,1,1
15949,11,True,0,-1,-1,0,0,0,0,0
15951,22,True,3,13,8,6,19,8,8,3
15953,11,True,0,-1,-1,0,0,0,0,0
15955,9,True,0,-1,-1,0,0,0,0,0
15957,10,True,0,-1,-1,0,0,0,0,0
15959,11,True,0,-1,-1,0,0,0,0,0
15961,19,True,1,2,2,1,3,1,1,1
15963,18,True,1,0,0,1,2,0,1,1
15965,10,True,0,-1,-1,0,0,0,0,0
15967,10,True,0,-1,-1,0,0,0,0,0
15969,33,True,5,24,16,9,27,11,11,5
15971,9,True,0,-1,-1,0,0,0,0,0
15973,10,True,0,-1,-1,0,0,0,0,0
15975,20,True,2,1,0,2,7,2,3,2
15977,19,True,2,2,2,1,6,2,2,2
15979,12,True,1,0,0,1,2,0,1,1
15981,17,True,4,8,8,1,7,2,1,4
15983,25,True,3,16,11,6,19,8,8,3
15985,11,True,0,-1,-1,0,0,0,0,0
15987,16,True,4,7,7,1,7,2,1,4
15989,10,True,0,-1,-1,0,0,0,0,0
15991,11,True,0,-1,-1,0,0,0,0,0
15993,34,True,5,25,17,9,27,11,11,5
15995,11,True,1,0,0,1,2,0,1,1
15997,30,True,5,21,13,9,27,11,11,5
15999,17,True,6,2,0,3,14,5,3,6
16001,26,True,3,17,12,6,19,8,8,3
16003,10,True,0,-1,-1,0,0,0,0,0
16005,9,True,1,4,4,1,2,0,1,1
16007,15,True,4,6,6,1,7,2,1,4
16009,15,True,2,2,1,2,6,2,2,2
16011,8,True,1,0,0,1,2,0,1,1
16013,11,True,0,-1,-1,0,0,0,0,0
16015,8,True,0,-1,-1,0,0,0,0,0
16017,10,True,0,-1,-1,0,0,0,0,0
16019,9,True,0,-1,-1,0,0,0,0,0
16021,21,True,3,2,1,2,8,3,2,3
16023,10,True,0,-1,-1,0,0,0,0,0
16025,17,True,1,6,6,1,5,2,2,1
16027,16,True,2,1,0,2,6,2,2,2
16029,10,True,0,-1,-1,0,0,0,0,0
16031,17,True,3,1,0,2,8,3,2,3
16033,9,True,0,-1,-1,0,0,0,0,0
16035,21,True,3,12,7,6,19,8,8,3
16037,25,True,4,8,6,3,12,5,3,4
16039,17,True,2,6,4,3,8,3,3,2
16041,17,True,4,1,1,1,8,3,1,4
16043,13,True,4,5,4,2,10,4,2,4
16045,34,True,4,25,17,9,26,11,11,4
16047,19,True,2,0,0,1,4,1,1,2
16049,9,True,0,-1,-1,0,0,0,0,0
16051,8,True,0,-1,-1,0,0,0,0,0
16053,8,True,1,3,3,1,4,1,2,1
16055,33,True,5,24,16,9,27,11,11,5
16057,11,True,0,-1,-1,0,0,0,0,0
16059,10,True,1,0,0,1,2,0,1,1
16061,8,True,1,1,1,1,3,1,1,1
16063,38,True,4,27,27,1,8,3,1,4
16065,9,True,0,-1,-1,0,0,0,0,0
16067,21,True,1,2,2,1,2,0,1,1
16069,6,True,0,-1,-1,0,0,0,0,0
16071,8,True,1,0,0,1,3,1,1,1
16073,33,True,4,24,16,9,26,11,11,4
16075,33,True,4,24,16,9,26,11,11,4
16077,6,True,0,-1,-1,0,0,0,0,0
16079,31,True,4,22,14,9,26,11,11,4
16081,23,True,1,5,5,1,4,2,1,1
16083,21,True,1,3,3,1,4,2,1,1
16085,12,True,1,3,3,1,6,3,2,1
16087,10,True,0,-1,-1,0,0,0,0,0
16089,9,True,1,4,4,1,2,0,1,1
16091,19,True,2,6,6,1,5,2,1,2
16093,8,True,1,3,3,1,2,0,1,1
16095,6,True,1,0,0,1,5,2,2,1
16097,7,True,0,-1,-1,0,0,0,0,0
16099,11,True,1,2,2,1,6,3,2,1
16101,13,True,2,4,4,1,4,1,1,2
16103,15,True,2,1,0,2,6,2,2,2
16105,8,True,1,1,1,1,4,2,1,1
16107,8,True,1,0,0,1,2,0,1,1
16109,13,True,2,4,4,1,4,1,1,2
16111,24,True,3,15,10,6,19,8,8,3
16113,13,True,1,4,4,1,6,3,2,1
16115,24,True,3,7,6,2,8,3,2,3
16117,17,True,4,6,6,1,8,3,1,4
16119,11,True,0,-1,-1,0,0,0,0,0
16121,18,True,4,7,7,1,8,3,1,4
16123,31,True,4,22,14,9,26,11,11,4
16125,17,True,4,6,6,1,8,3,1,4
16127,30,True,4,0,0,1,8,3,1,4
16129,13,True,1,4,4,1,6,3,2,1
16131,13,True,1,4,4,1,3,1,1,1
16133,13,True,1,4,4,1,5,2,2,1
16135,12,True,1,0,0,1,3,1,1,1
16137,31,True,4,22,14,9,26,11,11,4
16139,36,True,7,10,8,3,18,7,4,7
16141,14,True,1,2,2,1,4,2,1,1
16143,11,True,1,2,2,1,5,2,2,1
16145,15,True,1,3,3,1,3,1,1,1
16147,17,True,2,7,7,1,9,4,3,2
16149,19,True,3,10,5,6,19,8,8,3
16151,13,True,1,1,1,1,4,1,2,1
16153,33,True,6,7,5,3,17,7,4,6
16155,17,True,4,1,0,2,10,4,2,4
16157,29,True,3,20,15,6,19,8,8,3
16159,29,True,8,7,5,3,18,7,3,8
16161,25,True,4,6,4,3,11,4,3,4
16163,24,True,3,3,3,1,8,3,2,3
16165,23,True,3,2,2,1,8,3,2,3
16167,15,True,1,0,0,1,3,1,1,1
16169,23,True,3,4,2,3,10,4,3,3
16171,25,True,3,4,4,1,7,2,2,3
16173,6,True,0,-1,-1,0,0,0,0,0
16175,24,True,3,15,10,6,19,8,8,3
16177,5,True,0,-1,-1,0,0,0,0,0
16179,5,True,0,-1,-1,0,0,0,0,0
16181,14,True,1,10,10,1,3,1,1,1
16183,29,True,5,20,12,9,27,11,11,5
16185,12,True,0,-1,-1,0,0,0,0,0
16187,31,True,5,22,14,9,27,11,11,5
16189,30,True,5,21,13,9,27,11,11,5
16191,20,True,5,7,4,4,14,5,4,5
16193,14,True,1,10,10,1,3,1,1,1
16195,15,True,1,11,11,1,3,1,1,1
16197,14,True,1,10,10,1,3,1,1,1
16199,29,True,5,20,12,9,27,11,11,5
16201,15,True,1,11,11,1,3,1,1,1
16203,14,True,1,0,0,1,2,0,1,1
16205,29,True,5,20,12,9,27,11,11,5
16207,31,True,5,22,14,9,27,11,11,5
16209,29,True,5,20,12,9,27,11,11,5
16211,13,True,2,1,1,1,5,2,1,2
16213,17,True,3,8,3,6,19,8,8,3
16215,14,True,1,10,10,1,3,1,1,1
16217,13,True,1,9,9,1,3,1,1,1
16219,30,True,5,21,13,9,27,11,11,5
16221,27,True,5,18,10,9,27,11,11,5
16223,11,True,1,7,7,1,3,1,1,1
16225,29,True,5,20,12,9,27,11,11,5
16227,19,True,3,10,5,6,19,8,8,3
16229,19,True,3,10,5,6,19,8,8,3
16231,28,True,5,1,0,2,11,4,2,5
16233,27,True,5,18,10,9,27,11,11,5
16235,13,True,1,0,0,1,2,0,1,1
16237,14,True,1,3,3,1,3,1,1,1
16239,14,True,2,0,0,1,4,1,1,2
16241,9,True,0,-1,-1,0,0,0,0,0
16243,10,True,0,-1,-1,0,0,0,0,0
16245,9,True,0,-1,-1,0,0,0,0,0
16247,9,True,0,-1,-1,0,0,0,0,0
16249,17,True,1,5,5,1,3,1,1,1
16251,18,True,1,0,0,1,2,0,1,1
16253,12,True,1,8,8,1,3,1,1,1
16255,29,True,5,20,12,9,27,11,11,5
16257,15,True,1,5,5,1,3,1,1,1
16259,9,True,0,-1,-1,0,0,0,0,0
16261,21,True,4,4,2,3,12,5,3,4
16263,9,True,1,0,0,1,3,1,1,1
16265,28,True,5,19,11,9,27,11,11,5
16267,21,True,3,4,2,3,11,4,4,3
16269,18,True,3,9,4,6,19,8,8,3
16271,13,True,1,2,2,1,2,0,1,1
16273,28,True,5,19,11,9,27,11,11,5
16275,26,True,5,17,9,9,27,11,11,5
16277,27,True,4,18,10,9,26,11,11,4
16279,19,True,3,10,5,6,19,8,8,3
16281,20,True,3,11,6,6,19,8,8,3
16283,33,True,4,22,22,1,8,3,1,4
16285,26,True,5,17,9,9,27,11,11,5
16287,26,True,5,17,9,9,27,11,11,5
16289,10,True,0,-1,-1,0,0,0,0,0
16291,27,True,4,18,10,9,26,11,11,4
16293,14,True,1,1,1,1,4,2,1,1
16295,16,True,3,4,4,1,6,2,1,3
16297,18,True,3,1,1,1,6,2,1,3
16299,9,True,1,0,0,1,2,0,1,1
16301,29,True,4,20,12,9,26,11,11,4
16303,27,True,4,18,10,9,26,11,11,4
16305,19,True,3,10,5,6,19,8,8,3
16307,18,True,3,9,4,6,19,8,8,3
16309,16,True,1,12,12,1,3,1,1,1
16311,24,True,2,2,2,1,5,2,1,2
16313,20,True,3,11,6,6,19,8,8,3
16315,19,True,3,10,5,6,19,8,8,3
16317,14,True,1,1,1,1,3,1,1,1
16319,21,True,3,0,0,1,6,2,1,3
16321,17,True,1,13,13,1,3,1,1,1
16323,29,True,8,7,1,7,27,12,7,8
16325,11,True,2,2,2,1,5,2,1,2
16327,33,True,4,24,16,9,26,11,11,4
16329,30,True,4,21,13,9,26,11,11,4
16331,19,True,3,10,5,6,19,8,8,3
16333,15,True,1,11,11,1,3,1,1,1
16335,27,True,5,18,10,9,27,11,11,5
16337,15,True,1,11,11,1,3,1,1,1
16339,13,True,1,9,9,1,3,1,1,1
16341,9,True,0,-1,-1,0,0,0,0,0
16343,19,True,3,2,1,2,8,3,2,3
16345,11,True,2,2,2,1,4,1,1,2
16347,25,True,4,16,8,9,26,11,11,4
16349,26,True,4,17,9,9,26,11,11,4
16351,21,True,2,12,10,3,11,5,4,2
16353,15,True,1,2,2,1,4,2,1,1
16355,9,True,0,-1,-1,0,0,0,0,0
16357,16,True,1,3,3,1,2,0,1,1
16359,24,True,5,15,7,9,27,11,11,5
16361,27,True,4,18,10,9,26,11,11,4
16363,14,True,2,2,2,1,4,1,1,2
16365,21,True,4,10,9,2,10,4,2,4
16367,32,True,4,23,15,9,26,11,11,4
16369,13,True,3,2,2,1,7,3,1,3
16371,21,True,4,10,9,2,10,4,2,4
16373,11,True,2,1,1,1,9,4,3,2
16375,21,True,4,10,9,2,10,4,2,4
16377,13,True,1,3,3,1,2,0,1,1
16379,30,True,5,5,0,6,18,7,6,5
16381,28,True,5,2,1,2,17,7,5,5
16383,23,True,7,1,0,2,18,7,4,7
