root,blocks_audited,reached_state_one_endpoint,state_one_endpoint_block,queue_at_state_one_endpoint,maximum_queue,first_return_to_zero_after_positive,longest_positive_excursion,final_queue,max_queue_block,max_queue_block_length,max_queue_block_claims,max_queue_block_capacity,max_queue_block_drift,max_queue_endpoint_height,max_queue_claim_depth_histogram
1,1,True,0,0,0,-1,0,0,-1,0,0,0,0,0,none
3,2,True,1,0,0,-1,0,0,-1,0,0,0,0,0,none
5,2,True,1,0,0,-1,0,0,-1,0,0,0,0,0,none
7,4,True,3,0,1,1,1,0,0,3,2,1,1,2,d2:1;d3:1
9,5,True,4,0,1,2,1,0,1,3,2,1,1,2,d2:1;d3:1
11,4,True,3,0,0,-1,0,0,-1,0,0,0,0,0,none
13,3,True,2,0,0,-1,0,0,-1,0,0,0,0,0,none
15,3,True,2,0,0,-1,0,0,-1,0,0,0,0,0,none
17,4,True,3,0,0,-1,0,0,-1,0,0,0,0,0,none
19,5,True,4,0,0,-1,0,0,-1,0,0,0,0,0,none
21,2,True,1,0,0,-1,0,0,-1,0,0,0,0,0,none
23,3,True,2,0,0,-1,0,0,-1,0,0,0,0,0,none
25,6,True,5,0,0,-1,0,0,-1,0,0,0,0,0,none
27,18,True,17,0,5,14,13,0,9,6,3,2,1,3,d2:1;d4:1;d5:1
29,5,True,4,0,0,-1,0,0,-1,0,0,0,0,0,none
31,17,True,16,0,5,13,13,0,8,6,3,2,1,3,d2:1;d4:1;d5:1
33,7,True,6,0,0,-1,0,0,-1,0,0,0,0,0,none
35,3,True,2,0,0,-1,0,0,-1,0,0,0,0,0,none
37,5,True,4,0,1,2,1,0,1,3,2,1,1,2,d2:1;d3:1
39,7,True,6,0,1,1,1,0,0,3,2,1,1,2,d1:1;d2:1
41,18,True,17,0,5,14,13,0,9,6,3,2,1,3,d2:1;d4:1;d5:1
43,7,True,6,0,1,4,1,0,3,3,2,1,1,2,d2:1;d3:1
45,5,True,4,0,0,-1,0,0,-1,0,0,0,0,0,none
47,17,True,16,0,4,12,12,0,8,6,3,2,1,3,d2:1;d4:1;d5:1
49,6,True,5,0,1,3,1,0,2,3,2,1,1,2,d2:1;d3:1
51,6,True,5,0,0,-1,0,0,-1,0,0,0,0,0,none
53,3,True,2,0,0,-1,0,0,-1,0,0,0,0,0,none
55,18,True,17,0,4,13,12,0,9,6,3,2,1,3,d2:1;d4:1;d5:1
57,8,True,7,0,1,5,1,0,4,3,2,1,1,2,d2:1;d3:1
59,7,True,6,0,1,1,1,0,0,2,2,1,1,2,d1:1;d2:1
61,4,True,3,0,0,-1,0,0,-1,0,0,0,0,0,none
63,16,True,15,0,4,11,11,0,7,6,3,2,1,3,d2:1;d4:1;d5:1
65,7,True,6,0,1,4,1,0,3,3,2,1,1,2,d2:1;d3:1
67,6,True,5,0,0,-1,0,0,-1,0,0,0,0,0,none
69,4,True,3,0,0,-1,0,0,-1,0,0,0,0,0,none
71,17,True,16,0,3,12,9,0,8,6,3,2,1,3,d2:1;d4:1;d5:1
73,19,True,18,0,4,14,12,0,10,6,3,2,1,3,d2:1;d4:1;d5:1
75,3,True,2,0,0,-1,0,0,-1,0,0,0,0,0,none
77,6,True,5,0,0,-1,0,0,-1,0,0,0,0,0,none
79,7,True,6,0,0,-1,0,0,-1,0,0,0,0,0,none
81,5,True,4,0,0,-1,0,0,-1,0,0,0,0,0,none
83,18,True,17,0,4,13,12,0,9,6,3,2,1,3,d2:1;d4:1;d5:1
85,2,True,1,0,0,-1,0,0,-1,0,0,0,0,0,none
87,6,True,5,0,1,3,1,0,2,3,2,1,1,2,d2:1;d3:1
89,7,True,6,0,0,-1,0,0,-1,0,0,0,0,0,none
91,15,True,14,0,3,10,9,0,6,6,3,2,1,3,d2:1;d4:1;d5:1
93,4,True,3,0,0,-1,0,0,-1,0,0,0,0,0,none
95,16,True,15,0,3,11,9,0,7,6,3,2,1,3,d2:1;d4:1;d5:1
97,20,True,19,0,4,15,12,0,11,6,3,2,1,3,d2:1;d4:1;d5:1
99,5,True,4,0,1,2,1,0,1,3,2,1,1,2,d2:1;d3:1
101,6,True,5,0,0,-1,0,0,-1,0,0,0,0,0,none
103,14,True,13,0,3,9,9,0,5,6,3,2,1,3,d2:1;d4:1;d5:1
105,8,True,7,0,0,-1,0,0,-1,0,0,0,0,0,none
107,17,True,16,0,3,12,9,0,8,6,3,2,1,3,d2:1;d4:1;d5:1
109,19,True,18,0,5,15,13,0,10,6,3,2,1,3,d2:1;d4:1;d5:1
111,11,True,10,0,3,6,6,0,2,6,3,2,1,3,d2:1;d4:1;d5:1
113,3,True,2,0,0,-1,0,0,-1,0,0,0,0,0,none
115,8,True,7,0,1,5,1,0,4,3,2,1,1,2,d2:1;d3:1
117,5,True,4,0,0,-1,0,0,-1,0,0,0,0,0,none
119,7,True,6,0,0,-1,0,0,-1,0,0,0,0,0,none
121,16,True,15,0,3,11,9,0,7,6,3,2,1,3,d2:1;d4:1;d5:1
123,10,True,9,0,1,2,2,0,0,2,2,1,1,2,d1:1;d2:1
125,18,True,17,0,4,13,12,0,9,6,3,2,1,3,d2:1;d4:1;d5:1
127,9,True,8,0,4,2,2,0,0,7,5,1,4,2,d1:1;d2:1;d4:1;d6:1;d7:1
129,21,True,20,0,4,16,12,0,12,6,3,2,1,3,d2:1;d4:1;d5:1
131,6,True,5,0,1,3,1,0,2,3,2,1,1,2,d2:1;d3:1
133,7,True,6,0,0,-1,0,0,-1,0,0,0,0,0,none
135,9,True,8,0,1,6,1,0,5,3,2,1,1,2,d2:1;d3:1
137,15,True,14,0,3,10,9,0,6,6,3,2,1,3,d2:1;d4:1;d5:1
139,9,True,8,0,1,3,1,0,2,2,2,1,1,2,d1:1;d2:1
141,4,True,3,0,0,-1,0,0,-1,0,0,0,0,0,none
143,16,True,15,0,3,11,9,0,7,6,3,2,1,3,d2:1;d4:1;d5:1
145,20,True,19,0,5,16,13,0,11,6,3,2,1,3,d2:1;d4:1;d5:1
147,19,True,18,0,4,14,12,0,10,6,3,2,1,3,d2:1;d4:1;d5:1
149,5,True,4,0,1,2,1,0,1,3,2,1,1,2,d2:1;d3:1
151,2,True,1,0,0,-1,0,0,-1,0,0,0,0,0,none
153,9,True,8,0,1,6,1,0,5,3,2,1,1,2,d2:1;d3:1
155,14,True,13,0,2,2,6,0,5,6,3,2,1,3,d2:1;d4:1;d5:1
157,8,True,7,0,1,2,1,0,1,2,2,1,1,2,d1:1;d2:1
159,9,True,8,0,2,4,4,0,0,5,3,1,2,2,d1:1;d3:1;d4:1
161,17,True,16,0,3,12,9,0,8,6,3,2,1,3,d2:1;d4:1;d5:1
163,4,True,3,0,0,-1,0,0,-1,0,0,0,0,0,none
165,18,True,17,0,5,14,13,0,9,6,3,2,1,3,d2:1;d4:1;d5:1
167,11,True,10,0,2,6,6,0,2,6,3,2,1,3,d2:1;d4:1;d5:1
169,10,True,9,0,4,3,2,0,1,7,5,1,4,2,d1:1;d2:1;d4:1;d6:1;d7:1
171,22,True,21,0,5,18,13,0,13,6,3,2,1,3,d2:1;d4:1;d5:1
173,8,True,7,0,1,5,1,0,4,3,2,1,1,2,d2:1;d3:1
175,13,True,12,0,2,1,6,0,4,6,3,2,1,3,d2:1;d4:1;d5:1
177,8,True,7,0,0,-1,0,0,-1,0,0,0,0,0,none
179,7,True,6,0,0,-1,0,0,-1,0,0,0,0,0,none
181,5,True,4,0,0,-1,0,0,-1,0,0,0,0,0,none
183,15,True,14,0,2,3,6,0,6,6,3,2,1,3,d2:1;d4:1;d5:1
185,10,True,9,0,1,4,1,0,3,2,2,1,1,2,d1:1;d2:1
187,9,True,8,0,0,-1,0,0,-1,0,0,0,0,0,none
189,18,True,17,0,3,13,9,0,9,6,3,2,1,3,d2:1;d4:1;d5:1
191,9,True,8,0,3,1,1,0,0,6,4,1,3,2,d1:1;d2:1;d4:1;d6:1
193,21,True,20,0,5,17,13,0,12,6,3,2,1,3,d2:1;d4:1;d5:1
195,19,True,18,0,4,14,12,0,10,6,3,2,1,3,d2:1;d4:1;d5:1
197,6,True,5,0,1,3,1,0,2,3,2,1,1,2,d2:1;d3:1
199,19,True,18,0,3,1,9,0,10,6,3,2,1,3,d2:1;d4:1;d5:1
201,3,True,2,0,0,-1,0,0,-1,0,0,0,0,0,none
203,9,True,8,0,1,6,1,0,5,3,2,1,1,2,d2:1;d3:1
205,7,True,6,0,0,-1,0,0,-1,0,0,0,0,0,none
207,14,True,13,0,2,2,6,0,5,6,3,2,1,3,d2:1;d4:1;d5:1
209,9,True,8,0,1,3,1,0,2,2,2,1,1,2,d1:1;d2:1
211,8,True,7,0,0,-1,0,0,-1,0,0,0,0,0,none
213,3,True,2,0,0,-1,0,0,-1,0,0,0,0,0,none
215,16,True,15,0,3,11,9,0,7,6,3,2,1,3,d2:1;d4:1;d5:1
217,5,True,4,0,0,-1,0,0,-1,0,0,0,0,0,none
219,11,True,10,0,1,5,1,0,4,2,2,1,1,2,d1:1;d2:1
221,19,True,18,0,4,14,12,0,10,6,3,2,1,3,d2:1;d4:1;d5:1
223,11,True,10,0,2,6,6,0,2,6,3,2,1,3,d2:1;d4:1;d5:1
225,11,True,10,0,4,4,2,0,2,7,5,1,4,2,d1:1;d2:1;d4:1;d6:1;d7:1
227,2,True,1,0,0,-1,0,0,-1,0,0,0,0,0,none
229,8,True,7,0,1,5,1,0,4,3,2,1,1,2,d2:1;d3:1
231,20,True,19,0,5,2,13,0,11,6,3,2,1,3,d2:1;d4:1;d5:1
233,14,True,13,0,2,2,6,0,5,6,3,2,1,3,d2:1;d4:1;d5:1
235,21,True,20,0,3,1,9,0,12,6,3,2,1,3,d2:1;d4:1;d5:1
237,8,True,7,0,0,-1,0,0,-1,0,0,0,0,0,none
239,9,True,8,0,2,4,4,0,0,4,3,1,2,2,d1:1;d3:1;d4:1
241,6,True,5,0,0,-1,0,0,-1,0,0,0,0,0,none
243,16,True,15,0,3,11,9,0,7,6,3,2,1,3,d2:1;d4:1;d5:1
245,4,True,3,0,0,-1,0,0,-1,0,0,0,0,0,none
247,10,True,9,0,1,4,1,0,3,2,2,1,1,2,d1:1;d2:1
249,10,True,9,0,0,-1,0,0,-1,0,0,0,0,0,none
251,11,True,10,0,2,6,6,0,2,6,3,2,1,3,d2:1;d4:1;d5:1
253,17,True,16,0,3,12,9,0,8,6,3,2,1,3,d2:1;d4:1;d5:1
255,8,True,7,0,0,-1,0,0,-1,0,0,0,0,0,none
257,22,True,21,0,5,18,13,0,13,6,3,2,1,3,d2:1;d4:1;d5:1
259,20,True,19,0,4,15,12,0,11,6,3,2,1,3,d2:1;d4:1;d5:1
261,7,True,6,0,1,4,1,0,3,3,2,1,1,2,d2:1;d3:1
263,13,True,12,0,2,8,6,0,4,6,3,2,1,3,d2:1;d4:1;d5:1
265,20,True,19,0,3,2,9,0,11,6,3,2,1,3,d2:1;d4:1;d5:1
267,5,True,4,0,0,-1,0,0,-1,0,0,0,0,0,none
269,7,True,6,0,0,-1,0,0,-1,0,0,0,0,0,none
271,8,True,7,0,1,5,1,0,4,3,2,1,1,2,d2:1;d3:1
273,8,True,7,0,0,-1,0,0,-1,0,0,0,0,0,none
275,15,True,14,0,2,3,6,0,6,6,3,2,1,3,d2:1;d4:1;d5:1
277,4,True,3,0,0,-1,0,0,-1,0,0,0,0,0,none
279,8,True,7,0,1,2,1,0,1,2,2,1,1,2,d1:1;d2:1
281,9,True,8,0,0,-1,0,0,-1,0,0,0,0,0,none
283,10,True,9,0,1,3,2,0,1,6,3,2,1,3,d2:1;d4:1;d5:1
285,18,True,17,0,3,13,9,0,9,6,3,2,1,3,d2:1;d4:1;d5:1
287,9,True,8,0,2,1,1,0,0,5,3,1,2,2,d1:1;d2:1;d4:1
289,6,True,5,0,0,-1,0,0,-1,0,0,0,0,0,none
291,19,True,18,0,5,15,13,0,10,6,3,2,1,3,d2:1;d4:1;d5:1
293,19,True,18,0,4,14,12,0,10,6,3,2,1,3,d2:1;d4:1;d5:1
295,11,True,10,0,0,-1,0,0,-1,0,0,0,0,0,none
297,12,True,11,0,2,7,6,0,3,6,3,2,1,3,d2:1;d4:1;d5:1
299,19,True,18,0,3,14,9,0,10,6,3,2,1,3,d2:1;d4:1;d5:1
301,4,True,3,0,0,-1,0,0,-1,0,0,0,0,0,none
303,9,True,8,0,1,2,2,0,0,4,2,1,1,2,d2:1;d3:1
305,9,True,8,0,1,6,1,0,5,3,2,1,1,2,d2:1;d3:1
307,9,True,8,0,1,6,1,0,5,3,2,1,1,2,d2:1;d3:1
309,6,True,5,0,0,-1,0,0,-1,0,0,0,0,0,none
311,14,True,13,0,2,9,6,0,5,6,3,2,1,3,d2:1;d4:1;d5:1
313,22,True,21,0,3,2,9,0,13,6,3,2,1,3,d2:1;d4:1;d5:1
315,8,True,7,0,0,-1,0,0,-1,0,0,0,0,0,none
317,8,True,7,0,0,-1,0,0,-1,0,0,0,0,0,none
319,9,True,8,0,1,2,2,0,0,6,3,2,1,3,d2:1;d4:1;d5:1
321,7,True,6,0,0,-1,0,0,-1,0,0,0,0,0,none
323,16,True,15,0,3,11,9,0,7,6,3,2,1,3,d2:1;d4:1;d5:1
325,5,True,4,0,0,-1,0,0,-1,0,0,0,0,0,none
327,24,True,23,0,4,1,12,0,15,6,3,2,1,3,d2:1;d4:1;d5:1
329,11,True,10,0,1,5,1,0,4,2,2,1,1,2,d1:1;d2:1
331,5,True,4,0,0,-1,0,0,-1,0,0,0,0,0,none
333,19,True,18,0,4,14,12,0,10,6,3,2,1,3,d2:1;d4:1;d5:1
335,11,True,10,0,1,4,2,0,2,6,3,2,1,3,d2:1;d4:1;d5:1
337,18,True,17,0,3,13,9,0,9,6,3,2,1,3,d2:1;d4:1;d5:1
339,10,True,9,0,3,2,1,0,1,6,4,1,3,2,d1:1;d2:1;d4:1;d6:1
341,2,True,1,0,0,-1,0,0,-1,0,0,0,0,0,none
343,21,True,20,0,5,17,13,0,12,6,3,2,1,3,d2:1;d4:1;d5:1
345,21,True,20,0,4,16,12,0,12,6,3,2,1,3,d2:1;d4:1;d5:1
347,20,True,19,0,5,2,13,0,11,6,3,2,1,3,d2:1;d4:1;d5:1
349,7,True,6,0,1,4,1,0,3,3,2,1,1,2,d2:1;d3:1
351,12,True,11,0,2,7,6,0,3,6,3,2,1,3,d2:1;d4:1;d5:1
353,21,True,20,0,3,3,9,0,12,6,3,2,1,3,d2:1;d4:1;d5:1
355,7,True,6,0,0,-1,0,0,-1,0,0,0,0,0,none
357,7,True,6,0,0,-1,0,0,-1,0,0,0,0,0,none
359,9,True,8,0,1,2,2,0,0,3,2,1,1,2,d1:1;d3:1
361,9,True,8,0,1,6,1,0,5,3,2,1,1,2,d2:1;d3:1
363,11,True,10,0,1,8,1,0,7,3,2,1,1,2,d2:1;d3:1
365,16,True,15,0,3,11,9,0,7,6,3,2,1,3,d2:1;d4:1;d5:1
367,8,True,7,0,1,1,1,0,0,4,2,1,1,2,d2:1;d4:1
369,5,True,4,0,0,-1,0,0,-1,0,0,0,0,0,none
371,10,True,9,0,1,4,1,0,3,2,2,1,1,2,d1:1;d2:1
373,4,True,3,0,0,-1,0,0,-1,0,0,0,0,0,none
375,9,True,8,0,0,-1,0,0,-1,0,0,0,0,0,none
377,11,True,10,0,1,4,2,0,2,6,3,2,1,3,d2:1;d4:1;d5:1
379,12,True,11,0,1,9,1,0,8,3,2,1,1,2,d2:1;d3:1
381,17,True,16,0,3,12,9,0,8,6,3,2,1,3,d2:1;d4:1;d5:1
383,8,True,7,0,0,-1,0,0,-1,0,0,0,0,0,none
385,7,True,6,0,0,-1,0,0,-1,0,0,0,0,0,none
387,20,True,19,0,5,16,13,0,11,6,3,2,1,3,d2:1;d4:1;d5:1
389,20,True,19,0,4,15,12,0,11,6,3,2,1,3,d2:1;d4:1;d5:1
391,19,True,18,0,5,1,13,0,10,6,3,2,1,3,d2:1;d4:1;d5:1
393,12,True,11,0,0,-1,0,0,-1,0,0,0,0,0,none
395,13,True,12,0,2,8,6,0,4,6,3,2,1,3,d2:1;d4:1;d5:1
397,6,True,5,0,1,3,1,0,2,3,2,1,1,2,d2:1;d3:1
399,18,True,17,0,3,13,9,0,9,6,3,2,1,3,d2:1;d4:1;d5:1
401,5,True,4,0,0,-1,0,0,-1,0,0,0,0,0,none
403,3,True,2,0,0,-1,0,0,-1,0,0,0,0,0,none
405,6,True,5,0,0,-1,0,0,-1,0,0,0,0,0,none
407,8,True,7,0,1,5,1,0,4,3,2,1,1,2,d2:1;d3:1
409,10,True,9,0,1,7,1,0,6,3,2,1,1,2,d2:1;d3:1
411,21,True,20,0,5,3,13,0,12,6,3,2,1,3,d2:1;d4:1;d5:1
413,15,True,14,0,2,3,6,0,6,6,3,2,1,3,d2:1;d4:1;d5:1
415,22,True,21,0,4,3,12,0,13,6,3,2,1,3,d2:1;d4:1;d5:1
417,23,True,22,0,3,3,9,0,14,6,3,2,1,3,d2:1;d4:1;d5:1
419,8,True,7,0,1,2,1,0,1,2,2,1,1,2,d1:1;d2:1
421,8,True,7,0,0,-1,0,0,-1,0,0,0,0,0,none
423,5,True,4,0,1,2,2,0,0,3,2,1,1,2,d1:1;d3:1
425,10,True,9,0,1,3,2,0,1,6,3,2,1,3,d2:1;d4:1;d5:1
427,11,True,10,0,1,8,1,0,7,3,2,1,1,2,d2:1;d3:1
429,18,True,17,0,3,13,9,0,9,6,3,2,1,3,d2:1;d4:1;d5:1
431,9,True,8,0,2,1,1,0,0,4,3,1,2,2,d1:1;d2:1;d4:1
433,6,True,5,0,0,-1,0,0,-1,0,0,0,0,0,none
435,5,True,4,0,0,-1,0,0,-1,0,0,0,0,0,none
437,19,True,18,0,5,15,13,0,10,6,3,2,1,3,d2:1;d4:1;d5:1
439,11,True,10,0,1,5,1,0,4,2,2,1,1,2,d1:1;d2:1
441,6,True,5,0,0,-1,0,0,-1,0,0,0,0,0,none
443,11,True,10,0,0,-1,0,0,-1,0,0,0,0,0,none
445,12,True,11,0,2,7,6,0,3,6,3,2,1,3,d2:1;d4:1;d5:1
447,16,True,15,0,5,7,7,0,5,8,5,1,4,2,d1:1;d3:1;d4:1;d6:1;d8:1
449,19,True,18,0,3,14,9,0,10,6,3,2,1,3,d2:1;d4:1;d5:1
451,10,True,9,0,4,3,2,0,1,7,5,1,4,2,d1:1;d2:1;d4:1;d6:1;d7:1
453,3,True,2,0,0,-1,0,0,-1,0,0,0,0,0,none
455,9,True,8,0,1,2,2,0,0,3,2,1,1,2,d2:1;d3:1
457,22,True,21,0,5,18,13,0,13,6,3,2,1,3,d2:1;d4:1;d5:1
459,22,True,21,0,4,1,12,0,13,6,3,2,1,3,d2:1;d4:1;d5:1
461,9,True,8,0,1,6,1,0,5,3,2,1,1,2,d2:1;d3:1
463,20,True,19,0,5,2,13,0,11,6,3,2,1,3,d2:1;d4:1;d5:1
465,8,True,7,0,1,5,1,0,4,3,2,1,1,2,d2:1;d3:1
467,14,True,13,0,2,9,6,0,5,6,3,2,1,3,d2:1;d4:1;d5:1
469,5,True,4,0,0,-1,0,0,-1,0,0,0,0,0,none
471,20,True,19,0,3,2,9,0,11,6,3,2,1,3,d2:1;d4:1;d5:1
473,8,True,7,0,0,-1,0,0,-1,0,0,0,0,0,none
475,5,True,4,0,1,1,1,0,0,2,2,1,1,2,d1:1;d2:1
477,8,True,7,0,0,-1,0,0,-1,0,0,0,0,0,none
479,9,True,8,0,1,2,2,0,0,5,3,2,1,3,d2:1;d4:1;d5:1
481,10,True,9,0,1,7,1,0,6,3,2,1,1,2,d2:1;d3:1
483,5,True,4,0,0,-1,0,0,-1,0,0,0,0,0,none
485,16,True,15,0,3,11,9,0,7,6,3,2,1,3,d2:1;d4:1;d5:1
487,22,True,21,0,5,4,13,0,13,6,3,2,1,3,d2:1;d4:1;d5:1
489,9,True,8,0,1,2,1,0,1,4,2,1,1,2,d2:1;d4:1
491,24,True,23,0,4,1,12,0,15,6,3,2,1,3,d2:1;d4:1;d5:1
493,11,True,10,0,1,5,1,0,4,2,2,1,1,2,d1:1;d2:1
495,17,True,16,0,3,7,7,0,1,3,2,1,1,2,d1:1;d2:1
497,5,True,4,0,0,-1,0,0,-1,0,0,0,0,0,none
499,10,True,9,0,0,-1,0,0,-1,0,0,0,0,0,none
501,18,True,17,0,4,13,12,0,9,6,3,2,1,3,d2:1;d4:1;d5:1
503,11,True,10,0,1,4,2,0,2,6,3,2,1,3,d2:1;d4:1;d5:1
505,13,True,12,0,1,10,1,0,9,3,2,1,1,2,d2:1;d3:1
507,8,True,7,0,1,2,2,0,0,2,2,1,1,2,d1:1;d2:1
509,10,True,9,0,3,2,1,0,1,6,4,1,3,2,d1:1;d2:1;d4:1;d6:1
511,11,True,10,0,5,2,2,0,0,9,6,1,5,2,d1:1;d3:1;d4:1;d6:1;d8:1;d9:1
513,8,True,7,0,0,-1,0,0,-1,0,0,0,0,0,none
515,21,True,20,0,5,17,13,0,12,6,3,2,1,3,d2:1;d4:1;d5:1
517,21,True,20,0,4,16,12,0,12,6,3,2,1,3,d2:1;d4:1;d5:1
519,13,True,12,0,1,7,1,0,6,2,2,1,1,2,d1:1;d2:1
521,20,True,19,0,5,2,13,0,11,6,3,2,1,3,d2:1;d4:1;d5:1
523,21,True,20,0,4,16,12,0,12,6,3,2,1,3,d2:1;d4:1;d5:1
525,7,True,6,0,1,4,1,0,3,3,2,1,1,2,d2:1;d3:1
527,12,True,11,0,2,7,6,0,3,6,3,2,1,3,d2:1;d4:1;d5:1
529,7,True,6,0,1,4,1,0,3,3,2,1,1,2,d2:1;d3:1
531,20,True,19,0,3,15,9,0,11,6,3,2,1,3,d2:1;d4:1;d5:1
533,7,True,6,0,0,-1,0,0,-1,0,0,0,0,0,none
535,4,True,3,0,0,-1,0,0,-1,0,0,0,0,0,none
537,4,True,3,0,0,-1,0,0,-1,0,0,0,0,0,none
539,9,True,8,0,0,-1,0,0,-1,0,0,0,0,0,none
541,10,True,9,0,1,7,1,0,6,3,2,1,1,2,d2:1;d3:1
543,23,True,22,0,5,2,13,0,14,6,3,2,1,3,d2:1;d4:1;d5:1
545,11,True,10,0,1,8,1,0,7,3,2,1,1,2,d2:1;d3:1
547,7,True,6,0,0,-1,0,0,-1,0,0,0,0,0,none
549,15,True,14,0,3,10,9,0,6,6,3,2,1,3,d2:1;d4:1;d5:1
551,8,True,7,0,1,5,1,0,4,3,2,1,1,2,d2:1;d3:1
553,23,True,22,0,4,4,12,0,14,6,3,2,1,3,d2:1;d4:1;d5:1
555,7,True,6,0,0,-1,0,0,-1,0,0,0,0,0,none
557,10,True,9,0,1,4,1,0,3,2,2,1,1,2,d1:1;d2:1
559,17,True,16,0,1,3,3,0,0,4,2,1,1,2,d1:1;d3:1
561,9,True,8,0,0,-1,0,0,-1,0,0,0,0,0,none
563,9,True,8,0,0,-1,0,0,-1,0,0,0,0,0,none
565,4,True,3,0,0,-1,0,0,-1,0,0,0,0,0,none
567,10,True,9,0,1,3,2,0,1,5,3,2,1,3,d2:1;d4:1;d5:1
569,12,True,11,0,1,9,1,0,8,3,2,1,1,2,d2:1;d3:1
571,7,True,6,0,0,-1,0,0,-1,0,0,0,0,0,none
573,17,True,16,0,3,12,9,0,8,6,3,2,1,3,d2:1;d4:1;d5:1
575,8,True,7,0,0,-1,0,0,-1,0,0,0,0,0,none
577,7,True,6,0,0,-1,0,0,-1,0,0,0,0,0,none
579,5,True,4,0,0,-1,0,0,-1,0,0,0,0,0,none
581,20,True,19,0,5,16,13,0,11,6,3,2,1,3,d2:1;d4:1;d5:1
583,6,True,5,0,0,-1,0,0,-1,0,0,0,0,0,none
585,12,True,11,0,1,6,1,0,5,2,2,1,1,2,d1:1;d2:1
587,19,True,18,0,5,15,13,0,10,6,3,2,1,3,d2:1;d4:1;d5:1
589,20,True,19,0,4,15,12,0,11,6,3,2,1,3,d2:1;d4:1;d5:1
591,11,True,10,0,0,-1,0,0,-1,0,0,0,0,0,none
593,13,True,12,0,2,8,6,0,4,6,3,2,1,3,d2:1;d4:1;d5:1
595,12,True,11,0,1,5,2,0,3,6,3,2,1,3,d2:1;d4:1;d5:1
597,5,True,4,0,1,2,1,0,1,3,2,1,1,2,d2:1;d3:1
599,18,True,17,0,3,13,9,0,9,6,3,2,1,3,d2:1;d4:1;d5:1
601,11,True,10,0,4,4,2,0,2,7,5,1,4,2,d1:1;d2:1;d4:1;d6:1;d7:1
603,16,True,15,0,1,4,3,0,1,3,2,1,1,2,d1:1;d2:1
605,3,True,2,0,0,-1,0,0,-1,0,0,0,0,0,none
607,8,True,7,0,0,-1,0,0,-1,0,0,0,0,0,none
609,23,True,22,0,5,19,13,0,14,6,3,2,1,3,d2:1;d4:1;d5:1
611,8,True,7,0,1,5,1,0,4,3,2,1,1,2,d2:1;d3:1
613,9,True,8,0,1,6,1,0,5,3,2,1,1,2,d2:1;d3:1
615,13,True,12,0,1,1,1,0,0,3,2,1,1,2,d1:1;d2:1
617,21,True,20,0,5,3,13,0,12,6,3,2,1,3,d2:1;d4:1;d5:1
619,23,True,22,0,4,18,12,0,14,6,3,2,1,3,d2:1;d4:1;d5:1
621,15,True,14,0,2,3,6,0,6,6,3,2,1,3,d2:1;d4:1;d5:1
623,22,True,21,0,4,3,12,0,13,6,3,2,1,3,d2:1;d4:1;d5:1
625,6,True,5,0,0,-1,0,0,-1,0,0,0,0,0,none
627,22,True,21,0,3,4,9,0,13,6,3,2,1,3,d2:1;d4:1;d5:1
629,8,True,7,0,1,2,1,0,1,2,2,1,1,2,d1:1;d2:1
631,8,True,7,0,0,-1,0,0,-1,0,0,0,0,0,none
633,6,True,5,0,1,2,1,0,1,2,2,1,1,2,d1:1;d2:1
635,5,True,4,0,0,-1,0,0,-1,0,0,0,0,0,none
637,10,True,9,0,2,5,4,0,1,4,3,1,2,2,d1:1;d3:1;d4:1
639,21,True,20,0,4,4,9,0,2,3,2,1,1,2,d1:1;d3:1
641,11,True,10,0,1,8,1,0,7,3,2,1,1,2,d2:1;d3:1
643,6,True,5,0,0,-1,0,0,-1,0,0,0,0,0,none
645,17,True,16,0,3,12,9,0,8,6,3,2,1,3,d2:1;d4:1;d5:1
647,9,True,8,0,1,1,1,0,0,3,2,1,1,2,d1:1;d2:1
649,23,True,22,0,5,5,13,0,14,6,3,2,1,3,d2:1;d4:1;d5:1
651,17,True,16,0,2,5,6,0,8,6,3,2,1,3,d2:1;d4:1;d5:1
653,5,True,4,0,0,-1,0,0,-1,0,0,0,0,0,none
655,23,True,22,0,4,4,12,0,14,6,3,2,1,3,d2:1;d4:1;d5:1
657,12,True,11,0,1,6,1,0,5,2,2,1,1,2,d1:1;d2:1
659,11,True,10,0,1,5,1,0,4,2,2,1,1,2,d1:1;d2:1
661,18,True,17,0,5,14,13,0,9,6,3,2,1,3,d2:1;d4:1;d5:1
663,4,True,3,0,0,-1,0,0,-1,0,0,0,0,0,none
665,11,True,10,0,0,-1,0,0,-1,0,0,0,0,0,none
667,21,True,20,0,3,4,9,0,2,4,3,1,2,2,d1:1;d3:1;d4:1
669,12,True,11,0,2,7,6,0,3,6,3,2,1,3,d2:1;d4:1;d5:1
671,16,True,15,0,4,4,4,0,5,8,5,1,4,2,d1:1;d3:1;d4:1;d6:1;d8:1
673,14,True,13,0,1,11,1,0,10,3,2,1,1,2,d2:1;d3:1
675,17,True,16,0,3,12,9,0,8,6,3,2,1,3,d2:1;d4:1;d5:1
677,10,True,9,0,4,3,2,0,1,7,5,1,4,2,d1:1;d2:1;d4:1;d6:1;d7:1
679,15,True,14,0,1,3,3,0,0,3,2,1,1,2,d1:1;d2:1
681,12,True,11,0,5,3,2,0,1,9,6,1,5,2,d1:1;d3:1;d4:1;d6:1;d8:1;d9:1
683,9,True,8,0,0,-1,0,0,-1,0,0,0,0,0,none
685,23,True,22,0,5,19,13,0,14,6,3,2,1,3,d2:1;d4:1;d5:1
687,7,True,6,0,1,1,1,0,0,4,2,1,1,2,d2:1;d4:1
689,22,True,21,0,4,17,12,0,13,6,3,2,1,3,d2:1;d4:1;d5:1
691,21,True,20,0,4,16,12,0,12,6,3,2,1,3,d2:1;d4:1;d5:1
693,8,True,7,0,1,5,1,0,4,3,2,1,1,2,d2:1;d3:1
695,20,True,19,0,5,16,13,0,11,6,3,2,1,3,d2:1;d4:1;d5:1
697,22,True,21,0,4,17,12,0,13,6,3,2,1,3,d2:1;d4:1;d5:1
699,13,True,12,0,0,-1,0,0,-1,0,0,0,0,0,none
701,14,True,13,0,2,9,6,0,5,6,3,2,1,3,d2:1;d4:1;d5:1
703,26,True,25,0,6,17,17,0,9,3,2,1,1,2,d1:1;d3:1
705,8,True,7,0,1,5,1,0,4,3,2,1,1,2,d2:1;d3:1
707,20,True,19,0,3,2,9,0,11,6,3,2,1,3,d2:1;d4:1;d5:1
709,8,True,7,0,0,-1,0,0,-1,0,0,0,0,0,none
711,13,True,12,0,4,1,2,0,4,7,5,1,4,2,d1:1;d2:1;d4:1;d6:1;d7:1
713,5,True,4,0,0,-1,0,0,-1,0,0,0,0,0,none
715,4,True,3,0,0,-1,0,0,-1,0,0,0,0,0,none
717,8,True,7,0,0,-1,0,0,-1,0,0,0,0,0,none
719,9,True,8,0,0,-1,0,0,-1,0,0,0,0,0,none
721,11,True,10,0,1,8,1,0,7,3,2,1,1,2,d2:1;d3:1
723,9,True,8,0,1,6,1,0,5,3,2,1,1,2,d2:1;d3:1
725,5,True,4,0,0,-1,0,0,-1,0,0,0,0,0,none
727,10,True,9,0,1,7,1,0,6,3,2,1,1,2,d2:1;d3:1
729,8,True,7,0,0,-1,0,0,-1,0,0,0,0,0,none
731,22,True,21,0,5,18,13,0,13,6,3,2,1,3,d2:1;d4:1;d5:1
733,16,True,15,0,2,4,6,0,7,6,3,2,1,3,d2:1;d4:1;d5:1
735,8,True,7,0,1,1,1,0,0,5,3,2,1,3,d1:1;d3:1;d5:1
737,24,True,23,0,4,5,12,0,15,6,3,2,1,3,d2:1;d4:1;d5:1
739,4,True,3,0,0,-1,0,0,-1,0,0,0,0,0,none
741,10,True,9,0,1,4,1,0,3,2,2,1,1,2,d1:1;d2:1
743,17,True,16,0,2,6,6,0,1,3,2,1,1,2,d1:1;d2:1
745,18,True,17,0,1,4,3,0,1,4,2,1,1,2,d1:1;d3:1
747,10,True,9,0,0,-1,0,0,-1,0,0,0,0,0,none
749,10,True,9,0,0,-1,0,0,-1,0,0,0,0,0,none
751,20,True,19,0,3,3,9,0,1,4,3,1,2,2,d1:1;d3:1;d4:1
753,5,True,4,0,0,-1,0,0,-1,0,0,0,0,0,none
755,11,True,10,0,1,4,2,0,2,6,3,2,1,3,d2:1;d4:1;d5:1
757,18,True,17,0,3,13,9,0,9,6,3,2,1,3,d2:1;d4:1;d5:1
759,12,True,11,0,1,9,1,0,8,3,2,1,1,2,d2:1;d3:1
761,8,True,7,0,0,-1,0,0,-1,0,0,0,0,0,none
763,26,True,25,0,4,4,12,0,17,6,3,2,1,3,d2:1;d4:1;d5:1
765,10,True,9,0,2,2,1,0,1,5,3,1,2,2,d1:1;d2:1;d4:1
767,11,True,10,0,4,2,2,0,0,8,5,1,4,2,d1:1;d3:1;d4:1;d6:1;d8:1
769,8,True,7,0,0,-1,0,0,-1,0,0,0,0,0,none
771,6,True,5,0,0,-1,0,0,-1,0,0,0,0,0,none
773,21,True,20,0,5,17,13,0,12,6,3,2,1,3,d2:1;d4:1;d5:1
775,26,True,25,0,4,1,12,0,17,6,3,2,1,3,d2:1;d4:1;d5:1
777,7,True,6,0,0,-1,0,0,-1,0,0,0,0,0,none
779,13,True,12,0,1,7,1,0,6,2,2,1,1,2,d1:1;d2:1
781,20,True,19,0,4,15,12,0,11,6,3,2,1,3,d2:1;d4:1;d5:1
783,18,True,17,0,5,14,13,0,9,6,3,2,1,3,d2:1;d4:1;d5:1
785,21,True,20,0,4,16,12,0,12,6,3,2,1,3,d2:1;d4:1;d5:1
787,12,True,11,0,0,-1,0,0,-1,0,0,0,0,0,none
789,6,True,5,0,1,3,1,0,2,3,2,1,1,2,d2:1;d3:1
791,12,True,11,0,2,7,6,0,3,6,3,2,1,3,d2:1;d4:1;d5:1
793,13,True,12,0,1,6,2,0,4,6,3,2,1,3,d2:1;d4:1;d5:1
795,17,True,16,0,4,5,4,0,6,8,5,1,4,2,d1:1;d3:1;d4:1;d6:1;d8:1
797,20,True,19,0,3,15,9,0,11,6,3,2,1,3,d2:1;d4:1;d5:1
799,14,True,13,0,2,2,2,0,0,5,3,1,2,2,d1:1;d3:1;d5:1
801,12,True,11,0,4,5,2,0,3,7,5,1,4,2,d1:1;d2:1;d4:1;d6:1;d7:1
803,4,True,3,0,0,-1,0,0,-1,0,0,0,0,0,none
805,3,True,2,0,0,-1,0,0,-1,0,0,0,0,0,none
807,13,True,12,0,4,1,2,0,2,8,5,1,4,2,d1:1;d3:1;d4:1;d6:1;d8:1
809,9,True,8,0,0,-1,0,0,-1,0,0,0,0,0,none
811,25,True,24,0,5,21,13,0,16,6,3,2,1,3,d2:1;d4:1;d5:1
813,10,True,9,0,1,7,1,0,6,3,2,1,1,2,d2:1;d3:1
815,23,True,22,0,5,2,13,0,14,6,3,2,1,3,d2:1;d4:1;d5:1
817,10,True,9,0,1,7,1,0,6,3,2,1,1,2,d2:1;d3:1
819,10,True,9,0,1,7,1,0,6,3,2,1,1,2,d2:1;d3:1
821,7,True,6,0,0,-1,0,0,-1,0,0,0,0,0,none
823,21,True,20,0,5,17,13,0,12,6,3,2,1,3,d2:1;d4:1;d5:1
825,24,True,23,0,4,19,12,0,15,6,3,2,1,3,d2:1;d4:1;d5:1
827,8,True,7,0,1,5,1,0,4,3,2,1,1,2,d2:1;d3:1
829,15,True,14,0,2,10,6,0,6,6,3,2,1,3,d2:1;d4:1;d5:1
831,22,True,21,0,4,3,12,0,13,6,3,2,1,3,d2:1;d4:1;d5:1
833,7,True,6,0,0,-1,0,0,-1,0,0,0,0,0,none
835,22,True,21,0,3,2,9,0,13,6,3,2,1,3,d2:1;d4:1;d5:1
837,9,True,8,0,1,3,1,0,2,2,2,1,1,2,d1:1;d2:1
839,17,True,16,0,1,3,3,0,0,3,2,1,1,2,d1:1;d3:1
841,9,True,8,0,0,-1,0,0,-1,0,0,0,0,0,none
843,9,True,8,0,0,-1,0,0,-1,0,0,0,0,0,none
845,9,True,8,0,0,-1,0,0,-1,0,0,0,0,0,none
847,5,True,4,0,1,1,1,0,0,4,3,2,1,3,d1:1;d2:1;d4:1
849,11,True,10,0,2,6,4,0,2,4,3,1,2,2,d1:1;d3:1;d4:1
851,10,True,9,0,1,3,2,0,1,5,3,2,1,3,d2:1;d4:1;d5:1
853,3,True,2,0,0,-1,0,0,-1,0,0,0,0,0,none
855,10,True,9,0,1,7,1,0,6,3,2,1,1,2,d2:1;d3:1
857,7,True,6,0,0,-1,0,0,-1,0,0,0,0,0,none
859,25,True,24,0,4,3,12,0,16,6,3,2,1,3,d2:1;d4:1;d5:1
861,17,True,16,0,3,12,9,0,8,6,3,2,1,3,d2:1;d4:1;d5:1
863,8,True,7,0,0,-1,0,0,-1,0,0,0,0,0,none
865,24,True,23,0,5,6,13,0,15,6,3,2,1,3,d2:1;d4:1;d5:1
867,5,True,4,0,0,-1,0,0,-1,0,0,0,0,0,none
869,5,True,4,0,0,-1,0,0,-1,0,0,0,0,0,none
871,28,True,27,0,6,7,9,0,2,6,3,1,2,2,d1:1;d3:1;d5:1
873,24,True,23,0,4,5,12,0,15,6,3,2,1,3,d2:1;d4:1;d5:1
875,6,True,5,0,0,-1,0,0,-1,0,0,0,0,0,none
877,12,True,11,0,1,6,1,0,5,2,2,1,1,2,d1:1;d2:1
879,24,True,23,0,3,2,9,0,15,6,3,2,1,3,d2:1;d4:1;d5:1
881,19,True,18,0,5,15,13,0,10,6,3,2,1,3,d2:1;d4:1;d5:1
883,6,True,5,0,0,-1,0,0,-1,0,0,0,0,0,none
885,19,True,18,0,4,14,12,0,10,6,3,2,1,3,d2:1;d4:1;d5:1
887,11,True,10,0,0,-1,0,0,-1,0,0,0,0,0,none
889,22,True,21,0,3,5,9,0,3,4,3,1,2,2,d1:1;d3:1;d4:1
891,8,True,7,0,1,2,1,0,1,2,2,1,1,2,d1:1;d2:1
893,12,True,11,0,1,5,2,0,3,6,3,2,1,3,d2:1;d4:1;d5:1
895,16,True,15,0,4,4,4,0,5,8,5,1,4,2,d1:1;d3:1;d4:1;d6:1;d8:1
897,15,True,14,0,1,12,1,0,11,3,2,1,1,2,d2:1;d3:1
899,18,True,17,0,3,13,9,0,9,6,3,2,1,3,d2:1;d4:1;d5:1
901,11,True,10,0,4,4,2,0,2,7,5,1,4,2,d1:1;d2:1;d4:1;d6:1;d7:1
903,18,True,17,0,3,1,9,0,9,6,3,2,1,3,d2:1;d4:1;d5:1
905,16,True,15,0,1,4,3,0,1,3,2,1,1,2,d1:1;d2:1
907,10,True,9,0,0,-1,0,0,-1,0,0,0,0,0,none
909,3,True,2,0,0,-1,0,0,-1,0,0,0,0,0,none
911,8,True,7,0,0,-1,0,0,-1,0,0,0,0,0,none
913,24,True,23,0,5,20,13,0,15,6,3,2,1,3,d2:1;d4:1;d5:1
915,22,True,21,0,5,18,13,0,13,6,3,2,1,3,d2:1;d4:1;d5:1
917,8,True,7,0,1,5,1,0,4,3,2,1,1,2,d2:1;d3:1
919,21,True,20,0,4,16,12,0,12,6,3,2,1,3,d2:1;d4:1;d5:1
921,22,True,21,0,4,17,12,0,13,6,3,2,1,3,d2:1;d4:1;d5:1
923,13,True,12,0,1,1,1,0,0,2,2,1,1,2,d1:1;d2:1
925,21,True,20,0,5,3,13,0,12,6,3,2,1,3,d2:1;d4:1;d5:1
927,19,True,18,0,2,1,6,0,0,5,3,1,2,2,d2:1;d4:1;d5:1
929,23,True,22,0,4,18,12,0,14,6,3,2,1,3,d2:1;d4:1;d5:1
931,7,True,6,0,1,4,1,0,3,3,2,1,1,2,d2:1;d3:1
933,14,True,13,0,2,2,6,0,5,6,3,2,1,3,d2:1;d4:1;d5:1
935,22,True,21,0,4,3,12,0,13,6,3,2,1,3,d2:1;d4:1;d5:1
937,27,True,26,0,6,18,17,0,10,3,2,1,1,2,d1:1;d3:1
939,15,True,14,0,1,1,2,0,0,2,2,1,1,2,d1:1;d2:1
941,22,True,21,0,3,4,9,0,13,6,3,2,1,3,d2:1;d4:1;d5:1
943,6,True,5,0,2,1,1,0,0,4,3,1,2,2,d1:1;d3:1;d4:1
945,9,True,8,0,0,-1,0,0,-1,0,0,0,0,0,none
947,8,True,7,0,0,-1,0,0,-1,0,0,0,0,0,none
949,8,True,7,0,0,-1,0,0,-1,0,0,0,0,0,none
951,5,True,4,0,0,-1,0,0,-1,0,0,0,0,0,none
953,5,True,4,0,0,-1,0,0,-1,0,0,0,0,0,none
955,5,True,4,0,1,1,1,0,0,2,2,1,1,2,d1:1;d2:1
957,10,True,9,0,1,3,2,0,1,3,2,1,1,2,d1:1;d3:1
959,21,True,20,0,4,4,9,0,2,3,2,1,1,2,d1:1;d3:1
961,12,True,11,0,1,9,1,0,8,3,2,1,1,2,d2:1;d3:1
963,9,True,8,0,1,6,1,0,5,3,2,1,1,2,d2:1;d3:1
965,6,True,5,0,0,-1,0,0,-1,0,0,0,0,0,none
967,24,True,23,0,4,2,12,0,15,6,3,2,1,3,d2:1;d4:1;d5:1
969,11,True,10,0,1,8,1,0,7,3,2,1,1,2,d2:1;d3:1
971,9,True,8,0,1,1,1,0,0,2,2,1,1,2,d1:1;d2:1
973,17,True,16,0,3,12,9,0,8,6,3,2,1,3,d2:1;d4:1;d5:1
975,22,True,21,0,5,1,13,0,13,6,3,2,1,3,d2:1;d4:1;d5:1
977,17,True,16,0,2,5,6,0,8,6,3,2,1,3,d2:1;d4:1;d5:1
979,9,True,8,0,1,6,1,0,5,3,2,1,1,2,d2:1;d3:1
981,4,True,3,0,0,-1,0,0,-1,0,0,0,0,0,none
983,23,True,22,0,4,4,12,0,14,6,3,2,1,3,d2:1;d4:1;d5:1
985,5,True,4,0,0,-1,0,0,-1,0,0,0,0,0,none
987,7,True,6,0,1,1,1,0,0,2,2,1,1,2,d1:1;d2:1
989,11,True,10,0,1,5,1,0,4,2,2,1,1,2,d1:1;d2:1
991,17,True,16,0,2,6,6,0,1,2,2,1,1,2,d1:1;d2:1
993,19,True,18,0,1,5,3,0,2,4,2,1,1,2,d1:1;d3:1
995,4,True,3,0,0,-1,0,0,-1,0,0,0,0,0,none
997,10,True,9,0,0,-1,0,0,-1,0,0,0,0,0,none
999,9,True,8,0,1,1,1,0,0,3,2,1,1,2,d2:1;d3:1
1001,21,True,20,0,3,4,9,0,2,4,3,1,2,2,d1:1;d3:1;d4:1
1003,7,True,6,0,1,1,1,0,0,2,2,1,1,2,d1:1;d2:1
1005,12,True,11,0,1,5,2,0,3,6,3,2,1,3,d2:1;d4:1;d5:1
1007,16,True,15,0,4,4,4,0,5,8,5,1,4,2,d1:1;d3:1;d4:1;d6:1;d8:1
1009,19,True,18,0,3,14,9,0,10,6,3,2,1,3,d2:1;d4:1;d5:1
1011,13,True,12,0,1,10,1,0,9,3,2,1,1,2,d2:1;d3:1
1013,17,True,16,0,3,12,9,0,8,6,3,2,1,3,d2:1;d4:1;d5:1
1015,8,True,7,0,0,-1,0,0,-1,0,0,0,0,0,none
1017,27,True,26,0,4,5,12,0,18,6,3,2,1,3,d2:1;d4:1;d5:1
1019,15,True,14,0,1,3,3,0,0,2,2,1,1,2,d1:1;d2:1
1021,9,True,8,0,0,-1,0,0,-1,0,0,0,0,0,none
1023,10,True,9,0,3,1,1,0,0,10,6,3,3,4,d2:1;d4:1;d5:1;d7:1;d9:1;d10:1
1025,9,True,8,0,0,-1,0,0,-1,0,0,0,0,0,none
1027,7,True,6,0,0,-1,0,0,-1,0,0,0,0,0,none
1029,22,True,21,0,5,18,13,0,13,6,3,2,1,3,d2:1;d4:1;d5:1
1031,7,True,6,0,0,-1,0,0,-1,0,0,0,0,0,none
1033,27,True,26,0,4,2,12,0,18,6,3,2,1,3,d2:1;d4:1;d5:1
1035,21,True,20,0,5,17,13,0,12,6,3,2,1,3,d2:1;d4:1;d5:1
1037,21,True,20,0,4,16,12,0,12,6,3,2,1,3,d2:1;d4:1;d5:1
1039,12,True,11,0,1,6,1,0,5,2,2,1,1,2,d1:1;d2:1
1041,21,True,20,0,4,16,12,0,12,6,3,2,1,3,d2:1;d4:1;d5:1
1043,20,True,19,0,5,16,13,0,11,6,3,2,1,3,d2:1;d4:1;d5:1
1045,7,True,6,0,1,4,1,0,3,3,2,1,1,2,d2:1;d3:1
1047,20,True,19,0,4,15,12,0,11,6,3,2,1,3,d2:1;d4:1;d5:1
1049,13,True,12,0,0,-1,0,0,-1,0,0,0,0,0,none
1051,17,True,16,0,4,3,2,0,8,7,5,1,4,2,d1:1;d2:1;d4:1;d6:1;d7:1
1053,14,True,13,0,2,9,6,0,5,6,3,2,1,3,d2:1;d4:1;d5:1
1055,26,True,25,0,5,17,17,0,9,3,2,1,1,2,d1:1;d3:1
1057,14,True,13,0,1,7,2,0,5,6,3,2,1,3,d2:1;d4:1;d5:1
1059,6,True,5,0,1,3,1,0,2,3,2,1,1,2,d2:1;d3:1
1061,20,True,19,0,3,2,9,0,11,6,3,2,1,3,d2:1;d4:1;d5:1
1063,15,True,14,0,1,12,1,0,11,3,2,1,1,2,d2:1;d3:1
1065,15,True,14,0,2,3,2,0,1,5,3,1,2,2,d1:1;d3:1;d5:1
1067,13,True,12,0,4,6,2,0,4,7,5,1,4,2,d1:1;d2:1;d4:1;d6:1;d7:1
1069,6,True,5,0,0,-1,0,0,-1,0,0,0,0,0,none
1071,29,True,28,0,4,1,12,0,20,6,3,2,1,3,d2:1;d4:1;d5:1
1073,4,True,3,0,0,-1,0,0,-1,0,0,0,0,0,none
1075,4,True,3,0,0,-1,0,0,-1,0,0,0,0,0,none
1077,7,True,6,0,0,-1,0,0,-1,0,0,0,0,0,none
1079,9,True,8,0,0,-1,0,0,-1,0,0,0,0,0,none
1081,26,True,25,0,5,22,13,0,17,6,3,2,1,3,d2:1;d4:1;d5:1
1083,23,True,22,0,5,19,13,0,14,6,3,2,1,3,d2:1;d4:1;d5:1
1085,9,True,8,0,1,6,1,0,5,3,2,1,1,2,d2:1;d3:1
1087,22,True,21,0,5,18,13,0,13,6,3,2,1,3,d2:1;d4:1;d5:1
1089,11,True,10,0,1,8,1,0,7,3,2,1,1,2,d2:1;d3:1
1091,10,True,9,0,1,7,1,0,6,3,2,1,1,2,d2:1;d3:1
1093,8,True,7,0,0,-1,0,0,-1,0,0,0,0,0,none
1095,16,True,15,0,1,10,1,0,9,2,2,1,1,2,d1:1;d2:1
1097,22,True,21,0,5,18,13,0,13,6,3,2,1,3,d2:1;d4:1;d5:1
1099,7,True,6,0,0,-1,0,0,-1,0,0,0,0,0,none
1101,16,True,15,0,2,4,6,0,7,6,3,2,1,3,d2:1;d4:1;d5:1
1103,8,True,7,0,1,5,1,0,4,3,2,1,1,2,d2:1;d3:1
1105,16,True,15,0,2,11,6,0,7,6,3,2,1,3,d2:1;d4:1;d5:1
1107,23,True,22,0,4,4,12,0,14,6,3,2,1,3,d2:1;d4:1;d5:1
1109,4,True,3,0,0,-1,0,0,-1,0,0,0,0,0,none
1111,6,True,5,0,0,-1,0,0,-1,0,0,0,0,0,none
1113,23,True,22,0,3,3,9,0,14,6,3,2,1,3,d2:1;d4:1;d5:1
1115,17,True,16,0,2,6,5,0,8,4,3,1,2,2,d1:1;d3:1;d4:1
1117,9,True,8,0,1,3,1,0,2,2,2,1,1,2,d1:1;d2:1
1119,16,True,15,0,1,13,1,0,12,3,2,1,1,2,d2:1;d3:1
1121,10,True,9,0,0,-1,0,0,-1,0,0,0,0,0,none
1123,8,True,7,0,0,-1,0,0,-1,0,0,0,0,0,none
1125,9,True,8,0,0,-1,0,0,-1,0,0,0,0,0,none
1127,20,True,19,0,3,3,9,0,11,6,3,2,1,3,d2:1;d4:1;d5:1
1129,6,True,5,0,1,2,1,0,1,4,3,2,1,3,d1:1;d2:1;d4:1
1131,7,True,6,0,1,3,1,0,2,2,2,1,1,2,d1:1;d2:1
1133,11,True,10,0,1,4,2,0,2,6,3,2,1,3,d2:1;d4:1;d5:1
1135,12,True,11,0,1,2,2,0,0,4,2,1,1,2,d1:1;d3:1
1137,4,True,3,0,0,-1,0,0,-1,0,0,0,0,0,none
1139,12,True,11,0,1,9,1,0,8,3,2,1,1,2,d2:1;d3:1
1141,18,True,17,0,3,13,9,0,9,6,3,2,1,3,d2:1;d4:1;d5:1
1143,7,True,6,0,0,-1,0,0,-1,0,0,0,0,0,none
1145,26,True,25,0,4,4,12,0,17,6,3,2,1,3,d2:1;d4:1;d5:1
1147,14,True,13,0,1,11,1,0,10,3,2,1,1,2,d2:1;d3:1
1149,10,True,9,0,2,2,1,0,1,4,3,1,2,2,d1:1;d2:1;d4:1
1151,11,True,10,0,3,2,2,0,0,7,4,1,3,2,d1:1;d3:1;d4:1;d6:1
1153,25,True,24,0,5,7,13,0,16,6,3,2,1,3,d2:1;d4:1;d5:1
1155,6,True,5,0,0,-1,0,0,-1,0,0,0,0,0,none
1157,6,True,5,0,0,-1,0,0,-1,0,0,0,0,0,none
1159,10,True,9,0,1,3,1,0,2,4,2,1,1,2,d2:1;d4:1
1161,29,True,28,0,6,8,9,0,3,6,3,1,2,2,d1:1;d3:1;d5:1
1163,26,True,25,0,4,3,12,0,17,6,3,2,1,3,d2:1;d4:1;d5:1
1165,20,True,19,0,5,16,13,0,11,6,3,2,1,3,d2:1;d4:1;d5:1
1167,5,True,4,0,0,-1,0,0,-1,0,0,0,0,0,none
1169,13,True,12,0,1,7,1,0,6,2,2,1,1,2,d1:1;d2:1
1171,12,True,11,0,1,6,1,0,5,2,2,1,1,2,d1:1;d2:1
1173,19,True,18,0,4,14,12,0,10,6,3,2,1,3,d2:1;d4:1;d5:1
1175,18,True,17,0,5,14,13,0,9,6,3,2,1,3,d2:1;d4:1;d5:1
1177,7,True,6,0,0,-1,0,0,-1,0,0,0,0,0,none
1179,12,True,11,0,1,3,2,0,1,4,2,1,1,2,d2:1;d3:1
1181,12,True,11,0,0,-1,0,0,-1,0,0,0,0,0,none
1183,16,True,15,0,4,2,2,0,7,7,5,1,4,2,d1:1;d2:1;d4:1;d6:1;d7:1
1185,23,True,22,0,3,6,9,0,4,4,3,1,2,2,d1:1;d3:1;d4:1
1187,12,True,11,0,2,7,6,0,3,6,3,2,1,3,d2:1;d4:1;d5:1
1189,12,True,11,0,2,7,6,0,3,6,3,2,1,3,d2:1;d4:1;d5:1
1191,8,True,7,0,1,2,1,0,1,2,2,1,1,2,d1:1;d2:1
1193,17,True,16,0,4,5,4,0,6,8,5,1,4,2,d1:1;d3:1;d4:1;d6:1;d8:1
1195,21,True,20,0,3,16,9,0,12,6,3,2,1,3,d2:1;d4:1;d5:1
1197,20,True,19,0,3,15,9,0,11,6,3,2,1,3,d2:1;d4:1;d5:1
1199,14,True,13,0,1,1,1,0,0,4,2,1,1,2,d1:1;d3:1
1201,12,True,11,0,4,5,2,0,3,7,5,1,4,2,d1:1;d2:1;d4:1;d6:1;d7:1
1203,11,True,10,0,4,4,2,0,2,7,5,1,4,2,d1:1;d2:1;d4:1;d6:1;d7:1
1205,4,True,3,0,0,-1,0,0,-1,0,0,0,0,0,none
1207,16,True,15,0,1,4,3,0,1,2,2,1,1,2,d1:1;d2:1
1209,11,True,10,0,0,-1,0,0,-1,0,0,0,0,0,none
1211,13,True,12,0,4,4,2,0,2,8,5,1,4,2,d1:1;d3:1;d4:1;d6:1;d8:1
1213,10,True,9,0,1,3,2,0,1,3,2,1,1,2,d2:1;d3:1
1215,25,True,24,0,5,2,13,0,16,6,3,2,1,3,d2:1;d4:1;d5:1
1217,25,True,24,0,5,21,13,0,16,6,3,2,1,3,d2:1;d4:1;d5:1
1219,22,True,21,0,5,18,13,0,13,6,3,2,1,3,d2:1;d4:1;d5:1
1221,9,True,8,0,1,6,1,0,5,3,2,1,1,2,d2:1;d3:1
1223,23,True,22,0,5,1,13,0,14,6,3,2,1,3,d2:1;d4:1;d5:1
1225,22,True,21,0,4,17,12,0,13,6,3,2,1,3,d2:1;d4:1;d5:1
1227,22,True,21,0,4,17,12,0,13,6,3,2,1,3,d2:1;d4:1;d5:1
1229,10,True,9,0,1,7,1,0,6,3,2,1,1,2,d2:1;d3:1
1231,13,True,12,0,1,7,1,0,6,2,2,1,1,2,d1:1;d2:1
1233,22,True,21,0,5,4,13,0,13,6,3,2,1,3,d2:1;d4:1;d5:1
1235,21,True,20,0,5,17,13,0,12,6,3,2,1,3,d2:1;d4:1;d5:1
1237,6,True,5,0,0,-1,0,0,-1,0,0,0,0,0,none
1239,22,True,21,0,4,17,12,0,13,6,3,2,1,3,d2:1;d4:1;d5:1
1241,8,True,7,0,1,5,1,0,4,3,2,1,1,2,d2:1;d3:1
1243,14,True,13,0,0,-1,0,0,-1,0,0,0,0,0,none
1245,15,True,14,0,2,10,6,0,6,6,3,2,1,3,d2:1;d4:1;d5:1
1247,22,True,21,0,4,1,12,0,13,6,3,2,1,3,d2:1;d4:1;d5:1
1249,28,True,27,0,6,19,17,0,11,3,2,1,1,2,d1:1;d3:1
1251,5,True,4,0,0,-1,0,0,-1,0,0,0,0,0,none
1253,22,True,21,0,3,2,9,0,13,6,3,2,1,3,d2:1;d4:1;d5:1
1255,16,True,15,0,2,5,5,0,7,4,3,1,2,2,d1:1;d3:1;d4:1
1257,7,True,6,0,2,2,1,0,1,4,3,1,2,2,d1:1;d3:1;d4:1
1259,17,True,16,0,1,14,1,0,13,3,2,1,1,2,d2:1;d3:1
1261,9,True,8,0,0,-1,0,0,-1,0,0,0,0,0,none
1263,30,True,29,0,5,4,13,0,21,6,3,2,1,3,d2:1;d4:1;d5:1
1265,9,True,8,0,0,-1,0,0,-1,0,0,0,0,0,none
1267,6,True,5,0,0,-1,0,0,-1,0,0,0,0,0,none
1269,8,True,7,0,0,-1,0,0,-1,0,0,0,0,0,none
1271,5,True,4,0,0,-1,0,0,-1,0,0,0,0,0,none
1273,6,True,5,0,1,2,1,0,1,2,2,1,1,2,d1:1;d2:1
1275,15,True,14,0,4,6,2,0,4,8,5,1,4,2,d1:1;d3:1;d4:1;d6:1;d8:1
1277,10,True,9,0,1,3,2,0,1,5,3,2,1,3,d2:1;d4:1;d5:1
1279,21,True,20,0,3,4,9,0,0,8,5,2,3,3,d1:1;d2:1;d4:1;d6:1;d7:1
1281,13,True,12,0,1,10,1,0,9,3,2,1,1,2,d2:1;d3:1
1283,10,True,9,0,1,7,1,0,6,3,2,1,1,2,d2:1;d3:1
1285,7,True,6,0,0,-1,0,0,-1,0,0,0,0,0,none
1287,25,True,24,0,5,1,13,0,16,6,3,2,1,3,d2:1;d4:1;d5:1
1289,25,True,24,0,4,3,12,0,16,6,3,2,1,3,d2:1;d4:1;d5:1
1291,13,True,12,0,1,10,1,0,9,3,2,1,1,2,d2:1;d3:1
1293,17,True,16,0,3,12,9,0,8,6,3,2,1,3,d2:1;d4:1;d5:1
1295,8,True,7,0,0,-1,0,0,-1,0,0,0,0,0,none
1297,18,True,17,0,3,13,9,0,9,6,3,2,1,3,d2:1;d4:1;d5:1
1299,23,True,22,0,5,19,13,0,14,6,3,2,1,3,d2:1;d4:1;d5:1
1301,5,True,4,0,0,-1,0,0,-1,0,0,0,0,0,none
1303,16,True,15,0,2,4,6,0,7,6,3,2,1,3,d2:1;d4:1;d5:1
1305,10,True,9,0,1,7,1,0,6,3,2,1,1,2,d2:1;d3:1
1307,28,True,27,0,5,7,9,0,2,6,3,1,2,2,d1:1;d3:1;d5:1
1309,25,True,24,0,4,2,12,0,16,6,3,2,1,3,d2:1;d4:1;d5:1
1311,16,True,15,0,2,1,6,0,0,5,3,1,2,2,d1:1;d3:1;d4:1
1313,6,True,5,0,0,-1,0,0,-1,0,0,0,0,0,none
1315,11,True,10,0,1,5,1,0,4,2,2,1,1,2,d1:1;d2:1
1317,11,True,10,0,1,5,1,0,4,2,2,1,1,2,d1:1;d2:1
1319,24,True,23,0,3,1,9,0,15,6,3,2,1,3,d2:1;d4:1;d5:1
1321,18,True,17,0,2,7,6,0,2,2,2,1,1,2,d1:1;d2:1
1323,11,True,10,0,1,5,1,0,4,2,2,1,1,2,d1:1;d2:1
1325,6,True,5,0,0,-1,0,0,-1,0,0,0,0,0,none
1327,11,True,10,0,1,2,2,0,0,4,2,1,1,2,d2:1;d3:1
1329,11,True,10,0,0,-1,0,0,-1,0,0,0,0,0,none
1331,11,True,10,0,0,-1,0,0,-1,0,0,0,0,0,none
1333,19,True,18,0,4,14,12,0,10,6,3,2,1,3,d2:1;d4:1;d5:1
1335,21,True,20,0,3,4,9,0,12,6,3,2,1,3,d2:1;d4:1;d5:1
1337,8,True,7,0,1,2,1,0,1,2,2,1,1,2,d1:1;d2:1
1339,5,True,4,0,0,-1,0,0,-1,0,0,0,0,0,none
1341,12,True,11,0,1,5,2,0,3,6,3,2,1,3,d2:1;d4:1;d5:1
1343,16,True,15,0,4,2,2,0,5,8,5,1,4,2,d1:1;d3:1;d4:1;d6:1;d8:1
1345,20,True,19,0,3,15,9,0,11,6,3,2,1,3,d2:1;d4:1;d5:1
1347,13,True,12,0,1,10,1,0,9,3,2,1,1,2,d2:1;d3:1
1349,18,True,17,0,3,13,9,0,9,6,3,2,1,3,d2:1;d4:1;d5:1
1351,27,True,26,0,5,1,13,0,18,6,3,2,1,3,d2:1;d4:1;d5:1
1353,9,True,8,0,0,-1,0,0,-1,0,0,0,0,0,none
1355,18,True,17,0,3,13,9,0,9,6,3,2,1,3,d2:1;d4:1;d5:1
1357,11,True,10,0,3,3,1,0,2,6,4,1,3,2,d1:1;d2:1;d4:1;d6:1
1359,15,True,14,0,1,12,1,0,11,3,2,1,1,2,d2:1;d3:1
1361,10,True,9,0,0,-1,0,0,-1,0,0,0,0,0,none
1363,12,True,11,0,4,3,2,0,1,8,5,1,4,2,d1:1;d3:1;d4:1;d6:1;d8:1
1365,2,True,1,0,0,-1,0,0,-1,0,0,0,0,0,none
1367,8,True,7,0,0,-1,0,0,-1,0,0,0,0,0,none
1369,8,True,7,0,0,-1,0,0,-1,0,0,0,0,0,none
1371,20,True,19,0,2,2,6,0,11,6,3,2,1,3,d2:1;d4:1;d5:1
1373,22,True,21,0,5,18,13,0,13,6,3,2,1,3,d2:1;d4:1;d5:1
1375,6,True,5,0,0,-1,0,0,-1,0,0,0,0,0,none
1377,28,True,27,0,4,3,12,0,19,6,3,2,1,3,d2:1;d4:1;d5:1
1379,21,True,20,0,4,16,12,0,12,6,3,2,1,3,d2:1;d4:1;d5:1
1381,21,True,20,0,4,16,12,0,12,6,3,2,1,3,d2:1;d4:1;d5:1
1383,15,True,14,0,4,2,3,0,4,3,2,1,1,2,d1:1;d3:1
1385,13,True,12,0,1,7,1,0,6,2,2,1,1,2,d1:1;d2:1
1387,14,True,13,0,1,8,1,0,7,2,2,1,1,2,d1:1;d2:1
1389,21,True,20,0,5,3,13,0,12,6,3,2,1,3,d2:1;d4:1;d5:1
1391,19,True,18,0,2,1,6,0,3,2,2,1,1,2,d1:1;d2:1
1393,8,True,7,0,1,5,1,0,4,3,2,1,1,2,d2:1;d3:1
1395,22,True,21,0,4,17,12,0,13,6,3,2,1,3,d2:1;d4:1;d5:1
1397,7,True,6,0,1,4,1,0,3,3,2,1,1,2,d2:1;d3:1
1399,13,True,12,0,0,-1,0,0,-1,0,0,0,0,0,none
1401,18,True,17,0,4,4,2,0,9,7,5,1,4,2,d1:1;d2:1;d4:1;d6:1;d7:1
1403,22,True,21,0,4,17,12,0,13,6,3,2,1,3,d2:1;d4:1;d5:1
1405,13,True,12,0,2,8,6,0,4,6,3,2,1,3,d2:1;d4:1;d5:1
1407,25,True,24,0,5,16,16,0,8,3,2,1,1,2,d1:1;d3:1
1409,15,True,14,0,1,8,2,0,6,6,3,2,1,3,d2:1;d4:1;d5:1
1411,7,True,6,0,1,4,1,0,3,3,2,1,1,2,d2:1;d3:1
1413,21,True,20,0,3,3,9,0,12,6,3,2,1,3,d2:1;d4:1;d5:1
1415,6,True,5,0,1,1,1,0,0,3,2,1,1,2,d1:1;d3:1
1417,16,True,15,0,1,13,1,0,12,3,2,1,1,2,d2:1;d3:1
1419,20,True,19,0,3,15,9,0,11,6,3,2,1,3,d2:1;d4:1;d5:1
1421,8,True,7,0,0,-1,0,0,-1,0,0,0,0,0,none
1423,12,True,11,0,4,5,2,0,3,7,5,1,4,2,d1:1;d2:1;d4:1;d6:1;d7:1
1425,7,True,6,0,0,-1,0,0,-1,0,0,0,0,0,none
1427,5,True,4,0,0,-1,0,0,-1,0,0,0,0,0,none
1429,7,True,6,0,0,-1,0,0,-1,0,0,0,0,0,none
1431,3,True,2,0,0,-1,0,0,-1,0,0,0,0,0,none
1433,5,True,4,0,0,-1,0,0,-1,0,0,0,0,0,none
1435,14,True,13,0,4,5,2,0,3,8,5,1,4,2,d1:1;d3:1;d4:1;d6:1;d8:1
1437,10,True,9,0,0,-1,0,0,-1,0,0,0,0,0,none
1439,21,True,20,0,3,4,9,0,2,3,2,1,1,2,d1:1;d3:1
1441,27,True,26,0,5,23,13,0,18,6,3,2,1,3,d2:1;d4:1;d5:1
1443,10,True,9,0,1,7,1,0,6,3,2,1,1,2,d2:1;d3:1
1445,9,True,8,0,1,6,1,0,5,3,2,1,1,2,d2:1;d3:1
1447,10,True,9,0,1,2,2,0,0,3,2,1,1,2,d1:1;d3:1
1449,23,True,22,0,5,19,13,0,14,6,3,2,1,3,d2:1;d4:1;d5:1
1451,24,True,23,0,4,19,12,0,15,6,3,2,1,3,d2:1;d4:1;d5:1
1453,12,True,11,0,1,9,1,0,8,3,2,1,1,2,d2:1;d3:1
1455,23,True,22,0,4,1,12,0,14,6,3,2,1,3,d2:1;d4:1;d5:1
1457,9,True,8,0,0,-1,0,0,-1,0,0,0,0,0,none
1459,8,True,7,0,0,-1,0,0,-1,0,0,0,0,0,none
1461,16,True,15,0,3,11,9,0,7,6,3,2,1,3,d2:1;d4:1;d5:1
1463,22,True,21,0,5,18,13,0,13,6,3,2,1,3,d2:1;d4:1;d5:1
1465,8,True,7,0,0,-1,0,0,-1,0,0,0,0,0,none
1467,25,True,24,0,4,20,12,0,16,6,3,2,1,3,d2:1;d4:1;d5:1
1469,9,True,8,0,1,6,1,0,5,3,2,1,1,2,d2:1;d3:1
1471,27,True,26,0,5,6,9,0,1,6,3,1,2,2,d1:1;d3:1;d5:1
1473,17,True,16,0,2,12,6,0,8,6,3,2,1,3,d2:1;d4:1;d5:1
1475,23,True,22,0,4,4,12,0,14,6,3,2,1,3,d2:1;d4:1;d5:1
1477,5,True,4,0,0,-1,0,0,-1,0,0,0,0,0,none
1479,16,True,15,0,2,1,6,0,7,6,3,2,1,3,d2:1;d4:1;d5:1
1481,7,True,6,0,0,-1,0,0,-1,0,0,0,0,0,none
1483,24,True,23,0,3,4,9,0,15,6,3,2,1,3,d2:1;d4:1;d5:1
1485,11,True,10,0,1,5,1,0,4,2,2,1,1,2,d1:1;d2:1
1487,17,True,16,0,2,6,5,0,8,4,3,1,2,2,d1:1;d3:1;d4:1
1489,10,True,9,0,1,4,1,0,3,2,2,1,1,2,d1:1;d2:1
1491,18,True,17,0,1,4,3,0,1,3,2,1,1,2,d1:1;d3:1
1493,4,True,3,0,0,-1,0,0,-1,0,0,0,0,0,none
1495,9,True,8,0,0,-1,0,0,-1,0,0,0,0,0,none
1497,9,True,8,0,0,-1,0,0,-1,0,0,0,0,0,none
1499,9,True,8,0,0,-1,0,0,-1,0,0,0,0,0,none
1501,10,True,9,0,0,-1,0,0,-1,0,0,0,0,0,none
1503,20,True,19,0,3,3,9,0,11,6,3,2,1,3,d2:1;d4:1;d5:1
1505,7,True,6,0,1,3,1,0,2,4,3,2,1,3,d1:1;d2:1;d4:1
1507,4,True,3,0,0,-1,0,0,-1,0,0,0,0,0,none
1509,11,True,10,0,1,4,2,0,2,6,3,2,1,3,d2:1;d4:1;d5:1
1511,16,True,15,0,4,2,2,0,5,8,5,1,4,2,d1:1;d3:1;d4:1;d6:1;d8:1
1513,13,True,12,0,1,3,2,0,1,4,2,1,1,2,d1:1;d3:1
1515,23,True,22,0,3,6,9,0,2,8,5,2,3,3,d1:1;d2:1;d4:1;d6:1;d7:1
1517,13,True,12,0,1,10,1,0,9,3,2,1,1,2,d2:1;d3:1
1519,27,True,26,0,5,3,13,0,18,6,3,2,1,3,d2:1;d4:1;d5:1
1521,19,True,18,0,3,14,9,0,10,6,3,2,1,3,d2:1;d4:1;d5:1
1523,8,True,7,0,0,-1,0,0,-1,0,0,0,0,0,none
1525,17,True,16,0,3,12,9,0,8,6,3,2,1,3,d2:1;d4:1;d5:1
1527,26,True,25,0,4,4,12,0,17,6,3,2,1,3,d2:1;d4:1;d5:1
1529,15,True,14,0,1,12,1,0,11,3,2,1,1,2,d2:1;d3:1
1531,13,True,12,0,1,10,1,0,9,3,2,1,1,2,d2:1;d3:1
1533,9,True,8,0,0,-1,0,0,-1,0,0,0,0,0,none
1535,10,True,9,0,2,1,1,0,0,9,5,3,2,4,d2:1;d4:1;d5:1;d7:1;d9:1
1537,26,True,25,0,5,8,13,0,17,6,3,2,1,3,d2:1;d4:1;d5:1
1539,7,True,6,0,0,-1,0,0,-1,0,0,0,0,0,none
1541,7,True,6,0,0,-1,0,0,-1,0,0,0,0,0,none
1543,19,True,18,0,2,1,6,0,10,6,3,2,1,3,d2:1;d4:1;d5:1
1545,11,True,10,0,1,4,1,0,3,4,2,1,1,2,d2:1;d4:1
1547,7,True,6,0,0,-1,0,0,-1,0,0,0,0,0,none
1549,21,True,20,0,5,17,13,0,12,6,3,2,1,3,d2:1;d4:1;d5:1
1551,25,True,24,0,4,2,12,0,16,6,3,2,1,3,d2:1;d4:1;d5:1
1553,21,True,20,0,5,17,13,0,12,6,3,2,1,3,d2:1;d4:1;d5:1
1555,7,True,6,0,0,-1,0,0,-1,0,0,0,0,0,none
1557,20,True,19,0,4,15,12,0,11,6,3,2,1,3,d2:1;d4:1;d5:1
1559,12,True,11,0,1,6,1,0,5,2,2,1,1,2,d1:1;d2:1
1561,13,True,12,0,1,7,1,0,6,2,2,1,1,2,d1:1;d2:1
1563,25,True,24,0,3,2,9,0,16,6,3,2,1,3,d2:1;d4:1;d5:1
1565,20,True,19,0,5,16,13,0,11,6,3,2,1,3,d2:1;d4:1;d5:1
1567,12,True,11,0,2,3,3,0,0,5,3,1,2,2,d1:1;d3:1;d5:1
1569,8,True,7,0,0,-1,0,0,-1,0,0,0,0,0,none
1571,20,True,19,0,4,15,12,0,11,6,3,2,1,3,d2:1;d4:1;d5:1
1573,12,True,11,0,0,-1,0,0,-1,0,0,0,0,0,none
1575,11,True,10,0,1,1,1,0,0,3,2,1,1,2,d1:1;d3:1
1577,17,True,16,0,4,3,2,0,8,7,5,1,4,2,d1:1;d2:1;d4:1;d6:1;d7:1
1579,21,True,20,0,4,16,12,0,12,6,3,2,1,3,d2:1;d4:1;d5:1
1581,14,True,13,0,2,9,6,0,5,6,3,2,1,3,d2:1;d4:1;d5:1
1583,26,True,25,0,5,17,17,0,9,3,2,1,1,2,d1:1;d3:1
1585,13,True,12,0,2,8,6,0,4,6,3,2,1,3,d2:1;d4:1;d5:1
1587,13,True,12,0,1,6,2,0,4,6,3,2,1,3,d2:1;d4:1;d5:1
1589,6,True,5,0,1,3,1,0,2,3,2,1,1,2,d2:1;d3:1
1591,17,True,16,0,4,3,2,0,6,8,5,1,4,2,d1:1;d3:1;d4:1;d6:1;d8:1
1593,22,True,21,0,3,17,9,0,13,6,3,2,1,3,d2:1;d4:1;d5:1
1595,15,True,14,0,1,12,1,0,11,3,2,1,1,2,d2:1;d3:1
1597,19,True,18,0,3,14,9,0,10,6,3,2,1,3,d2:1;d4:1;d5:1
1599,13,True,12,0,1,10,1,0,9,3,2,1,1,2,d2:1;d3:1
1601,13,True,12,0,4,6,2,0,4,7,5,1,4,2,d1:1;d2:1;d4:1;d6:1;d7:1
1603,11,True,10,0,4,4,2,0,2,7,5,1,4,2,d1:1;d2:1;d4:1;d6:1;d7:1
1605,5,True,4,0,0,-1,0,0,-1,0,0,0,0,0,none
1607,29,True,28,0,4,1,12,0,20,6,3,2,1,3,d2:1;d4:1;d5:1
1609,17,True,16,0,1,5,3,0,2,2,2,1,1,2,d1:1;d2:1
1611,4,True,3,0,0,-1,0,0,-1,0,0,0,0,0,none
1613,4,True,3,0,0,-1,0,0,-1,0,0,0,0,0,none
1615,13,True,12,0,4,4,2,0,2,8,5,1,4,2,d1:1;d3:1;d4:1;d6:1;d8:1
1617,11,True,10,0,1,4,2,0,2,3,2,1,1,2,d2:1;d3:1
1619,9,True,8,0,0,-1,0,0,-1,0,0,0,0,0,none
1621,6,True,5,0,0,-1,0,0,-1,0,0,0,0,0,none
1623,24,True,23,0,5,20,13,0,15,6,3,2,1,3,d2:1;d4:1;d5:1
1625,23,True,22,0,5,19,13,0,14,6,3,2,1,3,d2:1;d4:1;d5:1
1627,13,True,12,0,1,2,1,0,1,3,2,1,1,2,d2:1;d3:1
1629,9,True,8,0,1,6,1,0,5,3,2,1,1,2,d2:1;d3:1
1631,22,True,21,0,5,18,13,0,13,6,3,2,1,3,d2:1;d4:1;d5:1
1633,23,True,22,0,4,18,12,0,14,6,3,2,1,3,d2:1;d4:1;d5:1
1635,9,True,8,0,1,6,1,0,5,3,2,1,1,2,d2:1;d3:1
1637,10,True,9,0,1,7,1,0,6,3,2,1,1,2,d2:1;d3:1
1639,16,True,15,0,4,3,3,0,5,3,2,1,1,2,d1:1;d3:1
1641,14,True,13,0,1,8,1,0,7,2,2,1,1,2,d1:1;d2:1
1643,16,True,15,0,1,10,1,0,9,2,2,1,1,2,d1:1;d2:1
1645,22,True,21,0,5,4,13,0,13,6,3,2,1,3,d2:1;d4:1;d5:1
1647,21,True,20,0,4,2,12,0,12,6,3,2,1,3,d2:1;d4:1;d5:1
1649,7,True,6,0,0,-1,0,0,-1,0,0,0,0,0,none
1651,24,True,23,0,4,19,12,0,15,6,3,2,1,3,d2:1;d4:1;d5:1
1653,15,True,14,0,2,3,6,0,6,6,3,2,1,3,d2:1;d4:1;d5:1
1655,8,True,7,0,1,5,1,0,4,3,2,1,1,2,d2:1;d3:1
1657,15,True,14,0,0,-1,0,0,-1,0,0,0,0,0,none
1659,9,True,8,0,1,2,1,0,1,2,2,1,1,2,d1:1;d2:1
1661,23,True,22,0,4,4,12,0,14,6,3,2,1,3,d2:1;d4:1;d5:1
1663,12,True,11,0,4,3,3,0,1,3,2,1,1,2,d1:1;d3:1
1665,29,True,28,0,6,20,17,0,12,3,2,1,1,2,d1:1;d3:1
1667,6,True,5,0,0,-1,0,0,-1,0,0,0,0,0,none
1669,23,True,22,0,3,3,9,0,14,6,3,2,1,3,d2:1;d4:1;d5:1
1671,9,True,8,0,1,1,1,0,0,3,2,1,1,2,d1:1;d3:1
1673,17,True,16,0,2,6,5,0,8,4,3,1,2,2,d1:1;d3:1;d4:1
1675,22,True,21,0,3,4,9,0,13,6,3,2,1,3,d2:1;d4:1;d5:1
1677,9,True,8,0,1,3,1,0,2,2,2,1,1,2,d1:1;d2:1
1679,16,True,15,0,1,13,1,0,12,3,2,1,1,2,d2:1;d3:1
1681,10,True,9,0,0,-1,0,0,-1,0,0,0,0,0,none
1683,9,True,8,0,0,-1,0,0,-1,0,0,0,0,0,none
1685,8,True,7,0,0,-1,0,0,-1,0,0,0,0,0,none
1687,8,True,7,0,0,-1,0,0,-1,0,0,0,0,0,none
1689,7,True,6,0,0,-1,0,0,-1,0,0,0,0,0,none
1691,20,True,19,0,3,3,9,0,11,6,3,2,1,3,d2:1;d4:1;d5:1
1693,6,True,5,0,0,-1,0,0,-1,0,0,0,0,0,none
1695,31,True,30,0,4,7,12,0,22,6,3,2,1,3,d2:1;d4:1;d5:1
1697,7,True,6,0,1,3,1,0,2,2,2,1,1,2,d1:1;d2:1
1699,10,True,9,0,2,5,4,0,1,4,3,1,2,2,d1:1;d3:1;d4:1
1701,10,True,9,0,1,3,2,0,1,6,3,2,1,3,d2:1;d4:1;d5:1
1703,12,True,11,0,1,2,2,0,0,3,2,1,1,2,d1:1;d3:1
1705,22,True,21,0,3,5,9,0,1,8,5,2,3,3,d1:1;d2:1;d4:1;d6:1;d7:1
1707,29,True,28,0,5,25,13,0,20,6,3,2,1,3,d2:1;d4:1;d5:1
1709,12,True,11,0,1,9,1,0,8,3,2,1,1,2,d2:1;d3:1
1711,25,True,24,0,5,1,13,0,16,6,3,2,1,3,d2:1;d4:1;d5:1
1713,8,True,7,0,0,-1,0,0,-1,0,0,0,0,0,none
1715,7,True,6,0,0,-1,0,0,-1,0,0,0,0,0,none
1717,18,True,17,0,3,13,9,0,9,6,3,2,1,3,d2:1;d4:1;d5:1
1719,25,True,24,0,4,20,12,0,16,6,3,2,1,3,d2:1;d4:1;d5:1
1721,14,True,13,0,1,11,1,0,10,3,2,1,1,2,d2:1;d3:1
1723,12,True,11,0,1,9,1,0,8,3,2,1,1,2,d2:1;d3:1
1725,10,True,9,0,1,2,1,0,1,3,2,1,1,2,d1:1;d2:1
1727,11,True,10,0,3,2,2,0,0,6,4,1,3,2,d1:1;d3:1;d4:1;d6:1
1729,19,True,18,0,3,14,9,0,10,6,3,2,1,3,d2:1;d4:1;d5:1
1731,23,True,22,0,5,5,13,0,14,6,3,2,1,3,d2:1;d4:1;d5:1
1733,6,True,5,0,0,-1,0,0,-1,0,0,0,0,0,none
1735,17,True,16,0,3,2,9,0,8,6,3,2,1,3,d2:1;d4:1;d5:1
1737,17,True,16,0,2,5,6,0,8,6,3,2,1,3,d2:1;d4:1;d5:1
1739,10,True,9,0,1,3,1,0,2,4,2,1,1,2,d2:1;d4:1
1741,6,True,5,0,0,-1,0,0,-1,0,0,0,0,0,none
1743,28,True,27,0,5,7,9,0,2,6,3,1,2,2,d1:1;d3:1;d5:1
1745,26,True,25,0,4,3,12,0,17,6,3,2,1,3,d2:1;d4:1;d5:1
1747,24,True,23,0,4,5,12,0,15,6,3,2,1,3,d2:1;d4:1;d5:1
1749,19,True,18,0,5,15,13,0,10,6,3,2,1,3,d2:1;d4:1;d5:1
1751,5,True,4,0,0,-1,0,0,-1,0,0,0,0,0,none
1753,12,True,11,0,1,6,1,0,5,2,2,1,1,2,d1:1;d2:1
1755,8,True,7,0,0,-1,0,0,-1,0,0,0,0,0,none
1757,12,True,11,0,1,6,1,0,5,2,2,1,1,2,d1:1;d2:1
1759,24,True,23,0,3,1,9,0,15,6,3,2,1,3,d2:1;d4:1;d5:1
1761,19,True,18,0,2,8,6,0,3,2,2,1,1,2,d1:1;d2:1
1763,18,True,17,0,5,14,13,0,9,6,3,2,1,3,d2:1;d4:1;d5:1
1765,6,True,5,0,0,-1,0,0,-1,0,0,0,0,0,none
1767,27,True,26,0,3,5,9,0,18,6,3,2,1,3,d2:1;d4:1;d5:1
1769,12,True,11,0,1,3,2,0,1,4,2,1,1,2,d2:1;d3:1
1771,11,True,10,0,0,-1,0,0,-1,0,0,0,0,0,none
1773,12,True,11,0,0,-1,0,0,-1,0,0,0,0,0,none
1775,16,True,15,0,4,2,2,0,7,7,5,1,4,2,d1:1;d2:1;d4:1;d6:1;d7:1
1777,20,True,19,0,4,15,12,0,11,6,3,2,1,3,d2:1;d4:1;d5:1
1779,22,True,21,0,3,5,9,0,3,4,3,1,2,2,d1:1;d3:1;d4:1
1781,12,True,11,0,2,7,6,0,3,6,3,2,1,3,d2:1;d4:1;d5:1
1783,8,True,7,0,1,4,1,0,3,4,3,2,1,3,d1:1;d2:1;d4:1
1785,6,True,5,0,0,-1,0,0,-1,0,0,0,0,0,none
1787,8,True,7,0,1,2,1,0,1,2,2,1,1,2,d1:1;d2:1
1789,17,True,16,0,4,5,4,0,6,8,5,1,4,2,d1:1;d3:1;d4:1;d6:1;d8:1
1791,16,True,15,0,4,2,2,0,0,8,5,1,4,2,d1:1;d3:1;d5:1;d6:1;d8:1
1793,21,True,20,0,3,16,9,0,12,6,3,2,1,3,d2:1;d4:1;d5:1
1795,14,True,13,0,1,11,1,0,10,3,2,1,1,2,d2:1;d3:1
1797,19,True,18,0,3,14,9,0,10,6,3,2,1,3,d2:1;d4:1;d5:1
1799,14,True,13,0,1,1,1,0,0,3,2,1,1,2,d1:1;d3:1
1801,28,True,27,0,5,2,13,0,19,6,3,2,1,3,d2:1;d4:1;d5:1
1803,10,True,9,0,0,-1,0,0,-1,0,0,0,0,0,none
1805,11,True,10,0,4,4,2,0,2,7,5,1,4,2,d1:1;d2:1;d4:1;d6:1;d7:1
1807,17,True,16,0,3,12,9,0,8,6,3,2,1,3,d2:1;d4:1;d5:1
1809,12,True,11,0,3,4,1,0,3,6,4,1,3,2,d1:1;d2:1;d4:1;d6:1
1811,16,True,15,0,1,4,3,0,1,2,2,1,1,2,d1:1;d2:1
1813,3,True,2,0,0,-1,0,0,-1,0,0,0,0,0,none
1815,9,True,8,0,0,-1,0,0,-1,0,0,0,0,0,none
1817,13,True,12,0,4,4,2,0,2,8,5,1,4,2,d1:1;d3:1;d4:1;d6:1;d8:1
1819,29,True,28,0,7,15,14,0,3,6,3,1,2,2,d1:1;d3:1;d5:1
1821,10,True,9,0,0,-1,0,0,-1,0,0,0,0,0,none
1823,25,True,24,0,5,2,13,0,16,6,3,2,1,3,d2:1;d4:1;d5:1
1825,9,True,8,0,0,-1,0,0,-1,0,0,0,0,0,none
1827,23,True,22,0,5,19,13,0,14,6,3,2,1,3,d2:1;d4:1;d5:1
1829,22,True,21,0,5,18,13,0,13,6,3,2,1,3,d2:1;d4:1;d5:1
1831,12,True,11,0,1,1,1,0,0,3,2,1,1,2,d2:1;d3:1
1833,7,True,6,0,0,-1,0,0,-1,0,0,0,0,0,none
1835,23,True,22,0,5,1,13,0,14,6,3,2,1,3,d2:1;d4:1;d5:1
1837,23,True,22,0,4,18,12,0,14,6,3,2,1,3,d2:1;d4:1;d5:1
1839,26,True,25,0,4,2,12,0,17,6,3,2,1,3,d2:1;d4:1;d5:1
1841,22,True,21,0,4,17,12,0,13,6,3,2,1,3,d2:1;d4:1;d5:1
1843,22,True,21,0,4,17,12,0,13,6,3,2,1,3,d2:1;d4:1;d5:1
1845,9,True,8,0,1,6,1,0,5,3,2,1,1,2,d2:1;d3:1
1847,13,True,12,0,1,7,1,0,6,2,2,1,1,2,d1:1;d2:1
1849,15,True,14,0,1,9,1,0,8,2,2,1,1,2,d1:1;d2:1
1851,21,True,20,0,4,1,12,0,12,6,3,2,1,3,d2:1;d4:1;d5:1
1853,21,True,20,0,5,17,13,0,12,6,3,2,1,3,d2:1;d4:1;d5:1
1855,19,True,18,0,2,1,6,0,0,6,4,2,2,3,d1:1;d3:1;d5:1;d6:1
1857,9,True,8,0,1,6,1,0,5,3,2,1,1,2,d2:1;d3:1
1859,22,True,21,0,4,17,12,0,13,6,3,2,1,3,d2:1;d4:1;d5:1
1861,8,True,7,0,1,5,1,0,4,3,2,1,1,2,d2:1;d3:1
1863,14,True,13,0,1,2,2,0,0,3,2,1,1,2,d2:1;d3:1
1865,14,True,13,0,0,-1,0,0,-1,0,0,0,0,0,none
1867,8,True,7,0,1,1,1,0,0,2,2,1,1,2,d1:1;d2:1
1869,15,True,14,0,2,10,6,0,6,6,3,2,1,3,d2:1;d4:1;d5:1
1871,22,True,21,0,4,1,12,0,13,6,3,2,1,3,d2:1;d4:1;d5:1
1873,14,True,13,0,2,9,6,0,5,6,3,2,1,3,d2:1;d4:1;d5:1
1875,27,True,26,0,5,18,17,0,10,3,2,1,1,2,d1:1;d3:1
1877,5,True,4,0,0,-1,0,0,-1,0,0,0,0,0,none
1879,14,True,13,0,1,7,2,0,5,6,3,2,1,3,d2:1;d4:1;d5:1
1881,8,True,7,0,1,5,1,0,4,3,2,1,1,2,d2:1;d3:1
1883,16,True,15,0,2,5,5,0,7,4,3,1,2,2,d1:1;d3:1;d4:1
1885,21,True,20,0,3,3,9,0,12,6,3,2,1,3,d2:1;d4:1;d5:1
1887,5,True,4,0,1,2,1,0,1,3,2,1,1,2,d2:1;d3:1
1889,17,True,16,0,1,14,1,0,13,3,2,1,1,2,d2:1;d3:1
1891,8,True,7,0,0,-1,0,0,-1,0,0,0,0,0,none
1893,8,True,7,0,0,-1,0,0,-1,0,0,0,0,0,none
1895,30,True,29,0,5,4,13,0,21,6,3,2,1,3,d2:1;d4:1;d5:1
1897,13,True,12,0,4,6,2,0,4,7,5,1,4,2,d1:1;d2:1;d4:1;d6:1;d7:1
1899,13,True,12,0,4,1,2,0,4,7,5,1,4,2,d1:1;d2:1;d4:1;d6:1;d7:1
1901,6,True,5,0,0,-1,0,0,-1,0,0,0,0,0,none
1903,19,True,18,0,3,2,9,0,10,6,3,2,1,3,d2:1;d4:1;d5:1
1905,8,True,7,0,0,-1,0,0,-1,0,0,0,0,0,none
1907,5,True,4,0,0,-1,0,0,-1,0,0,0,0,0,none
1909,8,True,7,0,0,-1,0,0,-1,0,0,0,0,0,none
1911,5,True,4,0,0,-1,0,0,-1,0,0,0,0,0,none
1913,15,True,14,0,4,6,2,0,4,8,5,1,4,2,d1:1;d3:1;d4:1;d6:1;d8:1
1915,32,True,31,0,7,2,14,0,6,6,3,1,2,2,d1:1;d3:1;d5:1
1917,10,True,9,0,0,-1,0,0,-1,0,0,0,0,0,none
1919,21,True,20,0,3,4,9,0,0,7,5,2,3,3,d1:1;d2:1;d4:1;d6:1;d7:1
1921,28,True,27,0,5,24,13,0,19,6,3,2,1,3,d2:1;d4:1;d5:1
1923,11,True,10,0,1,8,1,0,7,3,2,1,1,2,d2:1;d3:1
1925,10,True,9,0,1,7,1,0,6,3,2,1,1,2,d2:1;d3:1
1927,11,True,10,0,1,1,1,0,0,3,2,1,1,2,d2:1;d3:1
1929,11,True,10,0,1,3,2,0,1,3,2,1,1,2,d1:1;d3:1
1931,25,True,24,0,5,1,13,0,16,6,3,2,1,3,d2:1;d4:1;d5:1
1933,6,True,5,0,0,-1,0,0,-1,0,0,0,0,0,none
1935,23,True,22,0,4,18,12,0,14,6,3,2,1,3,d2:1;d4:1;d5:1
1937,13,True,12,0,1,10,1,0,9,3,2,1,1,2,d2:1;d3:1
1939,11,True,10,0,1,8,1,0,7,3,2,1,1,2,d2:1;d3:1
1941,16,True,15,0,3,11,9,0,7,6,3,2,1,3,d2:1;d4:1;d5:1
1943,8,True,7,0,0,-1,0,0,-1,0,0,0,0,0,none
1945,9,True,8,0,0,-1,0,0,-1,0,0,0,0,0,none
1947,16,True,15,0,1,1,1,0,0,2,2,1,1,2,d1:1;d2:1
1949,23,True,22,0,5,19,13,0,14,6,3,2,1,3,d2:1;d4:1;d5:1
1951,28,True,27,0,3,5,9,0,19,6,3,2,1,3,d2:1;d4:1;d5:1
1953,9,True,8,0,0,-1,0,0,-1,0,0,0,0,0,none
1955,16,True,15,0,2,4,6,0,7,6,3,2,1,3,d2:1;d4:1;d5:1
1957,9,True,8,0,1,2,1,0,1,4,2,1,1,2,d2:1;d4:1
1959,14,True,13,0,2,5,5,0,3,3,2,1,1,2,d1:1;d3:1
1961,28,True,27,0,5,7,9,0,2,6,3,1,2,2,d1:1;d3:1;d5:1
1963,17,True,16,0,1,1,1,0,0,2,2,1,1,2,d1:1;d2:1
1965,25,True,24,0,4,6,12,0,16,6,3,2,1,3,d2:1;d4:1;d5:1
1967,16,True,15,0,2,1,6,0,0,4,3,1,2,2,d1:1;d3:1;d4:1
1969,6,True,5,0,0,-1,0,0,-1,0,0,0,0,0,none
1971,5,True,4,0,0,-1,0,0,-1,0,0,0,0,0,none
1973,11,True,10,0,1,5,1,0,4,2,2,1,1,2,d1:1;d2:1
1975,7,True,6,0,0,-1,0,0,-1,0,0,0,0,0,none
1977,25,True,24,0,3,5,9,0,16,6,3,2,1,3,d2:1;d4:1;d5:1
1979,24,True,23,0,3,1,9,0,15,6,3,2,1,3,d2:1;d4:1;d5:1
1981,18,True,17,0,2,7,6,0,2,3,2,1,1,2,d1:1;d2:1
1983,8,True,7,0,3,1,1,0,0,6,4,1,3,2,d1:1;d3:1;d5:1;d6:1
1985,11,True,10,0,1,5,1,0,4,2,2,1,1,2,d1:1;d2:1
1987,18,True,17,0,1,4,3,0,1,4,2,1,1,2,d1:1;d3:1
1989,5,True,4,0,0,-1,0,0,-1,0,0,0,0,0,none
1991,11,True,10,0,1,2,2,0,0,3,2,1,1,2,d2:1;d3:1
1993,10,True,9,0,0,-1,0,0,-1,0,0,0,0,0,none
1995,10,True,9,0,1,1,1,0,0,2,2,1,1,2,d1:1;d2:1
1997,11,True,10,0,0,-1,0,0,-1,0,0,0,0,0,none
1999,9,True,8,0,1,1,1,0,0,4,3,2,1,3,d1:1;d3:1;d4:1
2001,11,True,10,0,0,-1,0,0,-1,0,0,0,0,0,none
2003,21,True,20,0,3,4,9,0,12,6,3,2,1,3,d2:1;d4:1;d5:1
2005,18,True,17,0,4,13,12,0,9,6,3,2,1,3,d2:1;d4:1;d5:1
2007,6,True,5,0,1,2,1,0,1,4,3,2,1,3,d1:1;d2:1;d4:1
2009,5,True,4,0,0,-1,0,0,-1,0,0,0,0,0,none
2011,7,True,6,0,1,1,1,0,0,2,2,1,1,2,d1:1;d2:1
2013,12,True,11,0,1,5,2,0,3,6,3,2,1,3,d2:1;d4:1;d5:1
2015,16,True,15,0,4,2,2,0,5,8,5,1,4,2,d1:1;d3:1;d4:1;d6:1;d8:1
2017,14,True,13,0,1,4,2,0,2,4,2,1,1,2,d1:1;d3:1
2019,18,True,17,0,3,13,9,0,9,6,3,2,1,3,d2:1;d4:1;d5:1
2021,13,True,12,0,1,10,1,0,9,3,2,1,1,2,d2:1;d3:1
2023,29,True,28,0,5,1,13,0,20,6,3,2,1,3,d2:1;d4:1;d5:1
2025,28,True,27,0,5,4,13,0,19,6,3,2,1,3,d2:1;d4:1;d5:1
2027,27,True,26,0,5,1,13,0,18,6,3,2,1,3,d2:1;d4:1;d5:1
2029,9,True,8,0,0,-1,0,0,-1,0,0,0,0,0,none
2031,11,True,10,0,2,1,1,0,0,4,3,1,2,2,d1:1;d3:1;d4:1
2033,18,True,17,0,3,13,9,0,9,6,3,2,1,3,d2:1;d4:1;d5:1
2035,27,True,26,0,4,5,12,0,18,6,3,2,1,3,d2:1;d4:1;d5:1
2037,10,True,9,0,3,2,1,0,1,6,4,1,3,2,d1:1;d2:1;d4:1;d6:1
2039,15,True,14,0,1,12,1,0,11,3,2,1,1,2,d2:1;d3:1
2041,14,True,13,0,1,11,1,0,10,3,2,1,1,2,d2:1;d3:1
2043,25,True,24,0,4,3,12,0,16,6,3,2,1,3,d2:1;d4:1;d5:1
2045,12,True,11,0,4,3,2,0,1,8,5,1,4,2,d1:1;d3:1;d4:1;d6:1;d8:1
2047,28,True,27,0,7,14,14,0,2,6,3,1,2,2,d1:1;d3:1;d5:1
2049,27,True,26,0,5,9,13,0,18,6,3,2,1,3,d2:1;d4:1;d5:1
2051,8,True,7,0,0,-1,0,0,-1,0,0,0,0,0,none
2053,8,True,7,0,0,-1,0,0,-1,0,0,0,0,0,none
2055,7,True,6,0,0,-1,0,0,-1,0,0,0,0,0,none
2057,20,True,19,0,2,2,6,0,11,6,3,2,1,3,d2:1;d4:1;d5:1
2059,7,True,6,0,0,-1,0,0,-1,0,0,0,0,0,none
2061,22,True,21,0,5,18,13,0,13,6,3,2,1,3,d2:1;d4:1;d5:1
2063,6,True,5,0,0,-1,0,0,-1,0,0,0,0,0,none
2065,22,True,21,0,5,18,13,0,13,6,3,2,1,3,d2:1;d4:1;d5:1
2067,27,True,26,0,4,4,12,0,18,6,3,2,1,3,d2:1;d4:1;d5:1
2069,21,True,20,0,4,16,12,0,12,6,3,2,1,3,d2:1;d4:1;d5:1
2071,20,True,19,0,5,16,13,0,11,6,3,2,1,3,d2:1;d4:1;d5:1
2073,8,True,7,0,0,-1,0,0,-1,0,0,0,0,0,none
2075,15,True,14,0,4,2,3,0,4,3,2,1,1,2,d1:1;d3:1
2077,14,True,13,0,1,8,1,0,7,2,2,1,1,2,d1:1;d2:1
2079,10,True,9,0,1,2,2,0,0,5,2,1,1,2,d2:1;d4:1
2081,14,True,13,0,1,8,1,0,7,2,2,1,1,2,d1:1;d2:1
2083,20,True,19,0,4,15,12,0,11,6,3,2,1,3,d2:1;d4:1;d5:1
2085,20,True,19,0,5,2,13,0,11,6,3,2,1,3,d2:1;d4:1;d5:1
2087,19,True,18,0,2,8,6,0,3,2,2,1,1,2,d1:1;d2:1
2089,13,True,12,0,2,4,3,0,1,5,3,1,2,2,d1:1;d3:1;d5:1
2091,8,True,7,0,0,-1,0,0,-1,0,0,0,0,0,none
2093,22,True,21,0,4,17,12,0,13,6,3,2,1,3,d2:1;d4:1;d5:1
2095,20,True,19,0,1,1,1,0,0,4,2,1,1,2,d1:1;d3:1
2097,13,True,12,0,0,-1,0,0,-1,0,0,0,0,0,none
2099,13,True,12,0,0,-1,0,0,-1,0,0,0,0,0,none
2101,7,True,6,0,1,4,1,0,3,3,2,1,1,2,d2:1;d3:1
2103,17,True,16,0,4,3,2,0,8,7,5,1,4,2,d1:1;d2:1;d4:1;d6:1;d7:1
2105,22,True,21,0,4,17,12,0,13,6,3,2,1,3,d2:1;d4:1;d5:1
2107,23,True,22,0,3,6,9,0,4,4,3,1,2,2,d1:1;d3:1;d4:1
2109,13,True,12,0,2,8,6,0,4,6,3,2,1,3,d2:1;d4:1;d5:1
2111,25,True,24,0,4,5,9,0,8,3,2,1,1,2,d1:1;d3:1
2113,14,True,13,0,2,9,6,0,5,6,3,2,1,3,d2:1;d4:1;d5:1
2115,13,True,12,0,1,6,2,0,4,6,3,2,1,3,d2:1;d4:1;d5:1
2117,7,True,6,0,1,4,1,0,3,3,2,1,1,2,d2:1;d3:1
2119,15,True,14,0,2,10,4,0,6,4,3,1,2,2,d1:1;d3:1;d4:1
2121,18,True,17,0,4,4,2,0,7,8,5,1,4,2,d1:1;d3:1;d4:1;d6:1;d8:1
2123,6,True,5,0,1,3,1,0,2,3,2,1,1,2,d2:1;d3:1
2125,21,True,20,0,3,16,9,0,12,6,3,2,1,3,d2:1;d4:1;d5:1
2127,15,True,14,0,1,12,1,0,11,3,2,1,1,2,d2:1;d3:1
2129,20,True,19,0,3,15,9,0,11,6,3,2,1,3,d2:1;d4:1;d5:1
2131,15,True,14,0,1,2,1,0,1,4,2,1,1,2,d1:1;d3:1
2133,7,True,6,0,0,-1,0,0,-1,0,0,0,0,0,none
2135,12,True,11,0,4,5,2,0,3,7,5,1,4,2,d1:1;d2:1;d4:1;d6:1;d7:1
2137,12,True,11,0,4,5,2,0,3,7,5,1,4,2,d1:1;d2:1;d4:1;d6:1;d7:1
2139,13,True,12,0,1,3,1,0,2,5,3,2,1,3,d2:1;d4:1;d5:1
2141,5,True,4,0,0,-1,0,0,-1,0,0,0,0,0,none
2143,28,True,27,0,4,6,12,0,19,6,3,2,1,3,d2:1;d4:1;d5:1
2145,18,True,17,0,1,6,3,0,3,2,2,1,1,2,d1:1;d2:1
2147,3,True,2,0,0,-1,0,0,-1,0,0,0,0,0,none
2149,4,True,3,0,0,-1,0,0,-1,0,0,0,0,0,none
2151,21,True,20,0,4,11,10,0,4,4,2,1,1,2,d1:1;d3:1
2153,14,True,13,0,4,5,2,0,3,8,5,1,4,2,d1:1;d3:1;d4:1;d6:1;d8:1
2155,31,True,30,0,7,17,14,0,5,6,3,1,2,2,d1:1;d3:1;d5:1
2157,10,True,9,0,0,-1,0,0,-1,0,0,0,0,0,none
2159,21,True,20,0,3,3,9,0,12,6,3,2,1,3,d2:1;d4:1;d5:1
2161,7,True,6,0,0,-1,0,0,-1,0,0,0,0,0,none
2163,26,True,25,0,5,22,13,0,17,6,3,2,1,3,d2:1;d4:1;d5:1
2165,10,True,9,0,1,7,1,0,6,3,2,1,1,2,d2:1;d3:1
2167,23,True,22,0,5,19,13,0,14,6,3,2,1,3,d2:1;d4:1;d5:1
2169,14,True,13,0,1,3,1,0,2,3,2,1,1,2,d2:1;d3:1
2171,10,True,9,0,0,-1,0,0,-1,0,0,0,0,0,none
2173,24,True,23,0,5,3,13,0,15,6,3,2,1,3,d2:1;d4:1;d5:1
2175,12,True,11,0,3,3,3,0,0,7,4,1,3,2,d1:1;d3:1;d4:1;d6:1
2177,24,True,23,0,4,19,12,0,15,6,3,2,1,3,d2:1;d4:1;d5:1
2179,10,True,9,0,1,7,1,0,6,3,2,1,1,2,d2:1;d3:1
2181,11,True,10,0,1,8,1,0,7,3,2,1,1,2,d2:1;d3:1
2183,23,True,22,0,4,18,12,0,14,6,3,2,1,3,d2:1;d4:1;d5:1
2185,17,True,16,0,4,4,3,0,6,3,2,1,1,2,d1:1;d3:1
2187,15,True,14,0,1,3,1,0,2,2,2,1,1,2,d1:1;d2:1
2189,8,True,7,0,0,-1,0,0,-1,0,0,0,0,0,none
2191,15,True,14,0,1,9,1,0,8,2,2,1,1,2,d1:1;d2:1
2193,23,True,22,0,5,5,13,0,14,6,3,2,1,3,d2:1;d4:1;d5:1
2195,22,True,21,0,5,18,13,0,13,6,3,2,1,3,d2:1;d4:1;d5:1
2197,15,True,14,0,3,10,9,0,6,6,3,2,1,3,d2:1;d4:1;d5:1
2199,6,True,5,0,0,-1,0,0,-1,0,0,0,0,0,none
2201,25,True,24,0,4,20,12,0,16,6,3,2,1,3,d2:1;d4:1;d5:1
2203,10,True,9,0,1,2,1,0,1,4,2,1,1,2,d2:1;d3:1
2205,9,True,8,0,1,6,1,0,5,3,2,1,1,2,d2:1;d3:1
2207,27,True,26,0,4,5,9,0,1,6,3,1,2,2,d1:1;d3:1;d5:1
2209,16,True,15,0,0,-1,0,0,-1,0,0,0,0,0,none
2211,15,True,14,0,2,10,6,0,6,6,3,2,1,3,d2:1;d4:1;d5:1
2213,23,True,22,0,4,4,12,0,14,6,3,2,1,3,d2:1;d4:1;d5:1
2215,22,True,21,0,4,9,8,0,5,6,4,2,2,3,d1:1;d3:1;d5:1;d6:1
2217,13,True,12,0,4,4,3,0,2,3,2,1,1,2,d1:1;d3:1
2219,16,True,15,0,2,11,6,0,7,6,3,2,1,3,d2:1;d4:1;d5:1
2221,8,True,7,0,0,-1,0,0,-1,0,0,0,0,0,none
2223,27,True,26,0,4,1,9,0,10,3,2,1,1,2,d1:1;d3:1
2225,24,True,23,0,3,4,9,0,15,6,3,2,1,3,d2:1;d4:1;d5:1
2227,23,True,22,0,3,3,9,0,14,6,3,2,1,3,d2:1;d4:1;d5:1
2229,10,True,9,0,1,4,1,0,3,2,2,1,1,2,d1:1;d2:1
2231,17,True,16,0,2,6,5,0,8,4,3,1,2,2,d1:1;d3:1;d4:1
2233,23,True,22,0,3,5,9,0,14,6,3,2,1,3,d2:1;d4:1;d5:1
2235,8,True,7,0,1,3,1,0,2,3,2,1,1,2,d1:1;d3:1
2237,18,True,17,0,1,4,3,0,1,3,2,1,1,2,d1:1;d3:1
2239,21,True,20,0,3,1,9,0,12,6,3,2,1,3,d2:1;d4:1;d5:1
2241,11,True,10,0,0,-1,0,0,-1,0,0,0,0,0,none
2243,9,True,8,0,0,-1,0,0,-1,0,0,0,0,0,none
2245,9,True,8,0,0,-1,0,0,-1,0,0,0,0,0,none
2247,16,True,15,0,4,9,2,0,7,7,5,1,4,2,d1:1;d2:1;d4:1;d6:1;d7:1
2249,9,True,8,0,0,-1,0,0,-1,0,0,0,0,0,none
2251,7,True,6,0,1,3,1,0,2,2,2,1,1,2,d1:1;d2:1
2253,10,True,9,0,0,-1,0,0,-1,0,0,0,0,0,none
2255,20,True,19,0,3,2,9,0,11,6,3,2,1,3,d2:1;d4:1;d5:1
2257,7,True,6,0,0,-1,0,0,-1,0,0,0,0,0,none
2259,6,True,5,0,0,-1,0,0,-1,0,0,0,0,0,none
2261,4,True,3,0,0,-1,0,0,-1,0,0,0,0,0,none
2263,6,True,5,0,1,2,1,0,1,2,2,1,1,2,d1:1;d2:1
2265,11,True,10,0,2,6,4,0,2,4,3,1,2,2,d1:1;d3:1;d4:1
2267,16,True,15,0,4,7,2,0,5,8,5,1,4,2,d1:1;d3:1;d4:1;d6:1;d8:1
2269,11,True,10,0,1,4,2,0,2,5,3,2,1,3,d2:1;d4:1;d5:1
2271,12,True,11,0,1,1,2,0,0,5,3,2,1,3,d1:1;d2:1;d4:1
2273,23,True,22,0,3,6,9,0,2,8,5,2,3,3,d1:1;d2:1;d4:1;d6:1;d7:1
2275,3,True,2,0,0,-1,0,0,-1,0,0,0,0,0,none
2277,12,True,11,0,1,9,1,0,8,3,2,1,1,2,d2:1;d3:1
2279,27,True,26,0,5,2,13,0,18,6,3,2,1,3,d2:1;d4:1;d5:1
2281,26,True,25,0,5,2,13,0,17,6,3,2,1,3,d2:1;d4:1;d5:1
2283,13,True,12,0,1,3,1,0,2,3,2,1,1,2,d2:1;d3:1
2285,8,True,7,0,0,-1,0,0,-1,0,0,0,0,0,none
2287,19,True,18,0,4,9,9,0,2,3,2,1,1,2,d1:1;d3:1
2289,19,True,18,0,3,14,9,0,10,6,3,2,1,3,d2:1;d4:1;d5:1
2291,26,True,25,0,4,4,12,0,17,6,3,2,1,3,d2:1;d4:1;d5:1
2293,17,True,16,0,3,12,9,0,8,6,3,2,1,3,d2:1;d4:1;d5:1
2295,14,True,13,0,1,11,1,0,10,3,2,1,1,2,d2:1;d3:1
2297,13,True,12,0,1,10,1,0,9,3,2,1,1,2,d2:1;d3:1
2299,24,True,23,0,4,19,12,0,15,6,3,2,1,3,d2:1;d4:1;d5:1
2301,9,True,8,0,0,-1,0,0,-1,0,0,0,0,0,none
2303,10,True,9,0,1,1,1,0,0,8,4,3,1,4,d2:1;d4:1;d5:1;d7:1
2305,20,True,19,0,3,15,9,0,11,6,3,2,1,3,d2:1;d4:1;d5:1
2307,24,True,23,0,5,6,13,0,15,6,3,2,1,3,d2:1;d4:1;d5:1
2309,7,True,6,0,0,-1,0,0,-1,0,0,0,0,0,none
2311,24,True,23,0,5,20,13,0,15,6,3,2,1,3,d2:1;d4:1;d5:1
2313,18,True,17,0,3,3,9,0,9,6,3,2,1,3,d2:1;d4:1;d5:1
2315,19,True,18,0,2,7,6,0,10,6,3,2,1,3,d2:1;d4:1;d5:1
2317,6,True,5,0,0,-1,0,0,-1,0,0,0,0,0,none
2319,9,True,8,0,1,2,1,0,1,4,2,1,1,2,d2:1;d4:1
2321,7,True,6,0,0,-1,0,0,-1,0,0,0,0,0,none
2323,29,True,28,0,5,8,9,0,3,6,3,1,2,2,d1:1;d3:1;d5:1
2325,20,True,19,0,5,16,13,0,11,6,3,2,1,3,d2:1;d4:1;d5:1
2327,25,True,24,0,4,2,12,0,16,6,3,2,1,3,d2:1;d4:1;d5:1
2329,25,True,24,0,4,6,12,0,16,6,3,2,1,3,d2:1;d4:1;d5:1
2331,16,True,15,0,2,11,6,0,7,6,3,2,1,3,d2:1;d4:1;d5:1
2333,7,True,6,0,0,-1,0,0,-1,0,0,0,0,0,none
2335,14,True,13,0,4,1,3,0,3,3,2,1,1,2,d1:1;d3:1
2337,13,True,12,0,1,7,1,0,6,2,2,1,1,2,d1:1;d2:1
2339,12,True,11,0,1,6,1,0,5,2,2,1,1,2,d1:1;d2:1
2341,12,True,11,0,1,6,1,0,5,2,2,1,1,2,d1:1;d2:1
2343,26,True,25,0,3,6,9,0,17,6,3,2,1,3,d2:1;d4:1;d5:1
2345,25,True,24,0,3,2,9,0,16,6,3,2,1,3,d2:1;d4:1;d5:1
2347,20,True,19,0,2,9,6,0,4,3,2,1,1,2,d1:1;d2:1
2349,20,True,19,0,5,16,13,0,11,6,3,2,1,3,d2:1;d4:1;d5:1
2351,12,True,11,0,1,2,2,0,0,4,2,1,1,2,d1:1;d3:1
2353,7,True,6,0,0,-1,0,0,-1,0,0,0,0,0,none
2355,7,True,6,0,0,-1,0,0,-1,0,0,0,0,0,none
2357,20,True,19,0,4,15,12,0,11,6,3,2,1,3,d2:1;d4:1;d5:1
2359,12,True,11,0,1,3,2,0,1,3,2,1,1,2,d2:1;d3:1
2361,12,True,11,0,0,-1,0,0,-1,0,0,0,0,0,none
2363,11,True,10,0,0,-1,0,0,-1,0,0,0,0,0,none
2365,12,True,11,0,0,-1,0,0,-1,0,0,0,0,0,none
2367,16,True,15,0,4,1,2,0,7,7,5,1,4,2,d1:1;d2:1;d4:1;d6:1;d7:1
2369,21,True,20,0,4,16,12,0,12,6,3,2,1,3,d2:1;d4:1;d5:1
2371,22,True,21,0,3,5,9,0,3,4,3,1,2,2,d1:1;d3:1;d4:1
2373,13,True,12,0,2,8,6,0,4,6,3,2,1,3,d2:1;d4:1;d5:1
2375,26,True,25,0,4,6,9,0,9,3,2,1,1,2,d1:1;d3:1
2377,9,True,8,0,1,5,1,0,4,4,3,2,1,3,d1:1;d2:1;d4:1
2379,13,True,12,0,2,8,6,0,4,6,3,2,1,3,d2:1;d4:1;d5:1
2381,13,True,12,0,1,6,2,0,4,6,3,2,1,3,d2:1;d4:1;d5:1
2383,8,True,7,0,1,4,1,0,3,2,2,1,1,2,d1:1;d2:1
2385,18,True,17,0,4,6,4,0,7,8,5,1,4,2,d1:1;d3:1;d4:1;d6:1;d8:1
2387,17,True,16,0,4,3,2,0,6,8,5,1,4,2,d1:1;d3:1;d4:1;d6:1;d8:1
2389,5,True,4,0,1,2,1,0,1,3,2,1,1,2,d2:1;d3:1
2391,20,True,19,0,3,15,9,0,11,6,3,2,1,3,d2:1;d4:1;d5:1
2393,15,True,14,0,1,12,1,0,11,3,2,1,1,2,d2:1;d3:1
2395,6,True,5,0,1,2,1,0,1,3,2,1,1,2,d1:1;d2:1
2397,19,True,18,0,3,14,9,0,10,6,3,2,1,3,d2:1;d4:1;d5:1
2399,13,True,12,0,1,10,1,0,9,3,2,1,1,2,d2:1;d3:1
2401,29,True,28,0,5,3,13,0,20,6,3,2,1,3,d2:1;d4:1;d5:1
2403,11,True,10,0,4,4,2,0,2,7,5,1,4,2,d1:1;d2:1;d4:1;d6:1;d7:1
2405,11,True,10,0,4,4,2,0,2,7,5,1,4,2,d1:1;d2:1;d4:1;d6:1;d7:1
2407,12,True,11,0,1,2,1,0,1,5,3,2,1,3,d2:1;d4:1;d5:1
2409,18,True,17,0,3,13,9,0,9,6,3,2,1,3,d2:1;d4:1;d5:1
2411,29,True,28,0,4,7,12,0,20,6,3,2,1,3,d2:1;d4:1;d5:1
2413,17,True,16,0,1,5,3,0,2,3,2,1,1,2,d1:1;d2:1
2415,18,True,17,0,3,1,9,0,9,6,3,2,1,3,d2:1;d4:1;d5:1
2417,4,True,3,0,0,-1,0,0,-1,0,0,0,0,0,none
2419,11,True,10,0,0,-1,0,0,-1,0,0,0,0,0,none
2421,3,True,2,0,0,-1,0,0,-1,0,0,0,0,0,none
2423,13,True,12,0,4,4,2,0,2,8,5,1,4,2,d1:1;d3:1;d4:1;d6:1;d8:1
2425,30,True,29,0,7,16,14,0,4,6,3,1,2,2,d1:1;d3:1;d5:1
2427,23,True,22,0,3,18,9,0,14,6,3,2,1,3,d2:1;d4:1;d5:1
2429,9,True,8,0,0,-1,0,0,-1,0,0,0,0,0,none
2431,24,True,23,0,5,6,13,0,15,6,3,2,1,3,d2:1;d4:1;d5:1
2433,10,True,9,0,0,-1,0,0,-1,0,0,0,0,0,none
2435,24,True,23,0,5,20,13,0,15,6,3,2,1,3,d2:1;d4:1;d5:1
2437,23,True,22,0,5,19,13,0,14,6,3,2,1,3,d2:1;d4:1;d5:1
2439,23,True,22,0,5,1,13,0,14,6,3,2,1,3,d2:1;d4:1;d5:1
2441,13,True,12,0,1,2,1,0,1,3,2,1,1,2,d2:1;d3:1
2443,9,True,8,0,0,-1,0,0,-1,0,0,0,0,0,none
2445,9,True,8,0,1,6,1,0,5,3,2,1,1,2,d2:1;d3:1
2447,22,True,21,0,5,18,13,0,13,6,3,2,1,3,d2:1;d4:1;d5:1
2449,24,True,23,0,4,19,12,0,15,6,3,2,1,3,d2:1;d4:1;d5:1
2451,22,True,21,0,4,17,12,0,13,6,3,2,1,3,d2:1;d4:1;d5:1
2453,9,True,8,0,1,6,1,0,5,3,2,1,1,2,d2:1;d3:1
2455,21,True,20,0,4,16,12,0,12,6,3,2,1,3,d2:1;d4:1;d5:1
2457,23,True,22,0,4,18,12,0,14,6,3,2,1,3,d2:1;d4:1;d5:1
2459,16,True,15,0,4,3,3,0,5,3,2,1,1,2,d1:1;d3:1
2461,14,True,13,0,1,2,1,0,1,2,2,1,1,2,d1:1;d2:1
2463,33,True,32,0,6,2,17,0,16,3,2,1,1,2,d1:1;d3:1
2465,16,True,15,0,1,10,1,0,9,2,2,1,1,2,d1:1;d2:1
2467,21,True,20,0,5,3,13,0,12,6,3,2,1,3,d2:1;d4:1;d5:1
2469,21,True,20,0,5,3,13,0,12,6,3,2,1,3,d2:1;d4:1;d5:1
2471,21,True,20,0,4,2,12,0,12,6,3,2,1,3,d2:1;d4:1;d5:1
2473,20,True,19,0,2,2,6,0,1,6,4,2,2,3,d1:1;d3:1;d5:1;d6:1
2475,15,True,14,0,2,6,3,0,3,5,3,1,2,2,d1:1;d3:1;d5:1
2477,24,True,23,0,4,19,12,0,15,6,3,2,1,3,d2:1;d4:1;d5:1
2479,9,True,8,0,1,1,1,0,0,4,2,1,1,2,d2:1;d3:1
2481,9,True,8,0,1,6,1,0,5,3,2,1,1,2,d2:1;d3:1
2483,8,True,7,0,1,5,1,0,4,3,2,1,1,2,d2:1;d3:1
2485,15,True,14,0,2,3,6,0,6,6,3,2,1,3,d2:1;d4:1;d5:1
2487,14,True,13,0,0,-1,0,0,-1,0,0,0,0,0,none
2489,9,True,8,0,1,2,1,0,1,2,2,1,1,2,d1:1;d2:1
2491,19,True,18,0,4,5,2,0,10,7,5,1,4,2,d1:1;d2:1;d4:1;d6:1;d7:1
2493,23,True,22,0,4,4,12,0,14,6,3,2,1,3,d2:1;d4:1;d5:1
2495,12,True,11,0,3,2,2,0,1,3,2,1,1,2,d1:1;d3:1
2497,15,True,14,0,2,10,6,0,6,6,3,2,1,3,d2:1;d4:1;d5:1
2499,27,True,26,0,6,18,17,0,10,3,2,1,1,2,d1:1;d3:1
2501,6,True,5,0,0,-1,0,0,-1,0,0,0,0,0,none
2503,12,True,11,0,1,1,1,0,0,3,2,1,1,2,d1:1;d2:1
2505,15,True,14,0,1,8,2,0,6,6,3,2,1,3,d2:1;d4:1;d5:1
2507,9,True,8,0,1,6,1,0,5,3,2,1,1,2,d2:1;d3:1
2509,23,True,22,0,3,5,9,0,14,6,3,2,1,3,d2:1;d4:1;d5:1
2511,16,True,15,0,2,11,4,0,7,4,3,1,2,2,d1:1;d3:1;d4:1
2513,22,True,21,0,3,4,9,0,13,6,3,2,1,3,d2:1;d4:1;d5:1
2515,7,True,6,0,1,2,1,0,1,3,2,1,1,2,d1:1;d3:1
2517,8,True,7,0,1,2,1,0,1,2,2,1,1,2,d1:1;d2:1
2519,16,True,15,0,1,13,1,0,12,3,2,1,1,2,d2:1;d3:1
2521,9,True,8,0,0,-1,0,0,-1,0,0,0,0,0,none
2523,20,True,19,0,3,15,9,0,11,6,3,2,1,3,d2:1;d4:1;d5:1
2525,9,True,8,0,0,-1,0,0,-1,0,0,0,0,0,none
2527,30,True,29,0,5,4,13,0,21,6,3,2,1,3,d2:1;d4:1;d5:1
2529,14,True,13,0,4,7,2,0,5,7,5,1,4,2,d1:1;d2:1;d4:1;d6:1;d7:1
2531,8,True,7,0,0,-1,0,0,-1,0,0,0,0,0,none
2533,6,True,5,0,1,2,1,0,1,2,2,1,1,2,d1:1;d2:1
2535,14,True,13,0,1,1,1,0,0,3,2,1,1,2,d1:1;d2:1
2537,20,True,19,0,3,3,9,0,11,6,3,2,1,3,d2:1;d4:1;d5:1
2539,30,True,29,0,4,8,12,0,21,6,3,2,1,3,d2:1;d4:1;d5:1
2541,6,True,5,0,0,-1,0,0,-1,0,0,0,0,0,none
2543,31,True,30,0,4,4,12,0,22,6,3,2,1,3,d2:1;d4:1;d5:1
2545,9,True,8,0,0,-1,0,0,-1,0,0,0,0,0,none
2547,6,True,5,0,0,-1,0,0,-1,0,0,0,0,0,none
2549,10,True,9,0,2,5,4,0,1,4,3,1,2,2,d1:1;d3:1;d4:1
2551,15,True,14,0,4,6,2,0,4,8,5,1,4,2,d1:1;d3:1;d4:1;d6:1;d8:1
2553,33,True,32,0,7,3,14,0,7,6,3,1,2,2,d1:1;d3:1;d5:1
2555,12,True,11,0,1,5,2,0,3,3,2,1,1,2,d2:1;d3:1
2557,22,True,21,0,4,5,9,0,3,3,2,1,1,2,d1:1;d3:1
2559,19,True,18,0,6,7,7,0,4,3,2,1,1,2,d1:1;d2:1
2561,29,True,28,0,5,25,13,0,20,6,3,2,1,3,d2:1;d4:1;d5:1
2563,12,True,11,0,1,9,1,0,8,3,2,1,1,2,d2:1;d3:1
2565,11,True,10,0,1,8,1,0,7,3,2,1,1,2,d2:1;d3:1
2567,25,True,24,0,5,1,13,0,16,6,3,2,1,3,d2:1;d4:1;d5:1
2569,12,True,11,0,1,2,1,0,1,3,2,1,1,2,d2:1;d3:1
2571,11,True,10,0,1,8,1,0,7,3,2,1,1,2,d2:1;d3:1
2573,7,True,6,0,0,-1,0,0,-1,0,0,0,0,0,none
2575,24,True,23,0,5,3,13,0,15,6,3,2,1,3,d2:1;d4:1;d5:1
2577,7,True,6,0,0,-1,0,0,-1,0,0,0,0,0,none
2579,25,True,24,0,4,20,12,0,16,6,3,2,1,3,d2:1;d4:1;d5:1
2581,17,True,16,0,3,12,9,0,8,6,3,2,1,3,d2:1;d4:1;d5:1
2583,12,True,11,0,1,9,1,0,8,3,2,1,1,2,d2:1;d3:1
2585,12,True,11,0,1,9,1,0,8,3,2,1,1,2,d2:1;d3:1
2587,23,True,22,0,4,18,12,0,14,6,3,2,1,3,d2:1;d4:1;d5:1
2589,10,True,9,0,1,2,1,0,1,2,2,1,1,2,d1:1;d2:1
2591,11,True,10,0,2,2,2,0,0,5,3,1,2,2,d1:1;d3:1;d4:1
2593,10,True,9,0,0,-1,0,0,-1,0,0,0,0,0,none
2595,17,True,16,0,3,12,9,0,8,6,3,2,1,3,d2:1;d4:1;d5:1
2597,23,True,22,0,5,5,13,0,14,6,3,2,1,3,d2:1;d4:1;d5:1
2599,23,True,22,0,5,1,13,0,14,6,3,2,1,3,d2:1;d4:1;d5:1
2601,29,True,28,0,3,6,9,0,20,6,3,2,1,3,d2:1;d4:1;d5:1
2603,17,True,16,0,3,12,9,0,8,6,3,2,1,3,d2:1;d4:1;d5:1
2605,18,True,17,0,2,6,6,0,9,6,3,2,1,3,d2:1;d4:1;d5:1
2607,16,True,15,0,2,2,3,0,4,5,3,1,2,2,d1:1;d3:1;d5:1
2609,10,True,9,0,1,3,1,0,2,4,2,1,1,2,d2:1;d4:1
2611,10,True,9,0,1,7,1,0,6,3,2,1,1,2,d2:1;d3:1
2613,5,True,4,0,0,-1,0,0,-1,0,0,0,0,0,none
2615,28,True,27,0,4,6,9,0,2,6,3,1,2,2,d1:1;d3:1;d5:1
2617,18,True,17,0,1,2,1,0,1,2,2,1,1,2,d1:1;d2:1
2619,17,True,16,0,2,12,6,0,8,6,3,2,1,3,d2:1;d4:1;d5:1
2621,24,True,23,0,4,5,12,0,15,6,3,2,1,3,d2:1;d4:1;d5:1
2623,15,True,14,0,2,10,6,0,6,6,3,2,1,3,d2:1;d4:1;d5:1
2625,7,True,6,0,0,-1,0,0,-1,0,0,0,0,0,none
2627,5,True,4,0,0,-1,0,0,-1,0,0,0,0,0,none
2629,12,True,11,0,1,6,1,0,5,2,2,1,1,2,d1:1;d2:1
2631,30,True,29,0,6,1,17,0,13,3,2,1,1,2,d1:1;d3:1
2633,8,True,7,0,0,-1,0,0,-1,0,0,0,0,0,none
2635,11,True,10,0,1,5,1,0,4,2,2,1,1,2,d1:1;d2:1
2637,12,True,11,0,1,6,1,0,5,2,2,1,1,2,d1:1;d2:1
2639,24,True,23,0,3,4,9,0,15,6,3,2,1,3,d2:1;d4:1;d5:1
2641,19,True,18,0,2,8,6,0,3,3,2,1,1,2,d1:1;d2:1
2643,18,True,17,0,2,7,5,0,9,4,3,1,2,2,d1:1;d3:1;d4:1
2645,18,True,17,0,5,14,13,0,9,6,3,2,1,3,d2:1;d4:1;d5:1
2647,10,True,9,0,1,4,1,0,3,2,2,1,1,2,d1:1;d2:1
2649,19,True,18,0,1,5,3,0,2,4,2,1,1,2,d1:1;d3:1
2651,27,True,26,0,3,4,9,0,18,6,3,2,1,3,d2:1;d4:1;d5:1
2653,5,True,4,0,0,-1,0,0,-1,0,0,0,0,0,none
2655,10,True,9,0,0,-1,0,0,-1,0,0,0,0,0,none
2657,11,True,10,0,0,-1,0,0,-1,0,0,0,0,0,none
2659,10,True,9,0,0,-1,0,0,-1,0,0,0,0,0,none
2661,11,True,10,0,0,-1,0,0,-1,0,0,0,0,0,none
2663,16,True,15,0,4,1,2,0,7,7,5,1,4,2,d1:1;d2:1;d4:1;d6:1;d7:1
2665,10,True,9,0,1,2,1,0,1,4,3,2,1,3,d1:1;d3:1;d4:1
2667,9,True,8,0,1,5,1,0,4,2,2,1,1,2,d1:1;d2:1
2669,22,True,21,0,3,5,9,0,3,4,3,1,2,2,d1:1;d3:1;d4:1
2671,9,True,8,0,1,4,4,0,0,4,2,1,1,2,d2:1;d3:1
2673,19,True,18,0,4,14,12,0,10,6,3,2,1,3,d2:1;d4:1;d5:1
2675,8,True,7,0,1,4,1,0,3,4,3,2,1,3,d1:1;d2:1;d4:1
2677,12,True,11,0,2,7,6,0,3,6,3,2,1,3,d2:1;d4:1;d5:1
2679,5,True,4,0,0,-1,0,0,-1,0,0,0,0,0,none
2681,8,True,7,0,1,2,1,0,1,2,2,1,1,2,d1:1;d2:1
2683,13,True,12,0,2,8,4,0,4,4,3,1,2,2,d1:1;d3:1;d4:1
2685,17,True,16,0,4,5,4,0,6,8,5,1,4,2,d1:1;d3:1;d4:1;d6:1;d8:1
2687,16,True,15,0,4,2,2,0,5,8,5,1,4,2,d1:1;d3:1;d4:1;d6:1;d8:1
2689,15,True,14,0,1,5,2,0,3,4,2,1,1,2,d1:1;d3:1
2691,19,True,18,0,3,14,9,0,10,6,3,2,1,3,d2:1;d4:1;d5:1
2693,14,True,13,0,1,11,1,0,10,3,2,1,1,2,d2:1;d3:1
2695,5,True,4,0,1,1,1,0,0,3,2,1,1,2,d1:1;d2:1
2697,30,True,29,0,5,2,13,0,21,6,3,2,1,3,d2:1;d4:1;d5:1
2699,14,True,13,0,1,11,1,0,10,3,2,1,1,2,d2:1;d3:1
2701,18,True,17,0,3,13,9,0,9,6,3,2,1,3,d2:1;d4:1;d5:1
2703,26,True,25,0,5,2,13,0,17,6,3,2,1,3,d2:1;d4:1;d5:1
2705,10,True,9,0,0,-1,0,0,-1,0,0,0,0,0,none
2707,9,True,8,0,0,-1,0,0,-1,0,0,0,0,0,none
2709,10,True,9,0,4,3,2,0,1,7,5,1,4,2,d1:1;d2:1;d4:1;d6:1;d7:1
2711,17,True,16,0,3,12,9,0,8,6,3,2,1,3,d2:1;d4:1;d5:1
2713,28,True,27,0,4,6,12,0,19,6,3,2,1,3,d2:1;d4:1;d5:1
2715,14,True,13,0,1,5,4,0,1,4,2,1,1,2,d2:1;d4:1
2717,16,True,15,0,1,4,3,0,1,2,2,1,1,2,d1:1;d2:1
2719,13,True,12,0,2,2,2,0,0,5,3,1,2,2,d1:1;d3:1;d4:1
2721,15,True,14,0,1,12,1,0,11,3,2,1,1,2,d2:1;d3:1
2723,9,True,8,0,0,-1,0,0,-1,0,0,0,0,0,none
2725,12,True,11,0,5,3,2,0,1,9,6,1,5,2,d1:1;d3:1;d4:1;d6:1;d8:1;d9:1
2727,20,True,19,0,4,3,3,0,9,3,2,1,1,2,d1:1;d3:1
2729,29,True,28,0,7,15,14,0,3,6,3,1,2,2,d1:1;d3:1;d5:1
2731,22,True,21,0,3,17,9,0,13,6,3,2,1,3,d2:1;d4:1;d5:1
2733,10,True,9,0,0,-1,0,0,-1,0,0,0,0,0,none
2735,25,True,24,0,5,1,13,0,16,6,3,2,1,3,d2:1;d4:1;d5:1
2737,9,True,8,0,0,-1,0,0,-1,0,0,0,0,0,none
2739,8,True,7,0,0,-1,0,0,-1,0,0,0,0,0,none
2741,23,True,22,0,5,19,13,0,14,6,3,2,1,3,d2:1;d4:1;d5:1
2743,20,True,19,0,2,8,6,0,11,6,3,2,1,3,d2:1;d4:1;d5:1
2745,8,True,7,0,0,-1,0,0,-1,0,0,0,0,0,none
2747,12,True,11,0,1,5,1,0,4,4,2,1,1,2,d2:1;d4:1
2749,8,True,7,0,0,-1,0,0,-1,0,0,0,0,0,none
2751,29,True,28,0,4,11,11,0,4,6,3,1,2,2,d2:1;d4:1;d5:1
2753,23,True,22,0,5,19,13,0,14,6,3,2,1,3,d2:1;d4:1;d5:1
2755,27,True,26,0,4,2,12,0,18,6,3,2,1,3,d2:1;d4:1;d5:1
2757,22,True,21,0,4,17,12,0,13,6,3,2,1,3,d2:1;d4:1;d5:1
2759,26,True,25,0,4,1,12,0,17,6,3,2,1,3,d2:1;d4:1;d5:1
2761,21,True,20,0,5,17,13,0,12,6,3,2,1,3,d2:1;d4:1;d5:1
2763,8,True,7,0,0,-1,0,0,-1,0,0,0,0,0,none
2765,22,True,21,0,4,17,12,0,13,6,3,2,1,3,d2:1;d4:1;d5:1
2767,15,True,14,0,4,2,3,0,4,3,2,1,1,2,d1:1;d3:1
2769,15,True,14,0,1,9,1,0,8,2,2,1,1,2,d1:1;d2:1
2771,13,True,12,0,1,7,1,0,6,2,2,1,1,2,d1:1;d2:1
2773,8,True,7,0,1,5,1,0,4,3,2,1,1,2,d2:1;d3:1
2775,13,True,12,0,1,7,1,0,6,2,2,1,1,2,d1:1;d2:1
2777,21,True,20,0,4,16,12,0,12,6,3,2,1,3,d2:1;d4:1;d5:1
2779,26,True,25,0,3,6,9,0,17,6,3,2,1,3,d2:1;d4:1;d5:1
2781,21,True,20,0,5,17,13,0,12,6,3,2,1,3,d2:1;d4:1;d5:1
2783,19,True,18,0,2,1,6,0,3,2,2,1,1,2,d1:1;d2:1
2785,14,True,13,0,2,5,3,0,2,5,3,1,2,2,d1:1;d3:1;d5:1
2787,7,True,6,0,1,4,1,0,3,3,2,1,1,2,d2:1;d3:1
2789,22,True,21,0,4,17,12,0,13,6,3,2,1,3,d2:1;d4:1;d5:1
2791,11,True,10,0,1,2,2,0,0,3,2,1,1,2,d1:1;d3:1
2793,21,True,20,0,1,2,1,0,1,4,2,1,1,2,d1:1;d3:1
2795,14,True,13,0,1,5,2,0,3,3,2,1,1,2,d2:1;d3:1
2797,14,True,13,0,0,-1,0,0,-1,0,0,0,0,0,none
2799,12,True,11,0,3,2,2,0,1,4,3,1,2,2,d1:1;d2:1;d4:1
2801,8,True,7,0,1,5,1,0,4,3,2,1,1,2,d2:1;d3:1
2803,18,True,17,0,4,4,2,0,9,7,5,1,4,2,d1:1;d2:1;d4:1;d6:1;d7:1
2805,14,True,13,0,2,9,6,0,5,6,3,2,1,3,d2:1;d4:1;d5:1
2807,22,True,21,0,4,17,12,0,13,6,3,2,1,3,d2:1;d4:1;d5:1
2809,24,True,23,0,3,7,9,0,5,4,3,1,2,2,d1:1;d3:1;d4:1
2811,11,True,10,0,1,4,2,0,2,3,2,1,1,2,d1:1;d3:1
2813,27,True,26,0,5,18,17,0,10,3,2,1,1,2,d1:1;d3:1
2815,22,True,21,0,4,1,9,0,0,8,5,1,4,2,d1:1;d2:1;d4:1;d6:1;d8:1
2817,15,True,14,0,2,10,6,0,6,6,3,2,1,3,d2:1;d4:1;d5:1
2819,14,True,13,0,1,7,2,0,5,6,3,2,1,3,d2:1;d4:1;d5:1
2821,8,True,7,0,1,5,1,0,4,3,2,1,1,2,d2:1;d3:1
2823,10,True,9,0,1,1,1,0,0,3,2,1,1,2,d1:1;d3:1
2825,16,True,15,0,2,11,4,0,7,4,3,1,2,2,d1:1;d3:1;d4:1
2827,19,True,18,0,4,7,4,0,8,8,5,1,4,2,d1:1;d3:1;d4:1;d6:1;d8:1
2829,21,True,20,0,3,3,9,0,12,6,3,2,1,3,d2:1;d4:1;d5:1
2831,5,True,4,0,1,2,1,0,1,3,2,1,1,2,d2:1;d3:1
2833,22,True,21,0,3,17,9,0,13,6,3,2,1,3,d2:1;d4:1;d5:1
2835,16,True,15,0,1,13,1,0,12,3,2,1,1,2,d2:1;d3:1
2837,8,True,7,0,0,-1,0,0,-1,0,0,0,0,0,none
2839,19,True,18,0,3,14,9,0,10,6,3,2,1,3,d2:1;d4:1;d5:1
2841,16,True,15,0,1,3,1,0,2,4,2,1,1,2,d1:1;d3:1
2843,30,True,29,0,5,4,13,0,21,6,3,2,1,3,d2:1;d4:1;d5:1
2845,14,True,13,0,4,7,2,0,5,7,5,1,4,2,d1:1;d2:1;d4:1;d6:1;d7:1
2847,28,True,27,0,5,1,13,0,19,6,3,2,1,3,d2:1;d4:1;d5:1
2849,13,True,12,0,4,6,2,0,4,7,5,1,4,2,d1:1;d2:1;d4:1;d6:1;d7:1
2851,6,True,5,0,0,-1,0,0,-1,0,0,0,0,0,none
2853,5,True,4,0,0,-1,0,0,-1,0,0,0,0,0,none
2855,19,True,18,0,3,1,9,0,10,6,3,2,1,3,d2:1;d4:1;d5:1
2857,29,True,28,0,4,7,12,0,20,6,3,2,1,3,d2:1;d4:1;d5:1
2859,19,True,18,0,1,7,3,0,4,3,2,1,1,2,d1:1;d2:1
2861,5,True,4,0,0,-1,0,0,-1,0,0,0,0,0,none
2863,18,True,17,0,1,2,2,0,0,4,2,1,1,2,d2:1;d4:1
2865,5,True,4,0,0,-1,0,0,-1,0,0,0,0,0,none
2867,5,True,4,0,0,-1,0,0,-1,0,0,0,0,0,none
2869,8,True,7,0,0,-1,0,0,-1,0,0,0,0,0,none
2871,14,True,13,0,4,5,2,0,3,8,5,1,4,2,d1:1;d3:1;d4:1;d6:1;d8:1
2873,32,True,31,0,7,18,14,0,6,6,3,1,2,2,d1:1;d3:1;d5:1
2875,11,True,10,0,1,4,2,0,2,3,2,1,1,2,d2:1;d3:1
2877,10,True,9,0,0,-1,0,0,-1,0,0,0,0,0,none
2879,21,True,20,0,3,3,9,0,12,6,3,2,1,3,d2:1;d4:1;d5:1
2881,8,True,7,0,0,-1,0,0,-1,0,0,0,0,0,none
2883,26,True,25,0,5,22,13,0,17,6,3,2,1,3,d2:1;d4:1;d5:1
2885,11,True,10,0,1,8,1,0,7,3,2,1,1,2,d2:1;d3:1
2887,22,True,21,0,3,1,9,0,13,6,3,2,1,3,d2:1;d4:1;d5:1
2889,24,True,23,0,5,20,13,0,15,6,3,2,1,3,d2:1;d4:1;d5:1
2891,11,True,10,0,1,8,1,0,7,3,2,1,1,2,d2:1;d3:1
2893,10,True,9,0,1,7,1,0,6,3,2,1,1,2,d2:1;d3:1
2895,10,True,9,0,0,-1,0,0,-1,0,0,0,0,0,none
2897,25,True,24,0,5,4,13,0,16,6,3,2,1,3,d2:1;d4:1;d5:1
2899,23,True,22,0,5,19,13,0,14,6,3,2,1,3,d2:1;d4:1;d5:1
2901,5,True,4,0,0,-1,0,0,-1,0,0,0,0,0,none
2903,23,True,22,0,4,18,12,0,14,6,3,2,1,3,d2:1;d4:1;d5:1
2905,11,True,10,0,1,8,1,0,7,3,2,1,1,2,d2:1;d3:1
2907,25,True,24,0,5,3,13,0,16,6,3,2,1,3,d2:1;d4:1;d5:1
2909,11,True,10,0,1,8,1,0,7,3,2,1,1,2,d2:1;d3:1
2911,22,True,21,0,4,17,12,0,13,6,3,2,1,3,d2:1;d4:1;d5:1
2913,18,True,17,0,4,5,3,0,7,3,2,1,1,2,d1:1;d3:1
2915,8,True,7,0,0,-1,0,0,-1,0,0,0,0,0,none
2917,8,True,7,0,0,-1,0,0,-1,0,0,0,0,0,none
2919,34,True,33,0,6,3,17,0,17,3,2,1,1,2,d1:1;d3:1
2921,16,True,15,0,1,10,1,0,9,2,2,1,1,2,d1:1;d2:1
2923,23,True,22,0,5,5,13,0,14,6,3,2,1,3,d2:1;d4:1;d5:1
2925,23,True,22,0,5,19,13,0,14,6,3,2,1,3,d2:1;d4:1;d5:1
2927,28,True,27,0,3,2,9,0,19,6,3,2,1,3,d2:1;d4:1;d5:1
2929,16,True,15,0,3,11,9,0,7,6,3,2,1,3,d2:1;d4:1;d5:1
2931,8,True,7,0,0,-1,0,0,-1,0,0,0,0,0,none
2933,16,True,15,0,2,4,6,0,7,6,3,2,1,3,d2:1;d4:1;d5:1
2935,25,True,24,0,4,20,12,0,16,6,3,2,1,3,d2:1;d4:1;d5:1
2937,11,True,10,0,1,3,1,0,2,4,2,1,1,2,d2:1;d3:1
2939,14,True,13,0,1,5,2,0,3,3,2,1,1,2,d1:1;d3:1
2941,9,True,8,0,1,6,1,0,5,3,2,1,1,2,d2:1;d3:1
2943,27,True,26,0,4,5,9,0,1,5,3,1,2,2,d1:1;d3:1;d5:1
2945,17,True,16,0,0,-1,0,0,-1,0,0,0,0,0,none
2947,16,True,15,0,2,11,6,0,7,6,3,2,1,3,d2:1;d4:1;d5:1
2949,24,True,23,0,4,5,12,0,15,6,3,2,1,3,d2:1;d4:1;d5:1
2951,16,True,15,0,2,1,6,0,7,6,3,2,1,3,d2:1;d4:1;d5:1
2953,23,True,22,0,4,10,8,0,6,6,4,2,2,3,d1:1;d3:1;d5:1;d6:1
2955,24,True,23,0,4,3,12,0,15,6,3,2,1,3,d2:1;d4:1;d5:1
2957,5,True,4,0,0,-1,0,0,-1,0,0,0,0,0,none
2959,15,True,14,0,2,10,6,0,6,6,3,2,1,3,d2:1;d4:1;d5:1
2961,9,True,8,0,0,-1,0,0,-1,0,0,0,0,0,none
2963,7,True,6,0,0,-1,0,0,-1,0,0,0,0,0,none
2965,10,True,9,0,1,4,1,0,3,2,2,1,1,2,d1:1;d2:1
2967,23,True,22,0,3,3,9,0,14,6,3,2,1,3,d2:1;d4:1;d5:1
2969,24,True,23,0,3,4,9,0,15,6,3,2,1,3,d2:1;d4:1;d5:1
2971,9,True,8,0,1,6,1,0,5,3,2,1,1,2,d2:1;d3:1
2973,18,True,17,0,2,7,5,0,9,4,3,1,2,2,d1:1;d3:1;d4:1
2975,8,True,7,0,2,1,1,0,0,5,3,1,2,2,d1:1;d3:1;d5:1
2977,24,True,23,0,3,6,9,0,15,6,3,2,1,3,d2:1;d4:1;d5:1
2979,9,True,8,0,1,3,1,0,2,2,2,1,1,2,d1:1;d2:1
2981,18,True,17,0,1,4,3,0,1,4,2,1,1,2,d1:1;d3:1
2983,26,True,25,0,3,3,9,0,17,6,3,2,1,3,d2:1;d4:1;d5:1
2985,22,True,21,0,3,2,9,0,13,6,3,2,1,3,d2:1;d4:1;d5:1
2987,11,True,10,0,0,-1,0,0,-1,0,0,0,0,0,none
2989,11,True,10,0,0,-1,0,0,-1,0,0,0,0,0,none
2991,9,True,8,0,1,1,1,0,0,4,2,1,1,2,d2:1;d4:1
2993,10,True,9,0,0,-1,0,0,-1,0,0,0,0,0,none
2995,9,True,8,0,0,-1,0,0,-1,0,0,0,0,0,none
2997,10,True,9,0,0,-1,0,0,-1,0,0,0,0,0,none
2999,9,True,8,0,0,-1,0,0,-1,0,0,0,0,0,none
3001,8,True,7,0,1,4,1,0,3,2,2,1,1,2,d1:1;d2:1
3003,8,True,7,0,0,-1,0,0,-1,0,0,0,0,0,none
3005,21,True,20,0,3,4,9,0,12,6,3,2,1,3,d2:1;d4:1;d5:1
3007,24,True,23,0,4,4,9,0,7,3,2,1,1,2,d1:1;d3:1
3009,8,True,7,0,0,-1,0,0,-1,0,0,0,0,0,none
3011,6,True,5,0,1,2,1,0,1,4,3,2,1,3,d1:1;d2:1;d4:1
3013,5,True,4,0,0,-1,0,0,-1,0,0,0,0,0,none
3015,21,True,20,0,1,1,2,0,0,3,2,1,1,2,d1:1;d3:1
3017,7,True,6,0,1,3,1,0,2,2,2,1,1,2,d1:1;d2:1
3019,12,True,11,0,2,7,4,0,3,4,3,1,2,2,d1:1;d3:1;d4:1
3021,12,True,11,0,1,5,2,0,3,6,3,2,1,3,d2:1;d4:1;d5:1
3023,16,True,15,0,4,7,2,0,5,8,5,1,4,2,d1:1;d3:1;d4:1;d6:1;d8:1
3025,12,True,11,0,1,5,2,0,3,5,3,2,1,3,d2:1;d4:1;d5:1
3027,13,True,12,0,1,3,2,0,1,3,2,1,1,2,d1:1;d3:1
3029,18,True,17,0,3,13,9,0,9,6,3,2,1,3,d2:1;d4:1;d5:1
3031,22,True,21,0,3,5,9,0,1,8,5,2,3,3,d1:1;d2:1;d4:1;d6:1;d7:1
3033,4,True,3,0,0,-1,0,0,-1,0,0,0,0,0,none
3035,29,True,28,0,5,25,13,0,20,6,3,2,1,3,d2:1;d4:1;d5:1
3037,13,True,12,0,1,10,1,0,9,3,2,1,1,2,d2:1;d3:1
3039,27,True,26,0,5,2,13,0,18,6,3,2,1,3,d2:1;d4:1;d5:1
3041,27,True,26,0,5,3,13,0,18,6,3,2,1,3,d2:1;d4:1;d5:1
3043,18,True,17,0,3,13,9,0,9,6,3,2,1,3,d2:1;d4:1;d5:1
3045,8,True,7,0,0,-1,0,0,-1,0,0,0,0,0,none
3047,11,True,10,0,1,1,1,0,0,3,2,1,1,2,d1:1;d3:1
3049,20,True,19,0,4,10,9,0,3,3,2,1,1,2,d1:1;d3:1
3051,26,True,25,0,5,5,13,0,17,6,3,2,1,3,d2:1;d4:1;d5:1
3053,27,True,26,0,4,5,12,0,18,6,3,2,1,3,d2:1;d4:1;d5:1
3055,13,True,12,0,1,4,4,0,0,4,2,1,1,2,d2:1;d4:1
3057,18,True,17,0,3,13,9,0,9,6,3,2,1,3,d2:1;d4:1;d5:1
3059,15,True,14,0,1,12,1,0,11,3,2,1,1,2,d2:1;d3:1
3061,10,True,9,0,2,2,1,0,1,5,3,1,2,2,d1:1;d2:1;d4:1
3063,13,True,12,0,1,10,1,0,9,3,2,1,1,2,d2:1;d3:1
3065,25,True,24,0,4,20,12,0,16,6,3,2,1,3,d2:1;d4:1;d5:1
3067,15,True,14,0,1,3,1,0,2,2,2,1,1,2,d1:1;d2:1
3069,12,True,11,0,3,3,2,0,1,7,4,1,3,2,d1:1;d3:1;d4:1;d6:1
3071,28,True,27,0,6,11,11,0,2,6,3,1,2,2,d1:1;d3:1;d5:1
3073,21,True,20,0,3,16,9,0,12,6,3,2,1,3,d2:1;d4:1;d5:1
3075,25,True,24,0,5,7,13,0,16,6,3,2,1,3,d2:1;d4:1;d5:1
3077,8,True,7,0,0,-1,0,0,-1,0,0,0,0,0,none
3079,25,True,24,0,5,1,13,0,16,6,3,2,1,3,d2:1;d4:1;d5:1
3081,25,True,24,0,5,21,13,0,16,6,3,2,1,3,d2:1;d4:1;d5:1
3083,7,True,6,0,0,-1,0,0,-1,0,0,0,0,0,none
3085,7,True,6,0,0,-1,0,0,-1,0,0,0,0,0,none
3087,18,True,17,0,2,6,6,0,9,6,3,2,1,3,d2:1;d4:1;d5:1
3089,7,True,6,0,0,-1,0,0,-1,0,0,0,0,0,none
3091,11,True,10,0,1,4,1,0,3,4,2,1,1,2,d2:1;d4:1
3093,21,True,20,0,5,17,13,0,12,6,3,2,1,3,d2:1;d4:1;d5:1
3095,6,True,5,0,0,-1,0,0,-1,0,0,0,0,0,none
3097,30,True,29,0,5,9,9,0,4,6,3,1,2,2,d1:1;d3:1;d5:1
3099,25,True,24,0,2,4,3,0,1,5,3,1,2,2,d2:1;d3:1;d5:1
3101,27,True,26,0,4,4,12,0,18,6,3,2,1,3,d2:1;d4:1;d5:1
3103,18,True,17,0,2,3,3,0,0,5,3,1,2,2,d1:1;d3:1;d5:1
3105,26,True,25,0,4,7,12,0,17,6,3,2,1,3,d2:1;d4:1;d5:1
3107,20,True,19,0,5,16,13,0,11,6,3,2,1,3,d2:1;d4:1;d5:1
3109,7,True,6,0,0,-1,0,0,-1,0,0,0,0,0,none
3111,7,True,6,0,1,1,1,0,0,3,2,1,1,2,d1:1;d3:1
3113,15,True,14,0,4,2,3,0,4,3,2,1,1,2,d1:1;d3:1
3115,14,True,13,0,1,8,1,0,7,2,2,1,1,2,d1:1;d2:1
3117,14,True,13,0,1,8,1,0,7,2,2,1,1,2,d1:1;d2:1
3119,10,True,9,0,1,2,2,0,0,4,2,1,1,2,d2:1;d4:1
3121,13,True,12,0,1,7,1,0,6,2,2,1,1,2,d1:1;d2:1
3123,13,True,12,0,1,7,1,0,6,2,2,1,1,2,d1:1;d2:1
3125,20,True,19,0,4,15,12,0,11,6,3,2,1,3,d2:1;d4:1;d5:1
3127,25,True,24,0,3,5,9,0,16,6,3,2,1,3,d2:1;d4:1;d5:1
3129,21,True,20,0,2,10,6,0,5,3,2,1,1,2,d1:1;d2:1
3131,19,True,18,0,2,8,6,0,3,2,2,1,1,2,d1:1;d2:1
3133,19,True,18,0,5,15,13,0,10,6,3,2,1,3,d2:1;d4:1;d5:1
3135,11,True,10,0,1,1,1,0,0,6,4,3,1,4,d1:1;d2:1;d4:1;d6:1
3137,8,True,7,0,0,-1,0,0,-1,0,0,0,0,0,none
3139,7,True,6,0,0,-1,0,0,-1,0,0,0,0,0,none
3141,21,True,20,0,4,16,12,0,12,6,3,2,1,3,d2:1;d4:1;d5:1
3143,20,True,19,0,1,1,1,0,0,3,2,1,1,2,d1:1;d3:1
3145,13,True,12,0,1,4,2,0,2,3,2,1,1,2,d2:1;d3:1
3147,20,True,19,0,4,15,12,0,11,6,3,2,1,3,d2:1;d4:1;d5:1
3149,13,True,12,0,0,-1,0,0,-1,0,0,0,0,0,none
3151,11,True,10,0,0,-1,0,0,-1,0,0,0,0,0,none
3153,13,True,12,0,0,-1,0,0,-1,0,0,0,0,0,none
3155,17,True,16,0,4,3,2,0,8,7,5,1,4,2,d1:1;d2:1;d4:1;d6:1;d7:1
3157,6,True,5,0,1,3,1,0,2,3,2,1,1,2,d2:1;d3:1
3159,20,True,19,0,4,15,12,0,11,6,3,2,1,3,d2:1;d4:1;d5:1
3161,23,True,22,0,3,6,9,0,4,4,3,1,2,2,d1:1;d3:1;d4:1
3163,10,True,9,0,1,3,2,0,1,3,2,1,1,2,d1:1;d3:1
3165,13,True,12,0,2,8,6,0,4,6,3,2,1,3,d2:1;d4:1;d5:1
3167,25,True,24,0,4,5,9,0,8,3,2,1,1,2,d1:1;d3:1
3169,10,True,9,0,1,6,1,0,5,4,3,2,1,3,d1:1;d2:1;d4:1
3171,12,True,11,0,2,7,6,0,3,6,3,2,1,3,d2:1;d4:1;d5:1
3173,13,True,12,0,1,6,2,0,4,6,3,2,1,3,d2:1;d4:1;d5:1
3175,32,True,31,0,5,3,12,0,2,8,5,2,3,3,d1:1;d3:1;d5:1;d6:1;d8:1
3177,9,True,8,0,1,5,1,0,4,2,2,1,1,2,d1:1;d2:1
3179,15,True,14,0,2,10,4,0,6,4,3,1,2,2,d1:1;d3:1;d4:1
3181,18,True,17,0,4,6,4,0,7,8,5,1,4,2,d1:1;d3:1;d4:1;d6:1;d8:1
3183,12,True,11,0,2,4,4,0,1,2,2,1,1,2,d1:1;d2:1
3185,6,True,5,0,1,3,1,0,2,3,2,1,1,2,d2:1;d3:1
3187,22,True,21,0,3,17,9,0,13,6,3,2,1,3,d2:1;d4:1;d5:1
3189,20,True,19,0,3,15,9,0,11,6,3,2,1,3,d2:1;d4:1;d5:1
3191,15,True,14,0,1,12,1,0,11,3,2,1,1,2,d2:1;d3:1
3193,7,True,6,0,1,3,1,0,2,3,2,1,1,2,d1:1;d2:1
3195,16,True,15,0,1,13,1,0,12,3,2,1,1,2,d2:1;d3:1
3197,15,True,14,0,1,2,1,0,1,4,2,1,1,2,d1:1;d3:1
3199,29,True,28,0,5,3,13,0,20,6,3,2,1,3,d2:1;d4:1;d5:1
3201,30,True,29,0,5,4,13,0,21,6,3,2,1,3,d2:1;d4:1;d5:1
3203,12,True,11,0,4,5,2,0,3,7,5,1,4,2,d1:1;d2:1;d4:1;d6:1;d7:1
3205,12,True,11,0,4,5,2,0,3,7,5,1,4,2,d1:1;d2:1;d4:1;d6:1;d7:1
3207,10,True,9,0,1,1,1,0,0,3,2,1,1,2,d1:1;d3:1
3209,13,True,12,0,1,3,1,0,2,5,3,2,1,3,d2:1;d4:1;d5:1
3211,20,True,19,0,3,15,9,0,11,6,3,2,1,3,d2:1;d4:1;d5:1
3213,5,True,4,0,0,-1,0,0,-1,0,0,0,0,0,none
3215,28,True,27,0,4,6,12,0,19,6,3,2,1,3,d2:1;d4:1;d5:1
3217,18,True,17,0,1,6,3,0,3,3,2,1,1,2,d1:1;d2:1
3219,17,True,16,0,1,5,3,0,2,2,2,1,1,2,d1:1;d2:1
3221,3,True,2,0,0,-1,0,0,-1,0,0,0,0,0,none
3223,3,True,2,0,0,-1,0,0,-1,0,0,0,0,0,none
3225,12,True,11,0,0,-1,0,0,-1,0,0,0,0,0,none
3227,21,True,20,0,4,11,10,0,4,4,2,1,1,2,d1:1;d3:1
3229,14,True,13,0,4,5,2,0,3,8,5,1,4,2,d1:1;d3:1;d4:1;d6:1;d8:1
3231,27,True,26,0,4,4,12,0,18,6,3,2,1,3,d2:1;d4:1;d5:1
3233,31,True,30,0,7,17,14,0,5,6,3,1,2,2,d1:1;d3:1;d5:1
3235,10,True,9,0,1,3,2,0,1,3,2,1,1,2,d2:1;d3:1
3237,9,True,8,0,0,-1,0,0,-1,0,0,0,0,0,none
3239,21,True,20,0,3,3,9,0,12,6,3,2,1,3,d2:1;d4:1;d5:1
3241,25,True,24,0,5,7,13,0,16,6,3,2,1,3,d2:1;d4:1;d5:1
3243,11,True,10,0,0,-1,0,0,-1,0,0,0,0,0,none
3245,26,True,25,0,5,22,13,0,17,6,3,2,1,3,d2:1;d4:1;d5:1
3247,9,True,8,0,2,1,1,0,0,4,3,1,2,2,d1:1;d2:1;d4:1
3249,24,True,23,0,5,20,13,0,15,6,3,2,1,3,d2:1;d4:1;d5:1
3251,23,True,22,0,5,19,13,0,14,6,3,2,1,3,d2:1;d4:1;d5:1
3253,10,True,9,0,1,7,1,0,6,3,2,1,1,2,d2:1;d3:1
3255,13,True,12,0,1,6,1,0,5,4,2,1,1,2,d2:1;d4:1
3257,10,True,9,0,0,-1,0,0,-1,0,0,0,0,0,none
3259,8,True,7,0,0,-1,0,0,-1,0,0,0,0,0,none
3261,24,True,23,0,5,2,13,0,15,6,3,2,1,3,d2:1;d4:1;d5:1
3263,12,True,11,0,3,3,3,0,0,6,4,1,3,2,d1:1;d3:1;d4:1;d6:1
3265,25,True,24,0,4,20,12,0,16,6,3,2,1,3,d2:1;d4:1;d5:1
3267,22,True,21,0,4,17,12,0,13,6,3,2,1,3,d2:1;d4:1;d5:1
3269,10,True,9,0,1,7,1,0,6,3,2,1,1,2,d2:1;d3:1
3271,24,True,23,0,5,2,13,0,15,6,3,2,1,3,d2:1;d4:1;d5:1
3273,22,True,21,0,4,17,12,0,13,6,3,2,1,3,d2:1;d4:1;d5:1
3275,23,True,22,0,4,18,12,0,14,6,3,2,1,3,d2:1;d4:1;d5:1
3277,11,True,10,0,1,8,1,0,7,3,2,1,1,2,d2:1;d3:1
3279,16,True,15,0,4,1,3,0,5,3,2,1,1,2,d1:1;d3:1
3281,15,True,14,0,1,3,1,0,2,2,2,1,1,2,d1:1;d2:1
3283,14,True,13,0,1,8,1,0,7,2,2,1,1,2,d1:1;d2:1
3285,7,True,6,0,0,-1,0,0,-1,0,0,0,0,0,none
3287,15,True,14,0,1,9,1,0,8,2,2,1,1,2,d1:1;d2:1
3289,22,True,21,0,5,4,13,0,13,6,3,2,1,3,d2:1;d4:1;d5:1
3291,22,True,21,0,4,17,12,0,13,6,3,2,1,3,d2:1;d4:1;d5:1
3293,22,True,21,0,5,18,13,0,13,6,3,2,1,3,d2:1;d4:1;d5:1
3295,21,True,20,0,4,2,12,0,12,6,3,2,1,3,d2:1;d4:1;d5:1
3297,21,True,20,0,2,3,6,0,2,6,4,2,2,3,d1:1;d3:1;d5:1;d6:1
3299,6,True,5,0,0,-1,0,0,-1,0,0,0,0,0,none
3301,24,True,23,0,4,19,12,0,15,6,3,2,1,3,d2:1;d4:1;d5:1
3303,16,True,15,0,2,4,4,0,1,3,2,1,1,2,d1:1;d3:1
3305,10,True,9,0,1,2,1,0,1,4,2,1,1,2,d2:1;d3:1
3307,13,True,12,0,1,4,2,0,2,3,2,1,1,2,d1:1;d3:1
3309,9,True,8,0,1,6,1,0,5,3,2,1,1,2,d2:1;d3:1
3311,27,True,26,0,4,5,9,0,1,6,3,1,2,2,d1:1;d3:1;d5:1
3313,16,True,15,0,2,4,6,0,7,6,3,2,1,3,d2:1;d4:1;d5:1
3315,15,True,14,0,0,-1,0,0,-1,0,0,0,0,0,none
3317,15,True,14,0,2,10,6,0,6,6,3,2,1,3,d2:1;d4:1;d5:1
3319,9,True,8,0,1,6,1,0,5,3,2,1,1,2,d2:1;d3:1
3321,20,True,19,0,4,6,2,0,11,7,5,1,4,2,d1:1;d2:1;d4:1;d6:1;d7:1
3323,22,True,21,0,4,9,8,0,5,6,4,2,2,3,d1:1;d3:1;d5:1;d6:1
3325,23,True,22,0,4,2,12,0,14,6,3,2,1,3,d2:1;d4:1;d5:1
3327,12,True,11,0,3,2,2,0,0,8,5,2,3,3,d1:1;d3:1;d5:1;d6:1;d8:1
3329,16,True,15,0,2,11,6,0,7,6,3,2,1,3,d2:1;d4:1;d5:1
3331,28,True,27,0,6,19,17,0,11,3,2,1,1,2,d1:1;d3:1
3333,7,True,6,0,0,-1,0,0,-1,0,0,0,0,0,none
3335,27,True,26,0,4,1,9,0,10,3,2,1,1,2,d1:1;d3:1
3337,13,True,12,0,1,2,1,0,1,3,2,1,1,2,d1:1;d2:1
3339,17,True,16,0,1,10,2,0,8,6,3,2,1,3,d2:1;d4:1;d5:1
3341,23,True,22,0,3,3,9,0,14,6,3,2,1,3,d2:1;d4:1;d5:1
3343,8,True,7,0,1,5,1,0,4,3,2,1,1,2,d2:1;d3:1
3345,24,True,23,0,3,6,9,0,15,6,3,2,1,3,d2:1;d4:1;d5:1
3347,17,True,16,0,2,6,5,0,8,4,3,1,2,2,d1:1;d3:1;d4:1
3349,9,True,8,0,1,3,1,0,2,2,2,1,1,2,d1:1;d2:1
3351,21,True,20,0,3,3,9,0,12,6,3,2,1,3,d2:1;d4:1;d5:1
3353,8,True,7,0,1,3,1,0,2,3,2,1,1,2,d1:1;d3:1
3355,16,True,15,0,3,6,5,0,1,6,4,1,3,2,d1:1;d3:1;d5:1;d6:1
3357,18,True,17,0,1,15,1,0,14,3,2,1,1,2,d2:1;d3:1
3359,21,True,20,0,3,1,9,0,12,6,3,2,1,3,d2:1;d4:1;d5:1
3361,10,True,9,0,0,-1,0,0,-1,0,0,0,0,0,none
3363,9,True,8,0,0,-1,0,0,-1,0,0,0,0,0,none
3365,9,True,8,0,0,-1,0,0,-1,0,0,0,0,0,none
3367,17,True,16,0,1,1,1,0,0,3,2,1,1,2,d1:1;d3:1
3369,31,True,30,0,5,5,13,0,22,6,3,2,1,3,d2:1;d4:1;d5:1
3371,16,True,15,0,4,9,2,0,7,7,5,1,4,2,d1:1;d2:1;d4:1;d6:1;d7:1
3373,10,True,9,0,0,-1,0,0,-1,0,0,0,0,0,none
3375,24,True,23,0,3,5,9,0,15,6,3,2,1,3,d2:1;d4:1;d5:1
3377,7,True,6,0,1,3,1,0,2,2,2,1,1,2,d1:1;d2:1
3379,7,True,6,0,0,-1,0,0,-1,0,0,0,0,0,none
3381,9,True,8,0,0,-1,0,0,-1,0,0,0,0,0,none
3383,20,True,19,0,3,2,9,0,11,6,3,2,1,3,d2:1;d4:1;d5:1
3385,31,True,30,0,4,9,12,0,22,6,3,2,1,3,d2:1;d4:1;d5:1
3387,8,True,7,0,0,-1,0,0,-1,0,0,0,0,0,none
3389,6,True,5,0,0,-1,0,0,-1,0,0,0,0,0,none
3391,31,True,30,0,4,4,12,0,22,6,3,2,1,3,d2:1;d4:1;d5:1
3393,10,True,9,0,0,-1,0,0,-1,0,0,0,0,0,none
3395,6,True,5,0,1,2,1,0,1,2,2,1,1,2,d1:1;d2:1
3397,11,True,10,0,2,6,4,0,2,4,3,1,2,2,d1:1;d3:1;d4:1
3399,23,True,22,0,4,13,13,0,6,4,2,1,1,2,d1:1;d3:1
3401,16,True,15,0,4,7,2,0,5,8,5,1,4,2,d1:1;d3:1;d4:1;d6:1;d8:1
3403,11,True,10,0,1,4,2,0,2,3,2,1,1,2,d1:1;d3:1
3405,11,True,10,0,1,4,2,0,2,5,3,2,1,3,d2:1;d4:1;d5:1
3407,12,True,11,0,1,1,2,0,0,4,3,2,1,3,d1:1;d2:1;d4:1
3409,23,True,22,0,4,6,9,0,4,3,2,1,1,2,d1:1;d3:1
3411,22,True,21,0,3,5,9,0,1,7,5,2,3,3,d1:1;d2:1;d4:1;d6:1;d7:1
3413,3,True,2,0,0,-1,0,0,-1,0,0,0,0,0,none
3415,28,True,27,0,5,24,13,0,19,6,3,2,1,3,d2:1;d4:1;d5:1
3417,13,True,12,0,1,10,1,0,9,3,2,1,1,2,d2:1;d3:1
3419,27,True,26,0,5,2,13,0,18,6,3,2,1,3,d2:1;d4:1;d5:1
3421,11,True,10,0,1,8,1,0,7,3,2,1,1,2,d2:1;d3:1
3423,24,True,23,0,5,20,13,0,15,6,3,2,1,3,d2:1;d4:1;d5:1
3425,13,True,12,0,1,3,1,0,2,3,2,1,1,2,d2:1;d3:1
3427,7,True,6,0,0,-1,0,0,-1,0,0,0,0,0,none
3429,7,True,6,0,0,-1,0,0,-1,0,0,0,0,0,none
3431,19,True,18,0,4,9,9,0,2,3,2,1,1,2,d1:1;d3:1
3433,25,True,24,0,5,4,13,0,16,6,3,2,1,3,d2:1;d4:1;d5:1
3435,25,True,24,0,5,21,13,0,16,6,3,2,1,3,d2:1;d4:1;d5:1
3437,26,True,25,0,4,4,12,0,17,6,3,2,1,3,d2:1;d4:1;d5:1
3439,26,True,25,0,4,1,12,0,17,6,3,2,1,3,d2:1;d4:1;d5:1
3441,18,True,17,0,3,13,9,0,9,6,3,2,1,3,d2:1;d4:1;d5:1
3443,14,True,13,0,1,11,1,0,10,3,2,1,1,2,d2:1;d3:1
3445,17,True,16,0,3,12,9,0,8,6,3,2,1,3,d2:1;d4:1;d5:1
3447,12,True,11,0,1,9,1,0,8,3,2,1,1,2,d2:1;d3:1
3449,24,True,23,0,4,19,12,0,15,6,3,2,1,3,d2:1;d4:1;d5:1
3451,14,True,13,0,1,2,1,0,1,2,2,1,1,2,d1:1;d2:1
3453,9,True,8,0,0,-1,0,0,-1,0,0,0,0,0,none
3455,10,True,9,0,1,1,1,0,0,7,4,3,1,4,d2:1;d4:1;d5:1;d7:1
3457,11,True,10,0,0,-1,0,0,-1,0,0,0,0,0,none
3459,18,True,17,0,3,13,9,0,9,6,3,2,1,3,d2:1;d4:1;d5:1
3461,24,True,23,0,5,6,13,0,15,6,3,2,1,3,d2:1;d4:1;d5:1
3463,17,True,16,0,3,1,9,0,8,6,3,2,1,3,d2:1;d4:1;d5:1
3465,24,True,23,0,5,2,13,0,15,6,3,2,1,3,d2:1;d4:1;d5:1
3467,24,True,23,0,5,20,13,0,15,6,3,2,1,3,d2:1;d4:1;d5:1
3469,6,True,5,0,0,-1,0,0,-1,0,0,0,0,0,none
3471,16,True,15,0,3,11,9,0,7,6,3,2,1,3,d2:1;d4:1;d5:1
3473,19,True,18,0,2,7,6,0,10,6,3,2,1,3,d2:1;d4:1;d5:1
3475,17,True,16,0,2,5,6,0,8,6,3,2,1,3,d2:1;d4:1;d5:1
3477,5,True,4,0,0,-1,0,0,-1,0,0,0,0,0,none
3479,9,True,8,0,1,2,1,0,1,4,2,1,1,2,d2:1;d4:1
3481,11,True,10,0,1,8,1,0,7,3,2,1,1,2,d2:1;d3:1
3483,15,True,14,0,1,2,2,0,1,4,3,2,1,3,d1:1;d3:1;d4:1
3485,29,True,28,0,5,8,9,0,3,6,3,1,2,2,d1:1;d3:1;d5:1
3487,24,True,23,0,2,3,3,0,0,5,3,1,2,2,d2:1;d3:1;d5:1
3489,19,True,18,0,1,3,1,0,2,2,2,1,1,2,d1:1;d2:1
3491,25,True,24,0,4,2,12,0,16,6,3,2,1,3,d2:1;d4:1;d5:1
3493,24,True,23,0,4,5,12,0,15,6,3,2,1,3,d2:1;d4:1;d5:1
3495,12,True,11,0,1,2,2,0,0,3,2,1,1,2,d1:1;d3:1
3497,16,True,15,0,2,11,6,0,7,6,3,2,1,3,d2:1;d4:1;d5:1
3499,25,True,24,0,4,12,8,0,8,6,4,2,2,3,d1:1;d3:1;d5:1;d6:1
3501,7,True,6,0,0,-1,0,0,-1,0,0,0,0,0,none
3503,14,True,13,0,4,1,3,0,3,3,2,1,1,2,d1:1;d3:1
3505,13,True,12,0,1,7,1,0,6,2,2,1,1,2,d1:1;d2:1
3507,12,True,11,0,1,6,1,0,5,2,2,1,1,2,d1:1;d2:1
3509,12,True,11,0,1,6,1,0,5,2,2,1,1,2,d1:1;d2:1
3511,8,True,7,0,0,-1,0,0,-1,0,0,0,0,0,none
3513,12,True,11,0,1,6,1,0,5,2,2,1,1,2,d1:1;d2:1
3515,26,True,25,0,3,6,9,0,17,6,3,2,1,3,d2:1;d4:1;d5:1
3517,25,True,24,0,3,2,9,0,16,6,3,2,1,3,d2:1;d4:1;d5:1
3519,12,True,11,0,3,5,5,0,0,6,4,1,3,2,d1:1;d3:1;d4:1;d6:1
3521,20,True,19,0,2,9,6,0,4,3,2,1,1,2,d1:1;d2:1
3523,18,True,17,0,2,7,6,0,2,2,2,1,1,2,d1:1;d2:1
3525,19,True,18,0,5,15,13,0,10,6,3,2,1,3,d2:1;d4:1;d5:1
3527,12,True,11,0,1,2,2,0,0,3,2,1,1,2,d1:1;d3:1
3529,11,True,10,0,1,5,1,0,4,2,2,1,1,2,d1:1;d2:1
3531,20,True,19,0,1,6,3,0,3,4,2,1,1,2,d1:1;d3:1
3533,7,True,6,0,0,-1,0,0,-1,0,0,0,0,0,none
3535,27,True,26,0,3,4,9,0,18,6,3,2,1,3,d2:1;d4:1;d5:1
3537,6,True,5,0,0,-1,0,0,-1,0,0,0,0,0,none
3539,12,True,11,0,1,3,2,0,1,3,2,1,1,2,d2:1;d3:1
3541,19,True,18,0,4,14,12,0,10,6,3,2,1,3,d2:1;d4:1;d5:1
3543,10,True,9,0,0,-1,0,0,-1,0,0,0,0,0,none
3545,11,True,10,0,0,-1,0,0,-1,0,0,0,0,0,none
3547,10,True,9,0,0,-1,0,0,-1,0,0,0,0,0,none
3549,12,True,11,0,0,-1,0,0,-1,0,0,0,0,0,none
3551,16,True,15,0,4,1,2,0,7,7,5,1,4,2,d1:1;d2:1;d4:1;d6:1;d7:1
3553,11,True,10,0,1,3,1,0,2,4,3,2,1,3,d1:1;d3:1;d4:1
3555,19,True,18,0,4,14,12,0,10,6,3,2,1,3,d2:1;d4:1;d5:1
3557,22,True,21,0,3,5,9,0,3,4,3,1,2,2,d1:1;d3:1;d4:1
3559,9,True,8,0,1,2,2,0,0,3,2,1,1,2,d1:1;d3:1
3561,10,True,9,0,1,5,4,0,1,4,2,1,1,2,d2:1;d3:1
3563,26,True,25,0,4,6,9,0,9,3,2,1,1,2,d1:1;d3:1
3565,9,True,8,0,1,3,1,0,2,2,2,1,1,2,d1:1;d2:1
3567,33,True,32,0,5,8,13,0,24,6,3,2,1,3,d2:1;d4:1;d5:1
3569,13,True,12,0,2,8,6,0,4,6,3,2,1,3,d2:1;d4:1;d5:1
3571,6,True,5,0,0,-1,0,0,-1,0,0,0,0,0,none
3573,12,True,11,0,1,5,2,0,3,6,3,2,1,3,d2:1;d4:1;d5:1
3575,8,True,7,0,1,4,1,0,3,2,2,1,1,2,d1:1;d2:1
3577,14,True,13,0,2,9,4,0,5,4,3,1,2,2,d1:1;d3:1;d4:1
3579,13,True,12,0,2,2,4,0,4,4,3,1,2,2,d1:1;d3:1;d4:1
3581,17,True,16,0,4,3,2,0,6,8,5,1,4,2,d1:1;d3:1;d4:1;d6:1;d8:1
3583,16,True,15,0,4,2,2,0,0,9,6,2,4,3,d1:1;d2:1;d4:1;d6:1;d7:1;d9:1
3585,16,True,15,0,1,6,2,0,4,4,2,1,1,2,d1:1;d3:1
3587,20,True,19,0,3,15,9,0,11,6,3,2,1,3,d2:1;d4:1;d5:1
3589,15,True,14,0,1,12,1,0,11,3,2,1,1,2,d2:1;d3:1
3591,25,True,24,0,3,1,9,0,4,8,5,2,3,3,d1:1;d2:1;d4:1;d6:1;d7:1
3593,6,True,5,0,1,2,1,0,1,3,2,1,1,2,d1:1;d2:1
3595,15,True,14,0,1,12,1,0,11,3,2,1,1,2,d2:1;d3:1
3597,19,True,18,0,3,14,9,0,10,6,3,2,1,3,d2:1;d4:1;d5:1
3599,13,True,12,0,1,10,1,0,9,3,2,1,1,2,d2:1;d3:1
3601,19,True,18,0,3,14,9,0,10,6,3,2,1,3,d2:1;d4:1;d5:1
3603,28,True,27,0,5,2,13,0,19,6,3,2,1,3,d2:1;d4:1;d5:1
3605,11,True,10,0,4,4,2,0,2,7,5,1,4,2,d1:1;d2:1;d4:1;d6:1;d7:1
3607,9,True,8,0,0,-1,0,0,-1,0,0,0,0,0,none
3609,10,True,9,0,0,-1,0,0,-1,0,0,0,0,0,none
3611,12,True,11,0,1,2,1,0,1,5,3,2,1,3,d2:1;d4:1;d5:1
3613,19,True,18,0,3,14,9,0,10,6,3,2,1,3,d2:1;d4:1;d5:1
3615,14,True,13,0,2,5,5,0,0,5,3,1,2,2,d2:1;d3:1;d5:1
3617,29,True,28,0,4,7,12,0,20,6,3,2,1,3,d2:1;d4:1;d5:1
3619,11,True,10,0,3,3,1,0,2,6,4,1,3,2,d1:1;d2:1;d4:1;d6:1
3621,16,True,15,0,1,4,3,0,1,3,2,1,1,2,d1:1;d2:1
3623,18,True,17,0,3,1,9,0,9,6,3,2,1,3,d2:1;d4:1;d5:1
3625,14,True,13,0,2,3,2,0,1,5,3,1,2,2,d1:1;d3:1;d4:1
3627,12,True,11,0,2,4,1,0,3,5,3,1,2,2,d1:1;d2:1;d4:1
3629,11,True,10,0,0,-1,0,0,-1,0,0,0,0,0,none
3631,20,True,19,0,4,10,10,0,3,4,2,1,1,2,d1:1;d3:1
3633,13,True,12,0,5,4,2,0,2,9,6,1,5,2,d1:1;d3:1;d4:1;d6:1;d8:1;d9:1
3635,13,True,12,0,4,4,2,0,2,8,5,1,4,2,d1:1;d3:1;d4:1;d6:1;d8:1
3637,3,True,2,0,0,-1,0,0,-1,0,0,0,0,0,none
3639,29,True,28,0,6,12,11,0,3,6,3,1,2,2,d1:1;d3:1;d5:1
3641,23,True,22,0,3,18,9,0,14,6,3,2,1,3,d2:1;d4:1;d5:1
3643,27,True,26,0,5,1,13,0,18,6,3,2,1,3,d2:1;d4:1;d5:1
3645,9,True,8,0,0,-1,0,0,-1,0,0,0,0,0,none
3647,24,True,23,0,5,6,13,0,15,6,3,2,1,3,d2:1;d4:1;d5:1
3649,10,True,9,0,0,-1,0,0,-1,0,0,0,0,0,none
3651,8,True,7,0,0,-1,0,0,-1,0,0,0,0,0,none
3653,24,True,23,0,5,20,13,0,15,6,3,2,1,3,d2:1;d4:1;d5:1
3655,20,True,19,0,3,2,9,0,11,6,3,2,1,3,d2:1;d4:1;d5:1
3657,21,True,20,0,2,9,6,0,12,6,3,2,1,3,d2:1;d4:1;d5:1
3659,23,True,22,0,5,1,13,0,14,6,3,2,1,3,d2:1;d4:1;d5:1
3661,23,True,22,0,5,19,13,0,14,6,3,2,1,3,d2:1;d4:1;d5:1
3663,12,True,11,0,1,1,1,0,0,4,3,2,1,3,d1:1;d3:1;d4:1
3665,9,True,8,0,0,-1,0,0,-1,0,0,0,0,0,none
3667,7,True,6,0,0,-1,0,0,-1,0,0,0,0,0,none
3669,8,True,7,0,1,5,1,0,4,3,2,1,1,2,d2:1;d3:1
3671,22,True,21,0,5,18,13,0,13,6,3,2,1,3,d2:1;d4:1;d5:1
3673,28,True,27,0,4,3,12,0,19,6,3,2,1,3,d2:1;d4:1;d5:1
3675,20,True,19,0,1,2,2,0,0,2,2,1,1,2,d1:1;d2:1
3677,22,True,21,0,4,17,12,0,13,6,3,2,1,3,d2:1;d4:1;d5:1
3679,25,True,24,0,4,6,12,0,16,6,3,2,1,3,d2:1;d4:1;d5:1
3681,22,True,21,0,5,18,13,0,13,6,3,2,1,3,d2:1;d4:1;d5:1
3683,21,True,20,0,4,16,12,0,12,6,3,2,1,3,d2:1;d4:1;d5:1
3685,22,True,21,0,4,17,12,0,13,6,3,2,1,3,d2:1;d4:1;d5:1
3687,8,True,7,0,1,2,2,0,0,3,2,1,1,2,d2:1;d3:1
3689,16,True,15,0,4,3,3,0,5,3,2,1,1,2,d1:1;d3:1
3691,16,True,15,0,1,1,1,0,0,2,2,1,1,2,d1:1;d2:1
3693,14,True,13,0,1,8,1,0,7,2,2,1,1,2,d1:1;d2:1
3695,33,True,32,0,6,2,17,0,16,3,2,1,1,2,d1:1;d3:1
3697,9,True,8,0,1,6,1,0,5,3,2,1,1,2,d2:1;d3:1
3699,15,True,14,0,1,9,1,0,8,2,2,1,1,2,d1:1;d2:1
3701,21,True,20,0,5,3,13,0,12,6,3,2,1,3,d2:1;d4:1;d5:1
3703,21,True,20,0,4,16,12,0,12,6,3,2,1,3,d2:1;d4:1;d5:1
3705,27,True,26,0,3,7,9,0,18,6,3,2,1,3,d2:1;d4:1;d5:1
3707,21,True,20,0,4,2,12,0,12,6,3,2,1,3,d2:1;d4:1;d5:1
3709,20,True,19,0,2,2,6,0,4,2,2,1,1,2,d1:1;d2:1
3711,39,True,38,0,5,7,12,0,2,2,2,1,1,2,d1:1;d2:1
3713,15,True,14,0,2,6,3,0,3,5,3,1,2,2,d1:1;d3:1;d5:1
3715,8,True,7,0,1,5,1,0,4,3,2,1,1,2,d2:1;d3:1
3717,23,True,22,0,4,18,12,0,14,6,3,2,1,3,d2:1;d4:1;d5:1
3719,9,True,8,0,1,1,1,0,0,3,2,1,1,2,d2:1;d3:1
3721,12,True,11,0,1,3,2,0,1,3,2,1,1,2,d1:1;d3:1
3723,22,True,21,0,4,1,12,0,13,6,3,2,1,3,d2:1;d4:1;d5:1
3725,8,True,7,0,1,5,1,0,4,3,2,1,1,2,d2:1;d3:1
3727,13,True,12,0,1,4,2,0,2,3,2,1,1,2,d2:1;d3:1
3729,15,True,14,0,0,-1,0,0,-1,0,0,0,0,0,none
3731,14,True,13,0,0,-1,0,0,-1,0,0,0,0,0,none
3733,14,True,13,0,2,2,6,0,5,6,3,2,1,3,d2:1;d4:1;d5:1
3735,7,True,6,0,1,4,1,0,3,3,2,1,1,2,d2:1;d3:1
3737,19,True,18,0,4,5,2,0,10,7,5,1,4,2,d1:1;d2:1;d4:1;d6:1;d7:1
3739,21,True,20,0,4,8,8,0,4,6,4,2,2,3,d1:1;d3:1;d5:1;d6:1
3741,23,True,22,0,4,18,12,0,14,6,3,2,1,3,d2:1;d4:1;d5:1
3743,12,True,11,0,3,2,2,0,1,3,2,1,1,2,d1:1;d3:1
3745,25,True,24,0,3,8,9,0,6,4,3,1,2,2,d1:1;d3:1;d4:1
3747,13,True,12,0,2,8,6,0,4,6,3,2,1,3,d2:1;d4:1;d5:1
3749,27,True,26,0,6,18,17,0,10,3,2,1,1,2,d1:1;d3:1
3751,12,True,11,0,1,2,4,0,0,3,2,1,1,2,d2:1;d3:1
3753,23,True,22,0,4,2,9,0,1,8,5,1,4,2,d1:1;d2:1;d4:1;d6:1;d8:1
3755,12,True,11,0,1,1,1,0,0,2,2,1,1,2,d1:1;d2:1
3757,16,True,15,0,1,9,2,0,7,6,3,2,1,3,d2:1;d4:1;d5:1
3759,15,True,14,0,2,1,6,0,0,4,3,1,2,2,d1:1;d3:1;d4:1
3761,9,True,8,0,1,6,1,0,5,3,2,1,1,2,d2:1;d3:1
3763,8,True,7,0,1,5,1,0,4,3,2,1,1,2,d2:1;d3:1
3765,22,True,21,0,3,4,9,0,13,6,3,2,1,3,d2:1;d4:1;d5:1
3767,16,True,15,0,2,11,4,0,7,4,3,1,2,2,d1:1;d3:1;d4:1
3769,20,True,19,0,4,8,4,0,9,8,5,1,4,2,d1:1;d3:1;d4:1;d6:1;d8:1
3771,19,True,18,0,4,1,2,0,8,8,5,1,4,2,d1:1;d3:1;d4:1;d6:1;d8:1
3773,7,True,6,0,1,2,1,0,1,3,2,1,1,2,d1:1;d3:1
3775,15,True,14,0,3,5,5,0,0,6,4,1,3,2,d1:1;d3:1;d5:1;d6:1
3777,23,True,22,0,3,18,9,0,14,6,3,2,1,3,d2:1;d4:1;d5:1
3779,16,True,15,0,1,13,1,0,12,3,2,1,1,2,d2:1;d3:1
3781,9,True,8,0,0,-1,0,0,-1,0,0,0,0,0,none
3783,22,True,21,0,3,2,9,0,13,6,3,2,1,3,d2:1;d4:1;d5:1
3785,20,True,19,0,3,15,9,0,11,6,3,2,1,3,d2:1;d4:1;d5:1
3787,16,True,15,0,2,1,2,0,2,5,3,1,2,2,d1:1;d3:1;d5:1
3789,9,True,8,0,0,-1,0,0,-1,0,0,0,0,0,none
3791,30,True,29,0,5,4,13,0,21,6,3,2,1,3,d2:1;d4:1;d5:1
3793,15,True,14,0,4,8,2,0,6,7,5,1,4,2,d1:1;d2:1;d4:1;d6:1;d7:1
3795,13,True,12,0,4,6,2,0,4,7,5,1,4,2,d1:1;d2:1;d4:1;d6:1;d7:1
3797,8,True,7,0,0,-1,0,0,-1,0,0,0,0,0,none
3799,12,True,11,0,4,5,2,0,3,7,5,1,4,2,d1:1;d2:1;d4:1;d6:1;d7:1
3801,7,True,6,0,0,-1,0,0,-1,0,0,0,0,0,none
3803,14,True,13,0,1,1,1,0,0,2,2,1,1,2,d1:1;d2:1
3805,6,True,5,0,0,-1,0,0,-1,0,0,0,0,0,none
3807,19,True,18,0,3,1,9,0,10,6,3,2,1,3,d2:1;d4:1;d5:1
3809,30,True,29,0,4,8,12,0,21,6,3,2,1,3,d2:1;d4:1;d5:1
3811,7,True,6,0,0,-1,0,0,-1,0,0,0,0,0,none
3813,5,True,4,0,0,-1,0,0,-1,0,0,0,0,0,none
3815,31,True,30,0,4,4,12,0,22,6,3,2,1,3,d2:1;d4:1;d5:1
3817,19,True,18,0,1,3,2,0,1,4,2,1,1,2,d2:1;d4:1
3819,5,True,4,0,1,1,1,0,0,2,2,1,1,2,d1:1;d2:1
3821,6,True,5,0,0,-1,0,0,-1,0,0,0,0,0,none
3823,29,True,28,0,5,7,13,0,20,6,3,2,1,3,d2:1;d4:1;d5:1
3825,9,True,8,0,0,-1,0,0,-1,0,0,0,0,0,none
3827,15,True,14,0,4,6,2,0,4,8,5,1,4,2,d1:1;d3:1;d4:1;d6:1;d8:1
3829,10,True,9,0,1,3,2,0,1,3,2,1,1,2,d1:1;d3:1
3831,32,True,31,0,7,18,14,0,6,6,3,1,2,2,d1:1;d3:1;d5:1
3833,12,True,11,0,1,5,2,0,3,3,2,1,1,2,d2:1;d3:1
3835,25,True,24,0,3,3,9,0,16,6,3,2,1,3,d2:1;d4:1;d5:1
3837,22,True,21,0,3,5,9,0,3,3,2,1,1,2,d1:1;d3:1
3839,19,True,18,0,6,7,7,0,4,3,2,1,1,2,d1:1;d2:1
3841,9,True,8,0,0,-1,0,0,-1,0,0,0,0,0,none
3843,27,True,26,0,5,23,13,0,18,6,3,2,1,3,d2:1;d4:1;d5:1
3845,12,True,11,0,1,9,1,0,8,3,2,1,1,2,d2:1;d3:1
3847,26,True,25,0,5,1,13,0,17,6,3,2,1,3,d2:1;d4:1;d5:1
3849,23,True,22,0,3,2,9,0,14,6,3,2,1,3,d2:1;d4:1;d5:1
3851,25,True,24,0,5,1,13,0,16,6,3,2,1,3,d2:1;d4:1;d5:1
3853,10,True,9,0,1,7,1,0,6,3,2,1,1,2,d2:1;d3:1
3855,10,True,9,0,1,7,1,0,6,3,2,1,1,2,d2:1;d3:1
3857,11,True,10,0,1,8,1,0,7,3,2,1,1,2,d2:1;d3:1
3859,11,True,10,0,0,-1,0,0,-1,0,0,0,0,0,none
3861,6,True,5,0,0,-1,0,0,-1,0,0,0,0,0,none
3863,24,True,23,0,5,3,13,0,15,6,3,2,1,3,d2:1;d4:1;d5:1
3865,24,True,23,0,5,20,13,0,15,6,3,2,1,3,d2:1;d4:1;d5:1
3867,12,True,11,0,1,3,3,0,0,2,2,1,1,2,d1:1;d2:1
3869,25,True,24,0,4,20,12,0,16,6,3,2,1,3,d2:1;d4:1;d5:1
3871,22,True,21,0,2,4,4,0,0,5,3,1,2,2,d2:1;d4:1;d5:1
3873,12,True,11,0,1,9,1,0,8,3,2,1,1,2,d2:1;d3:1
3875,12,True,11,0,1,9,1,0,8,3,2,1,1,2,d2:1;d3:1
3877,11,True,10,0,1,8,1,0,7,3,2,1,1,2,d2:1;d3:1
3879,23,True,22,0,4,1,12,0,14,6,3,2,1,3,d2:1;d4:1;d5:1
3881,23,True,22,0,4,18,12,0,14,6,3,2,1,3,d2:1;d4:1;d5:1
3883,13,True,12,0,1,1,1,0,0,2,2,1,1,2,d1:1;d2:1
3885,10,True,9,0,0,-1,0,0,-1,0,0,0,0,0,none
3887,11,True,10,0,2,2,2,0,0,4,3,1,2,2,d1:1;d3:1;d4:1
3889,9,True,8,0,0,-1,0,0,-1,0,0,0,0,0,none
3891,9,True,8,0,0,-1,0,0,-1,0,0,0,0,0,none
3893,17,True,16,0,3,12,9,0,8,6,3,2,1,3,d2:1;d4:1;d5:1
3895,16,True,15,0,1,10,1,0,9,2,2,1,1,2,d1:1;d2:1
3897,24,True,23,0,5,6,13,0,15,6,3,2,1,3,d2:1;d4:1;d5:1
3899,23,True,22,0,5,1,13,0,14,6,3,2,1,3,d2:1;d4:1;d5:1
3901,23,True,22,0,5,19,13,0,14,6,3,2,1,3,d2:1;d4:1;d5:1
3903,28,True,27,0,3,2,9,0,19,6,3,2,1,3,d2:1;d4:1;d5:1
3905,17,True,16,0,3,12,9,0,8,6,3,2,1,3,d2:1;d4:1;d5:1
3907,8,True,7,0,0,-1,0,0,-1,0,0,0,0,0,none
3909,17,True,16,0,2,5,6,0,8,6,3,2,1,3,d2:1;d4:1;d5:1
3911,16,True,15,0,2,2,3,0,4,5,3,1,2,2,d1:1;d3:1;d5:1
3913,26,True,25,0,4,21,12,0,17,6,3,2,1,3,d2:1;d4:1;d5:1
3915,17,True,16,0,2,1,6,0,8,6,3,2,1,3,d2:1;d4:1;d5:1
3917,10,True,9,0,1,7,1,0,6,3,2,1,1,2,d2:1;d3:1
3919,14,True,13,0,1,1,2,0,0,4,3,2,1,3,d1:1;d3:1;d4:1
3921,10,True,9,0,1,7,1,0,6,3,2,1,1,2,d2:1;d3:1
3923,28,True,27,0,4,6,9,0,2,6,3,1,2,2,d1:1;d3:1;d5:1
3925,4,True,3,0,0,-1,0,0,-1,0,0,0,0,0,none
3927,16,True,15,0,0,-1,0,0,-1,0,0,0,0,0,none
3929,17,True,16,0,2,12,6,0,8,6,3,2,1,3,d2:1;d4:1;d5:1
3931,15,True,14,0,3,5,5,0,4,3,2,1,1,2,d1:1;d2:1
3933,24,True,23,0,4,5,12,0,15,6,3,2,1,3,d2:1;d4:1;d5:1
3935,15,True,14,0,2,10,6,0,6,6,3,2,1,3,d2:1;d4:1;d5:1
3937,24,True,23,0,4,11,8,0,7,6,4,2,2,3,d1:1;d3:1;d5:1;d6:1
3939,5,True,4,0,0,-1,0,0,-1,0,0,0,0,0,none
3941,5,True,4,0,0,-1,0,0,-1,0,0,0,0,0,none
3943,24,True,23,0,5,7,9,0,1,9,5,1,4,2,d2:1;d4:1;d6:1;d7:1;d9:1
3945,16,True,15,0,2,11,6,0,7,6,3,2,1,3,d2:1;d4:1;d5:1
3947,30,True,29,0,6,1,17,0,13,3,2,1,1,2,d1:1;d3:1
3949,8,True,7,0,0,-1,0,0,-1,0,0,0,0,0,none
3951,14,True,13,0,2,4,4,0,0,4,3,1,2,2,d1:1;d3:1;d4:1
3953,11,True,10,0,1,5,1,0,4,2,2,1,1,2,d1:1;d2:1
3955,25,True,24,0,3,5,9,0,16,6,3,2,1,3,d2:1;d4:1;d5:1
3957,11,True,10,0,1,5,1,0,4,2,2,1,1,2,d1:1;d2:1
3959,24,True,23,0,3,4,9,0,15,6,3,2,1,3,d2:1;d4:1;d5:1
3961,10,True,9,0,1,7,1,0,6,3,2,1,1,2,d2:1;d3:1
3963,11,True,10,0,1,2,2,0,0,2,2,1,1,2,d1:1;d2:1
3965,18,True,17,0,2,7,5,0,9,4,3,1,2,2,d1:1;d3:1;d4:1
3967,8,True,7,0,3,1,1,0,0,7,5,2,3,3,d1:1;d2:1;d4:1;d6:1;d7:1
3969,25,True,24,0,3,7,9,0,16,6,3,2,1,3,d2:1;d4:1;d5:1
3971,10,True,9,0,1,4,1,0,3,2,2,1,1,2,d1:1;d2:1
3973,19,True,18,0,1,5,3,0,2,4,2,1,1,2,d1:1;d3:1
3975,10,True,9,0,1,1,1,0,0,3,2,1,1,2,d2:1;d3:1
3977,27,True,26,0,3,4,9,0,18,6,3,2,1,3,d2:1;d4:1;d5:1
3979,18,True,17,0,1,1,1,0,0,2,2,1,1,2,d1:1;d2:1
3981,5,True,4,0,0,-1,0,0,-1,0,0,0,0,0,none
3983,10,True,9,0,0,-1,0,0,-1,0,0,0,0,0,none
3985,12,True,11,0,0,-1,0,0,-1,0,0,0,0,0,none
3987,10,True,9,0,0,-1,0,0,-1,0,0,0,0,0,none
3989,10,True,9,0,0,-1,0,0,-1,0,0,0,0,0,none
3991,9,True,8,0,0,-1,0,0,-1,0,0,0,0,0,none
3993,10,True,9,0,0,-1,0,0,-1,0,0,0,0,0,none
3995,16,True,15,0,4,1,2,0,7,7,5,1,4,2,d1:1;d2:1;d4:1;d6:1;d7:1
3997,10,True,9,0,0,-1,0,0,-1,0,0,0,0,0,none
3999,29,True,28,0,5,2,13,0,20,6,3,2,1,3,d2:1;d4:1;d5:1
4001,9,True,8,0,1,5,1,0,4,2,2,1,1,2,d1:1;d2:1
4003,10,True,9,0,0,-1,0,0,-1,0,0,0,0,0,none
4005,21,True,20,0,3,4,9,0,2,4,3,1,2,2,d1:1;d3:1;d4:1
4007,9,True,8,0,1,4,4,0,0,3,2,1,1,2,d2:1;d3:1
4009,25,True,24,0,4,5,9,0,8,3,2,1,1,2,d1:1;d3:1
4011,33,True,32,0,4,1,12,0,24,6,3,2,1,3,d2:1;d4:1;d5:1
4013,8,True,7,0,1,4,1,0,3,4,3,2,1,3,d1:1;d2:1;d4:1
4015,7,True,6,0,2,1,1,0,0,4,3,1,2,2,d1:1;d3:1;d4:1
4017,6,True,5,0,0,-1,0,0,-1,0,0,0,0,0,none
4019,5,True,4,0,0,-1,0,0,-1,0,0,0,0,0,none
4021,12,True,11,0,1,5,2,0,3,6,3,2,1,3,d2:1;d4:1;d5:1
4023,7,True,6,0,1,3,1,0,2,2,2,1,1,2,d1:1;d2:1
4025,13,True,12,0,2,8,4,0,4,4,3,1,2,2,d1:1;d3:1;d4:1
4027,12,True,11,0,2,1,4,0,3,4,3,1,2,2,d1:1;d3:1;d4:1
4029,17,True,16,0,4,3,2,0,6,8,5,1,4,2,d1:1;d3:1;d4:1;d6:1;d8:1
4031,16,True,15,0,4,2,2,0,5,8,5,1,4,2,d1:1;d3:1;d4:1;d6:1;d8:1
4033,13,True,12,0,1,6,2,0,4,5,3,2,1,3,d2:1;d4:1;d5:1
4035,13,True,12,0,1,3,2,0,1,4,2,1,1,2,d1:1;d3:1
4037,19,True,18,0,3,14,9,0,10,6,3,2,1,3,d2:1;d4:1;d5:1
4039,28,True,27,0,3,2,9,0,19,6,3,2,1,3,d2:1;d4:1;d5:1
4041,23,True,22,0,3,6,9,0,2,8,5,2,3,3,d1:1;d2:1;d4:1;d6:1;d7:1
4043,5,True,4,0,1,1,1,0,0,2,2,1,1,2,d1:1;d2:1
4045,14,True,13,0,1,11,1,0,10,3,2,1,1,2,d2:1;d3:1
4047,29,True,28,0,5,1,13,0,20,6,3,2,1,3,d2:1;d4:1;d5:1
4049,14,True,13,0,1,11,1,0,10,3,2,1,1,2,d2:1;d3:1
4051,28,True,27,0,5,3,13,0,19,6,3,2,1,3,d2:1;d4:1;d5:1
4053,17,True,16,0,3,12,9,0,8,6,3,2,1,3,d2:1;d4:1;d5:1
4055,26,True,25,0,5,2,13,0,17,6,3,2,1,3,d2:1;d4:1;d5:1
4057,19,True,18,0,3,14,9,0,10,6,3,2,1,3,d2:1;d4:1;d5:1
4059,13,True,12,0,1,1,1,0,0,2,2,1,1,2,d1:1;d2:1
4061,9,True,8,0,0,-1,0,0,-1,0,0,0,0,0,none
4063,11,True,10,0,1,1,1,0,0,5,3,2,1,3,d2:1;d4:1;d5:1
4065,21,True,20,0,4,11,9,0,4,3,2,1,1,2,d1:1;d3:1
4067,17,True,16,0,3,12,9,0,8,6,3,2,1,3,d2:1;d4:1;d5:1
4069,27,True,26,0,4,5,12,0,18,6,3,2,1,3,d2:1;d4:1;d5:1
4071,25,True,24,0,5,1,13,0,16,6,3,2,1,3,d2:1;d4:1;d5:1
4073,14,True,13,0,1,5,4,0,1,4,2,1,1,2,d2:1;d4:1
4075,28,True,27,0,4,1,12,0,19,6,3,2,1,3,d2:1;d4:1;d5:1
4077,16,True,15,0,1,13,1,0,12,3,2,1,1,2,d2:1;d3:1
4079,13,True,12,0,2,2,2,0,0,4,3,1,2,2,d1:1;d3:1;d4:1
4081,11,True,10,0,2,3,1,0,2,5,3,1,2,2,d1:1;d2:1;d4:1
4083,14,True,13,0,1,11,1,0,10,3,2,1,1,2,d2:1;d3:1
4085,9,True,8,0,0,-1,0,0,-1,0,0,0,0,0,none
4087,25,True,24,0,4,20,12,0,16,6,3,2,1,3,d2:1;d4:1;d5:1
4089,16,True,15,0,1,4,1,0,3,2,2,1,1,2,d1:1;d2:1
4091,20,True,19,0,4,3,3,0,9,3,2,1,1,2,d1:1;d3:1
4093,11,True,10,0,2,2,1,0,1,9,5,3,2,4,d2:1;d4:1;d5:1;d7:1;d9:1
4095,27,True,26,0,6,10,10,0,1,6,3,1,2,2,d1:1;d3:1;d5:1
4097,22,True,21,0,3,17,9,0,13,6,3,2,1,3,d2:1;d4:1;d5:1
4099,26,True,25,0,5,8,13,0,17,6,3,2,1,3,d2:1;d4:1;d5:1
4101,9,True,8,0,0,-1,0,0,-1,0,0,0,0,0,none
4103,25,True,24,0,5,7,13,0,16,6,3,2,1,3,d2:1;d4:1;d5:1
4105,26,True,25,0,5,2,13,0,17,6,3,2,1,3,d2:1;d4:1;d5:1
4107,8,True,7,0,0,-1,0,0,-1,0,0,0,0,0,none
4109,8,True,7,0,0,-1,0,0,-1,0,0,0,0,0,none
4111,6,True,5,0,0,-1,0,0,-1,0,0,0,0,0,none
4113,8,True,7,0,0,-1,0,0,-1,0,0,0,0,0,none
4115,20,True,19,0,2,8,6,0,11,6,3,2,1,3,d2:1;d4:1;d5:1
4117,22,True,21,0,5,18,13,0,13,6,3,2,1,3,d2:1;d4:1;d5:1
4119,6,True,5,0,0,-1,0,0,-1,0,0,0,0,0,none
4121,12,True,11,0,1,5,1,0,4,4,2,1,1,2,d2:1;d4:1
4123,20,True,19,0,2,3,2,0,1,5,3,1,2,2,d1:1;d2:1;d4:1
4125,8,True,7,0,0,-1,0,0,-1,0,0,0,0,0,none
4127,29,True,28,0,4,6,6,0,18,8,5,1,4,2,d1:1;d3:1;d4:1;d6:1;d8:1
4129,31,True,30,0,5,10,9,0,5,6,3,1,2,2,d1:1;d3:1;d5:1
4131,21,True,20,0,5,17,13,0,12,6,3,2,1,3,d2:1;d4:1;d5:1
4133,27,True,26,0,4,2,12,0,18,6,3,2,1,3,d2:1;d4:1;d5:1
4135,19,True,18,0,1,3,1,0,2,2,2,1,1,2,d1:1;d2:1
4137,19,True,18,0,2,4,3,0,1,5,3,1,2,2,d1:1;d3:1;d5:1
4139,26,True,25,0,4,7,12,0,17,6,3,2,1,3,d2:1;d4:1;d5:1
4141,22,True,21,0,5,18,13,0,13,6,3,2,1,3,d2:1;d4:1;d5:1
4143,13,True,12,0,1,1,1,0,0,4,2,1,1,2,d1:1;d3:1
4145,8,True,7,0,0,-1,0,0,-1,0,0,0,0,0,none
4147,8,True,7,0,0,-1,0,0,-1,0,0,0,0,0,none
4149,21,True,20,0,4,16,12,0,12,6,3,2,1,3,d2:1;d4:1;d5:1
4151,15,True,14,0,4,2,3,0,4,3,2,1,1,2,d1:1;d3:1
4153,15,True,14,0,1,9,1,0,8,2,2,1,1,2,d1:1;d2:1
4155,13,True,12,0,1,7,1,0,6,2,2,1,1,2,d1:1;d2:1
4157,13,True,12,0,1,7,1,0,6,2,2,1,1,2,d1:1;d2:1
4159,9,True,8,0,0,-1,0,0,-1,0,0,0,0,0,none
4161,14,True,13,0,1,8,1,0,7,2,2,1,1,2,d1:1;d2:1
4163,13,True,12,0,1,7,1,0,6,2,2,1,1,2,d1:1;d2:1
4165,21,True,20,0,4,16,12,0,12,6,3,2,1,3,d2:1;d4:1;d5:1
4167,20,True,19,0,2,5,6,0,11,6,3,2,1,3,d2:1;d4:1;d5:1
4169,26,True,25,0,3,6,9,0,17,6,3,2,1,3,d2:1;d4:1;d5:1
4171,20,True,19,0,4,15,12,0,11,6,3,2,1,3,d2:1;d4:1;d5:1
4173,21,True,20,0,5,17,13,0,12,6,3,2,1,3,d2:1;d4:1;d5:1
4175,19,True,18,0,2,8,6,0,3,2,2,1,1,2,d1:1;d2:1
4177,20,True,19,0,5,16,13,0,11,6,3,2,1,3,d2:1;d4:1;d5:1
4179,13,True,12,0,1,3,2,0,1,4,2,1,1,2,d1:1;d3:1
4181,7,True,6,0,1,4,1,0,3,3,2,1,1,2,d2:1;d3:1
4183,7,True,6,0,0,-1,0,0,-1,0,0,0,0,0,none
4185,8,True,7,0,0,-1,0,0,-1,0,0,0,0,0,none
4187,11,True,10,0,1,5,1,0,4,2,2,1,1,2,d1:1;d2:1
4189,21,True,20,0,4,16,12,0,12,6,3,2,1,3,d2:1;d4:1;d5:1
4191,19,True,18,0,1,2,1,0,1,2,2,1,1,2,d1:1;d2:1
4193,14,True,13,0,1,5,2,0,3,3,2,1,1,2,d2:1;d3:1
4195,12,True,11,0,0,-1,0,0,-1,0,0,0,0,0,none
4197,13,True,12,0,0,-1,0,0,-1,0,0,0,0,0,none
4199,12,True,11,0,2,2,1,0,1,4,3,1,2,2,d1:1;d2:1;d4:1
4201,12,True,11,0,0,-1,0,0,-1,0,0,0,0,0,none
4203,12,True,11,0,0,-1,0,0,-1,0,0,0,0,0,none
4205,18,True,17,0,4,4,2,0,9,7,5,1,4,2,d1:1;d2:1;d4:1;d6:1;d7:1
4207,20,True,19,0,3,7,7,0,3,6,4,2,2,3,d1:1;d3:1;d5:1;d6:1
4209,7,True,6,0,1,4,1,0,3,3,2,1,1,2,d2:1;d3:1
4211,22,True,21,0,4,17,12,0,13,6,3,2,1,3,d2:1;d4:1;d5:1
4213,14,True,13,0,2,9,6,0,5,6,3,2,1,3,d2:1;d4:1;d5:1
4215,23,True,22,0,3,6,9,0,4,4,3,1,2,2,d1:1;d3:1;d4:1
4217,11,True,10,0,1,4,2,0,2,3,2,1,1,2,d1:1;d3:1
4219,24,True,23,0,3,7,9,0,15,6,3,2,1,3,d2:1;d4:1;d5:1
4221,27,True,26,0,5,18,17,0,10,3,2,1,1,2,d1:1;d3:1
4223,22,True,21,0,3,1,9,0,0,7,4,1,3,2,d1:1;d2:1;d4:1;d6:1
4225,11,True,10,0,1,7,1,0,6,4,3,2,1,3,d1:1;d2:1;d4:1
4227,13,True,12,0,2,8,6,0,4,6,3,2,1,3,d2:1;d4:1;d5:1
4229,14,True,13,0,1,7,2,0,5,6,3,2,1,3,d2:1;d4:1;d5:1
4231,7,True,6,0,0,-1,0,0,-1,0,0,0,0,0,none
4233,33,True,32,0,5,4,12,0,3,8,5,2,3,3,d1:1;d3:1;d5:1;d6:1;d8:1
4235,10,True,9,0,1,4,1,0,3,2,2,1,1,2,d1:1;d2:1
4237,7,True,6,0,1,4,1,0,3,3,2,1,1,2,d2:1;d3:1
4239,14,True,13,0,2,9,4,0,5,4,3,1,2,2,d1:1;d3:1;d4:1
4241,19,True,18,0,4,7,4,0,8,8,5,1,4,2,d1:1;d3:1;d4:1;d6:1;d8:1
4243,18,True,17,0,4,4,2,0,7,8,5,1,4,2,d1:1;d3:1;d4:1;d6:1;d8:1
4245,20,True,19,0,3,2,9,0,11,6,3,2,1,3,d2:1;d4:1;d5:1
4247,5,True,4,0,1,2,1,0,1,3,2,1,1,2,d2:1;d3:1
4249,23,True,22,0,3,18,9,0,14,6,3,2,1,3,d2:1;d4:1;d5:1
4251,16,True,15,0,1,2,2,0,1,4,2,1,1,2,d1:1;d3:1
4253,16,True,15,0,1,13,1,0,12,3,2,1,1,2,d2:1;d3:1
4255,30,True,29,0,8,5,7,0,8,4,2,1,1,2,d1:1;d3:1
4257,8,True,7,0,1,4,1,0,3,3,2,1,1,2,d1:1;d2:1
4259,19,True,18,0,3,14,9,0,10,6,3,2,1,3,d2:1;d4:1;d5:1
4261,15,True,14,0,2,3,2,0,1,5,3,1,2,2,d1:1;d3:1;d5:1
4263,22,True,21,0,5,5,7,0,9,4,3,1,2,2,d1:1;d2:1;d4:1
4265,30,True,29,0,5,4,13,0,21,6,3,2,1,3,d2:1;d4:1;d5:1
4267,21,True,20,0,3,16,9,0,12,6,3,2,1,3,d2:1;d4:1;d5:1
4269,14,True,13,0,4,7,2,0,5,7,5,1,4,2,d1:1;d2:1;d4:1;d6:1;d7:1
4271,28,True,27,0,5,1,13,0,19,6,3,2,1,3,d2:1;d4:1;d5:1
4273,13,True,12,0,4,6,2,0,4,7,5,1,4,2,d1:1;d2:1;d4:1;d6:1;d7:1
4275,12,True,11,0,4,5,2,0,3,7,5,1,4,2,d1:1;d2:1;d4:1;d6:1;d7:1
4277,6,True,5,0,0,-1,0,0,-1,0,0,0,0,0,none
4279,13,True,12,0,1,3,1,0,2,5,3,2,1,3,d2:1;d4:1;d5:1
4281,21,True,20,0,3,16,9,0,12,6,3,2,1,3,d2:1;d4:1;d5:1
4283,19,True,18,0,3,14,9,0,10,6,3,2,1,3,d2:1;d4:1;d5:1
4285,30,True,29,0,4,2,12,0,21,6,3,2,1,3,d2:1;d4:1;d5:1
4287,20,True,19,0,3,1,9,0,11,6,3,2,1,3,d2:1;d4:1;d5:1
4289,19,True,18,0,1,7,3,0,4,3,2,1,1,2,d1:1;d2:1
4291,17,True,16,0,1,5,3,0,2,2,2,1,1,2,d1:1;d2:1
4293,4,True,3,0,0,-1,0,0,-1,0,0,0,0,0,none
4295,18,True,17,0,1,15,1,0,14,3,2,1,1,2,d2:1;d3:1
4297,4,True,3,0,0,-1,0,0,-1,0,0,0,0,0,none
4299,12,True,11,0,0,-1,0,0,-1,0,0,0,0,0,none
4301,5,True,4,0,0,-1,0,0,-1,0,0,0,0,0,none
4303,21,True,20,0,3,2,5,0,4,4,2,1,1,2,d1:1;d3:1
4305,15,True,14,0,4,6,2,0,4,8,5,1,4,2,d1:1;d3:1;d4:1;d6:1;d8:1
4307,14,True,13,0,4,5,2,0,3,8,5,1,4,2,d1:1;d3:1;d4:1;d6:1;d8:1
4309,7,True,6,0,0,-1,0,0,-1,0,0,0,0,0,none
4311,30,True,29,0,7,16,14,0,4,6,3,1,2,2,d1:1;d3:1;d5:1
4313,11,True,10,0,1,4,2,0,2,3,2,1,1,2,d2:1;d3:1
4315,24,True,23,0,3,19,9,0,15,6,3,2,1,3,d2:1;d4:1;d5:1
4317,10,True,9,0,0,-1,0,0,-1,0,0,0,0,0,none
4319,21,True,20,0,3,1,9,0,12,6,3,2,1,3,d2:1;d4:1;d5:1
4321,26,True,25,0,5,8,13,0,17,6,3,2,1,3,d2:1;d4:1;d5:1
4323,6,True,5,0,0,-1,0,0,-1,0,0,0,0,0,none
4325,26,True,25,0,5,22,13,0,17,6,3,2,1,3,d2:1;d4:1;d5:1
4327,27,True,26,0,5,2,13,0,18,6,3,2,1,3,d2:1;d4:1;d5:1
4329,10,True,9,0,2,2,1,0,1,4,3,1,2,2,d1:1;d2:1;d4:1
4331,22,True,21,0,3,4,9,0,13,6,3,2,1,3,d2:1;d4:1;d5:1
4333,24,True,23,0,5,20,13,0,15,6,3,2,1,3,d2:1;d4:1;d5:1
4335,11,True,10,0,2,2,2,0,1,5,3,2,1,3,d1:1;d3:1;d5:1
4337,11,True,10,0,1,8,1,0,7,3,2,1,1,2,d2:1;d3:1
4339,14,True,13,0,1,3,1,0,2,3,2,1,1,2,d2:1;d3:1
4341,9,True,8,0,1,6,1,0,5,3,2,1,1,2,d2:1;d3:1
4343,10,True,9,0,0,-1,0,0,-1,0,0,0,0,0,none
4345,9,True,8,0,0,-1,0,0,-1,0,0,0,0,0,none
4347,30,True,29,0,4,7,5,0,19,8,5,1,4,2,d1:1;d3:1;d4:1;d6:1;d8:1
4349,23,True,22,0,5,19,13,0,14,6,3,2,1,3,d2:1;d4:1;d5:1
4351,11,True,10,0,1,8,1,0,7,3,2,1,1,2,d2:1;d3:1
4353,26,True,25,0,4,21,12,0,17,6,3,2,1,3,d2:1;d4:1;d5:1
4355,23,True,22,0,4,18,12,0,14,6,3,2,1,3,d2:1;d4:1;d5:1
4357,11,True,10,0,1,8,1,0,7,3,2,1,1,2,d2:1;d3:1
4359,28,True,27,0,4,3,12,0,19,6,3,2,1,3,d2:1;d4:1;d5:1
4361,25,True,24,0,5,3,13,0,16,6,3,2,1,3,d2:1;d4:1;d5:1
4363,24,True,23,0,4,19,12,0,15,6,3,2,1,3,d2:1;d4:1;d5:1
4365,11,True,10,0,1,8,1,0,7,3,2,1,1,2,d2:1;d3:1
4367,22,True,21,0,4,17,12,0,13,6,3,2,1,3,d2:1;d4:1;d5:1
4369,12,True,11,0,1,9,1,0,8,3,2,1,1,2,d2:1;d3:1
4371,17,True,16,0,4,4,3,0,6,3,2,1,1,2,d1:1;d3:1
4373,8,True,7,0,0,-1,0,0,-1,0,0,0,0,0,none
4375,14,True,13,0,1,2,1,0,1,2,2,1,1,2,d1:1;d2:1
4377,15,True,14,0,1,9,1,0,8,2,2,1,1,2,d1:1;d2:1
4379,34,True,33,0,6,3,17,0,17,3,2,1,1,2,d1:1;d3:1
4381,17,True,16,0,1,11,1,0,10,2,2,1,1,2,d1:1;d2:1
4383,15,True,14,0,2,1,1,0,0,5,3,1,2,2,d1:1;d2:1;d4:1
4385,23,True,22,0,5,5,13,0,14,6,3,2,1,3,d2:1;d4:1;d5:1
4387,22,True,21,0,5,4,13,0,13,6,3,2,1,3,d2:1;d4:1;d5:1
4389,22,True,21,0,5,18,13,0,13,6,3,2,1,3,d2:1;d4:1;d5:1
4391,28,True,27,0,3,8,9,0,19,6,3,2,1,3,d2:1;d4:1;d5:1
4393,22,True,21,0,4,3,12,0,13,6,3,2,1,3,d2:1;d4:1;d5:1
4395,22,True,21,0,2,4,6,0,6,2,2,1,1,2,d1:1;d2:1
4397,8,True,7,0,0,-1,0,0,-1,0,0,0,0,0,none
4399,17,True,16,0,1,2,3,0,0,4,2,1,1,2,d1:1;d3:1
4401,25,True,24,0,4,20,12,0,16,6,3,2,1,3,d2:1;d4:1;d5:1
4403,25,True,24,0,4,20,12,0,16,6,3,2,1,3,d2:1;d4:1;d5:1
4405,16,True,15,0,2,4,6,0,7,6,3,2,1,3,d2:1;d4:1;d5:1
4407,10,True,9,0,1,2,1,0,1,3,2,1,1,2,d2:1;d3:1
4409,14,True,13,0,1,5,2,0,3,3,2,1,1,2,d1:1;d3:1
4411,9,True,8,0,1,6,1,0,5,3,2,1,1,2,d2:1;d3:1
4413,9,True,8,0,1,6,1,0,5,3,2,1,1,2,d2:1;d3:1
4415,27,True,26,0,3,3,9,0,1,5,3,1,2,2,d1:1;d3:1;d5:1
4417,17,True,16,0,2,5,6,0,8,6,3,2,1,3,d2:1;d4:1;d5:1
4419,15,True,14,0,0,-1,0,0,-1,0,0,0,0,0,none
4421,16,True,15,0,2,11,6,0,7,6,3,2,1,3,d2:1;d4:1;d5:1
4423,14,True,13,0,2,4,2,0,3,3,2,1,1,2,d1:1;d2:1
4425,10,True,9,0,1,7,1,0,6,3,2,1,1,2,d2:1;d3:1
4427,16,True,15,0,2,11,6,0,7,6,3,2,1,3,d2:1;d4:1;d5:1
4429,24,True,23,0,4,5,12,0,15,6,3,2,1,3,d2:1;d4:1;d5:1
4431,22,True,21,0,3,9,7,0,5,6,4,2,2,3,d1:1;d3:1;d5:1;d6:1
4433,24,True,23,0,4,3,12,0,15,6,3,2,1,3,d2:1;d4:1;d5:1
4435,13,True,12,0,3,3,2,0,2,3,2,1,1,2,d1:1;d3:1
4437,4,True,3,0,0,-1,0,0,-1,0,0,0,0,0,none
4439,15,True,14,0,2,10,6,0,6,6,3,2,1,3,d2:1;d4:1;d5:1
4441,29,True,28,0,6,20,17,0,12,3,2,1,1,2,d1:1;d3:1
4443,15,True,14,0,2,2,6,0,6,6,3,2,1,3,d2:1;d4:1;d5:1
4445,7,True,6,0,0,-1,0,0,-1,0,0,0,0,0,none
4447,26,True,25,0,4,6,9,0,9,3,2,1,1,2,d1:1;d3:1
4449,14,True,13,0,1,3,1,0,2,3,2,1,1,2,d1:1;d2:1
4451,23,True,22,0,3,3,9,0,14,6,3,2,1,3,d2:1;d4:1;d5:1
4453,23,True,22,0,3,3,9,0,14,6,3,2,1,3,d2:1;d4:1;d5:1
4455,15,True,14,0,2,10,6,0,6,6,3,2,1,3,d2:1;d4:1;d5:1
4457,9,True,8,0,1,6,1,0,5,3,2,1,1,2,d2:1;d3:1
4459,10,True,9,0,1,7,1,0,6,3,2,1,1,2,d2:1;d3:1
4461,18,True,17,0,2,7,5,0,9,4,3,1,2,2,d1:1;d3:1;d4:1
4463,8,True,7,0,1,1,1,0,0,4,2,1,1,2,d1:1;d3:1
4465,10,True,9,0,1,4,1,0,3,2,2,1,1,2,d1:1;d2:1
4467,23,True,22,0,3,5,9,0,14,6,3,2,1,3,d2:1;d4:1;d5:1
4469,9,True,8,0,1,3,1,0,2,2,2,1,1,2,d1:1;d2:1
4471,8,True,7,0,1,3,1,0,2,3,2,1,1,2,d1:1;d3:1
4473,17,True,16,0,3,7,5,0,2,6,4,1,3,2,d1:1;d3:1;d5:1;d6:1
4475,26,True,25,0,3,21,9,0,17,6,3,2,1,3,d2:1;d4:1;d5:1
4477,17,True,16,0,1,14,1,0,13,3,2,1,1,2,d2:1;d3:1
4479,20,True,19,0,3,15,9,0,11,6,3,2,1,3,d2:1;d4:1;d5:1
4481,11,True,10,0,0,-1,0,0,-1,0,0,0,0,0,none
4483,10,True,9,0,0,-1,0,0,-1,0,0,0,0,0,none
4485,10,True,9,0,0,-1,0,0,-1,0,0,0,0,0,none
4487,9,True,8,0,0,-1,0,0,-1,0,0,0,0,0,none
4489,18,True,17,0,1,2,1,0,1,3,2,1,1,2,d1:1;d3:1
4491,32,True,31,0,5,6,13,0,23,6,3,2,1,3,d2:1;d4:1;d5:1
4493,9,True,8,0,0,-1,0,0,-1,0,0,0,0,0,none
4495,15,True,14,0,4,8,2,0,6,7,5,1,4,2,d1:1;d2:1;d4:1;d6:1;d7:1
4497,11,True,10,0,0,-1,0,0,-1,0,0,0,0,0,none
4499,9,True,8,0,0,-1,0,0,-1,0,0,0,0,0,none
4501,9,True,8,0,0,-1,0,0,-1,0,0,0,0,0,none
4503,6,True,5,0,1,2,1,0,1,2,2,1,1,2,d1:1;d2:1
4505,8,True,7,0,0,-1,0,0,-1,0,0,0,0,0,none
4507,15,True,14,0,1,5,1,0,4,5,3,2,1,3,d2:1;d4:1;d5:1
4509,21,True,20,0,3,4,9,0,12,6,3,2,1,3,d2:1;d4:1;d5:1
4511,24,True,23,0,4,4,9,0,7,3,2,1,1,2,d1:1;d3:1
4513,32,True,31,0,4,10,12,0,23,6,3,2,1,3,d2:1;d4:1;d5:1
4515,6,True,5,0,0,-1,0,0,-1,0,0,0,0,0,none
4517,6,True,5,0,1,2,1,0,1,4,3,2,1,3,d1:1;d2:1;d4:1
4519,20,True,19,0,1,2,3,0,1,2,2,1,1,2,d1:1;d2:1
4521,32,True,31,0,4,5,12,0,23,6,3,2,1,3,d2:1;d4:1;d5:1
4523,21,True,20,0,1,5,2,0,3,4,2,1,1,2,d2:1;d4:1
4525,8,True,7,0,1,4,1,0,3,2,2,1,1,2,d1:1;d2:1
4527,6,True,5,0,1,1,1,0,0,4,2,1,1,2,d1:1;d3:1
4529,12,True,11,0,2,7,4,0,3,4,3,1,2,2,d1:1;d3:1;d4:1
4531,11,True,10,0,2,6,4,0,2,4,3,1,2,2,d1:1;d3:1;d4:1
4533,11,True,10,0,1,4,2,0,2,6,3,2,1,3,d2:1;d4:1;d5:1
4535,16,True,15,0,4,7,2,0,5,8,5,1,4,2,d1:1;d3:1;d4:1;d6:1;d8:1
4537,12,True,11,0,1,5,2,0,3,3,2,1,1,2,d1:1;d3:1
4539,34,True,33,0,7,20,14,0,8,6,3,1,2,2,d1:1;d3:1;d5:1
4541,13,True,12,0,1,3,2,0,1,3,2,1,1,2,d1:1;d3:1
4543,31,True,30,0,6,1,11,0,5,6,3,1,2,2,d1:1;d3:1;d5:1
4545,24,True,23,0,4,7,9,0,5,3,2,1,1,2,d1:1;d3:1
4547,22,True,21,0,3,5,9,0,1,8,5,2,3,3,d1:1;d2:1;d4:1;d6:1;d7:1
4549,4,True,3,0,0,-1,0,0,-1,0,0,0,0,0,none
4551,29,True,28,0,5,11,13,0,20,6,3,2,1,3,d2:1;d4:1;d5:1
4553,29,True,28,0,5,25,13,0,20,6,3,2,1,3,d2:1;d4:1;d5:1
4555,14,True,13,0,1,11,1,0,10,3,2,1,1,2,d2:1;d3:1
4557,13,True,12,0,1,10,1,0,9,3,2,1,1,2,d2:1;d3:1
4559,27,True,26,0,5,23,13,0,18,6,3,2,1,3,d2:1;d4:1;d5:1
4561,12,True,11,0,1,9,1,0,8,3,2,1,1,2,d2:1;d3:1
4563,26,True,25,0,5,2,13,0,17,6,3,2,1,3,d2:1;d4:1;d5:1
4565,18,True,17,0,3,13,9,0,9,6,3,2,1,3,d2:1;d4:1;d5:1
4567,12,True,11,0,1,2,1,0,1,3,2,1,1,2,d2:1;d3:1
4569,8,True,7,0,0,-1,0,0,-1,0,0,0,0,0,none
4571,11,True,10,0,1,8,1,0,7,3,2,1,1,2,d2:1;d3:1
4573,8,True,7,0,0,-1,0,0,-1,0,0,0,0,0,none
4575,19,True,18,0,3,7,7,0,2,3,2,1,1,2,d1:1;d3:1
4577,26,True,25,0,5,5,13,0,17,6,3,2,1,3,d2:1;d4:1;d5:1
4579,18,True,17,0,3,13,9,0,9,6,3,2,1,3,d2:1;d4:1;d5:1
4581,26,True,25,0,4,4,12,0,17,6,3,2,1,3,d2:1;d4:1;d5:1
4583,13,True,12,0,1,10,1,0,9,3,2,1,1,2,d2:1;d3:1
4585,27,True,26,0,4,2,12,0,18,6,3,2,1,3,d2:1;d4:1;d5:1
4587,24,True,23,0,2,6,4,0,2,5,3,1,2,2,d2:1;d4:1;d5:1
4589,15,True,14,0,1,12,1,0,11,3,2,1,1,2,d2:1;d3:1
4591,28,True,27,0,8,12,12,0,6,5,2,1,1,2,d2:1;d4:1
4593,18,True,17,0,3,13,9,0,9,6,3,2,1,3,d2:1;d4:1;d5:1
4595,13,True,12,0,1,10,1,0,9,3,2,1,1,2,d2:1;d3:1
4597,10,True,9,0,2,2,1,0,1,4,3,1,2,2,d1:1;d2:1;d4:1
4599,24,True,23,0,4,19,12,0,15,6,3,2,1,3,d2:1;d4:1;d5:1
4601,15,True,14,0,1,3,1,0,2,2,2,1,1,2,d1:1;d2:1
4603,19,True,18,0,4,6,3,0,8,3,2,1,1,2,d1:1;d3:1
4605,12,True,11,0,3,3,2,0,1,6,4,1,3,2,d1:1;d3:1;d4:1;d6:1
4607,28,True,27,0,5,11,11,0,2,6,3,1,2,2,d1:1;d3:1;d5:1
4609,12,True,11,0,0,-1,0,0,-1,0,0,0,0,0,none
4611,19,True,18,0,3,14,9,0,10,6,3,2,1,3,d2:1;d4:1;d5:1
4613,25,True,24,0,5,7,13,0,16,6,3,2,1,3,d2:1;d4:1;d5:1
4615,18,True,17,0,1,12,1,0,11,2,2,1,1,2,d1:1;d2:1
4617,18,True,17,0,3,2,9,0,9,6,3,2,1,3,d2:1;d4:1;d5:1
4619,25,True,24,0,5,21,13,0,16,6,3,2,1,3,d2:1;d4:1;d5:1
4621,7,True,6,0,0,-1,0,0,-1,0,0,0,0,0,none
4623,23,True,22,0,5,19,13,0,14,6,3,2,1,3,d2:1;d4:1;d5:1
4625,7,True,6,0,0,-1,0,0,-1,0,0,0,0,0,none
4627,18,True,17,0,3,13,9,0,9,6,3,2,1,3,d2:1;d4:1;d5:1
4629,6,True,5,0,0,-1,0,0,-1,0,0,0,0,0,none
4631,18,True,17,0,2,6,6,0,9,6,3,2,1,3,d2:1;d4:1;d5:1
4633,18,True,17,0,2,6,6,0,9,6,3,2,1,3,d2:1;d4:1;d5:1
4635,16,True,15,0,2,7,3,0,4,5,3,1,2,2,d1:1;d3:1;d5:1
4637,11,True,10,0,1,4,1,0,3,4,2,1,1,2,d2:1;d4:1
4639,19,True,18,0,2,2,2,0,0,5,3,1,2,2,d1:1;d2:1;d4:1
4641,12,True,11,0,1,9,1,0,8,3,2,1,1,2,d2:1;d3:1
4643,6,True,5,0,0,-1,0,0,-1,0,0,0,0,0,none
4645,29,True,28,0,6,8,9,0,3,6,3,1,2,2,d1:1;d3:1;d5:1
4647,10,True,9,0,1,7,1,0,6,3,2,1,1,2,d2:1;d3:1
4649,25,True,24,0,2,4,3,0,1,5,3,1,2,2,d2:1;d3:1;d5:1
4651,6,True,5,0,0,-1,0,0,-1,0,0,0,0,0,none
4653,27,True,26,0,4,4,12,0,18,6,3,2,1,3,d2:1;d4:1;d5:1
4655,18,True,17,0,1,3,3,0,0,4,2,1,1,2,d1:1;d3:1
4657,25,True,24,0,4,6,12,0,16,6,3,2,1,3,d2:1;d4:1;d5:1
4659,25,True,24,0,4,6,12,0,16,6,3,2,1,3,d2:1;d4:1;d5:1
4661,20,True,19,0,5,16,13,0,11,6,3,2,1,3,d2:1;d4:1;d5:1
4663,16,True,15,0,2,11,6,0,7,6,3,2,1,3,d2:1;d4:1;d5:1
4665,26,True,25,0,4,13,8,0,9,6,4,2,2,3,d1:1;d3:1;d5:1;d6:1
4667,7,True,6,0,0,-1,0,0,-1,0,0,0,0,0,none
4669,6,True,5,0,0,-1,0,0,-1,0,0,0,0,0,none
4671,13,True,12,0,4,4,3,0,2,3,2,1,1,2,d1:1;d3:1
4673,14,True,13,0,1,8,1,0,7,2,2,1,1,2,d1:1;d2:1
4675,12,True,11,0,1,6,1,0,5,2,2,1,1,2,d1:1;d2:1
4677,13,True,12,0,1,7,1,0,6,2,2,1,1,2,d1:1;d2:1
4679,10,True,9,0,0,-1,0,0,-1,0,0,0,0,0,none
4681,9,True,8,0,0,-1,0,0,-1,0,0,0,0,0,none
4683,12,True,11,0,1,6,1,0,5,2,2,1,1,2,d1:1;d2:1
4685,13,True,12,0,1,7,1,0,6,2,2,1,1,2,d1:1;d2:1
4687,26,True,25,0,3,6,9,0,17,6,3,2,1,3,d2:1;d4:1;d5:1
4689,26,True,25,0,3,3,9,0,17,6,3,2,1,3,d2:1;d4:1;d5:1
4691,25,True,24,0,3,5,9,0,16,6,3,2,1,3,d2:1;d4:1;d5:1
4693,19,True,18,0,4,14,12,0,10,6,3,2,1,3,d2:1;d4:1;d5:1
4695,19,True,18,0,2,8,6,0,3,3,2,1,1,2,d1:1;d2:1
4697,19,True,18,0,2,8,6,0,3,2,2,1,1,2,d1:1;d2:1
4699,13,True,12,0,1,4,3,0,1,3,2,1,1,2,d1:1;d2:1
4701,19,True,18,0,5,15,13,0,10,6,3,2,1,3,d2:1;d4:1;d5:1
4703,11,True,10,0,1,5,1,0,4,2,2,1,1,2,d1:1;d2:1
4705,12,True,11,0,1,6,1,0,5,2,2,1,1,2,d1:1;d2:1
4707,6,True,5,0,0,-1,0,0,-1,0,0,0,0,0,none
4709,7,True,6,0,0,-1,0,0,-1,0,0,0,0,0,none
4711,10,True,9,0,1,4,1,0,3,2,2,1,1,2,d1:1;d2:1
4713,28,True,27,0,3,5,9,0,19,6,3,2,1,3,d2:1;d4:1;d5:1
4715,20,True,19,0,1,3,1,0,2,2,2,1,1,2,d1:1;d2:1
4717,13,True,12,0,1,4,2,0,2,4,2,1,1,2,d2:1;d3:1
4719,21,True,20,0,1,3,3,0,0,4,2,1,1,2,d1:1;d3:1
4721,20,True,19,0,4,15,12,0,11,6,3,2,1,3,d2:1;d4:1;d5:1
4723,12,True,11,0,0,-1,0,0,-1,0,0,0,0,0,none
4725,12,True,11,0,0,-1,0,0,-1,0,0,0,0,0,none
4727,11,True,10,0,0,-1,0,0,-1,0,0,0,0,0,none
4729,11,True,10,0,0,-1,0,0,-1,0,0,0,0,0,none
4731,11,True,10,0,0,-1,0,0,-1,0,0,0,0,0,none
4733,17,True,16,0,4,3,2,0,8,7,5,1,4,2,d1:1;d2:1;d4:1;d6:1;d7:1
4735,25,True,24,0,3,3,9,0,0,7,4,1,3,2,d1:1;d3:1;d4:1;d6:1
4737,12,True,11,0,1,4,1,0,3,4,3,2,1,3,d1:1;d3:1;d4:1
4739,20,True,19,0,4,15,12,0,11,6,3,2,1,3,d2:1;d4:1;d5:1
4741,23,True,22,0,3,6,9,0,4,4,3,1,2,2,d1:1;d3:1;d4:1
4743,12,True,11,0,0,-1,0,0,-1,0,0,0,0,0,none
4745,10,True,9,0,1,3,2,0,1,3,2,1,1,2,d1:1;d3:1
4747,23,True,22,0,3,6,9,0,14,6,3,2,1,3,d2:1;d4:1;d5:1
4749,13,True,12,0,2,8,6,0,4,6,3,2,1,3,d2:1;d4:1;d5:1
4751,25,True,24,0,4,5,9,0,8,3,2,1,1,2,d1:1;d3:1
4753,10,True,9,0,1,4,1,0,3,2,2,1,1,2,d1:1;d2:1
4755,9,True,8,0,1,5,1,0,4,4,3,2,1,3,d1:1;d2:1;d4:1
4757,12,True,11,0,2,7,6,0,3,6,3,2,1,3,d2:1;d4:1;d5:1
4759,12,True,11,0,2,7,6,0,3,6,3,2,1,3,d2:1;d4:1;d5:1
4761,7,True,6,0,0,-1,0,0,-1,0,0,0,0,0,none
4763,32,True,31,0,4,3,12,0,2,8,5,2,3,3,d1:1;d3:1;d5:1;d6:1;d8:1
4765,9,True,8,0,1,3,1,0,2,2,2,1,1,2,d1:1;d2:1
4767,19,True,18,0,2,5,5,0,0,5,3,1,2,2,d1:1;d2:1;d4:1
4769,15,True,14,0,2,10,4,0,6,4,3,1,2,2,d1:1;d3:1;d4:1
4771,17,True,16,0,4,5,4,0,6,8,5,1,4,2,d1:1;d3:1;d4:1;d6:1;d8:1
4773,17,True,16,0,4,5,4,0,6,8,5,1,4,2,d1:1;d3:1;d4:1;d6:1;d8:1
4775,12,True,11,0,1,3,2,0,1,2,2,1,1,2,d1:1;d2:1
4777,17,True,16,0,4,3,2,0,1,9,6,2,4,3,d1:1;d2:1;d4:1;d6:1;d7:1;d9:1
4779,15,True,14,0,1,8,2,0,6,5,3,2,1,3,d2:1;d4:1;d5:1
4781,22,True,21,0,3,17,9,0,13,6,3,2,1,3,d2:1;d4:1;d5:1
4783,15,True,14,0,1,1,2,0,0,4,2,1,1,2,d1:1;d3:1
4785,16,True,15,0,1,13,1,0,12,3,2,1,1,2,d2:1;d3:1
4787,15,True,14,0,1,12,1,0,11,3,2,1,1,2,d2:1;d3:1
4789,20,True,19,0,3,15,9,0,11,6,3,2,1,3,d2:1;d4:1;d5:1
4791,6,True,5,0,1,2,1,0,1,2,2,1,1,2,d1:1;d2:1
4793,16,True,15,0,1,13,1,0,12,3,2,1,1,2,d2:1;d3:1
4795,31,True,30,0,5,27,13,0,22,6,3,2,1,3,d2:1;d4:1;d5:1
4797,15,True,14,0,1,2,1,0,1,3,2,1,1,2,d1:1;d3:1
4799,29,True,28,0,5,2,13,0,20,6,3,2,1,3,d2:1;d4:1;d5:1
4801,20,True,19,0,3,15,9,0,11,6,3,2,1,3,d2:1;d4:1;d5:1
4803,28,True,27,0,5,2,13,0,19,6,3,2,1,3,d2:1;d4:1;d5:1
4805,12,True,11,0,4,5,2,0,3,7,5,1,4,2,d1:1;d2:1;d4:1;d6:1;d7:1
4807,21,True,20,0,3,16,9,0,12,6,3,2,1,3,d2:1;d4:1;d5:1
4809,10,True,9,0,0,-1,0,0,-1,0,0,0,0,0,none
4811,10,True,9,0,0,-1,0,0,-1,0,0,0,0,0,none
4813,12,True,11,0,4,5,2,0,3,7,5,1,4,2,d1:1;d2:1;d4:1;d6:1;d7:1
4815,12,True,11,0,1,9,1,0,8,3,2,1,1,2,d2:1;d3:1
4817,20,True,19,0,3,15,9,0,11,6,3,2,1,3,d2:1;d4:1;d5:1
4819,18,True,17,0,3,13,9,0,9,6,3,2,1,3,d2:1;d4:1;d5:1
4821,4,True,3,0,0,-1,0,0,-1,0,0,0,0,0,none
4823,28,True,27,0,4,6,12,0,19,6,3,2,1,3,d2:1;d4:1;d5:1
4825,12,True,11,0,3,4,1,0,3,6,4,1,3,2,d1:1;d2:1;d4:1;d6:1
4827,15,True,14,0,1,12,1,0,11,3,2,1,1,2,d2:1;d3:1
4829,17,True,16,0,1,5,3,0,2,2,2,1,1,2,d1:1;d2:1
4831,18,True,17,0,3,1,9,0,9,6,3,2,1,3,d2:1;d4:1;d5:1
4833,15,True,14,0,2,4,2,0,2,5,3,1,2,2,d1:1;d3:1;d4:1
4835,3,True,2,0,0,-1,0,0,-1,0,0,0,0,0,none
4837,11,True,10,0,0,-1,0,0,-1,0,0,0,0,0,none
4839,28,True,27,0,5,2,13,0,19,6,3,2,1,3,d2:1;d4:1;d5:1
4841,21,True,20,0,4,11,10,0,4,4,2,1,1,2,d1:1;d3:1
4843,27,True,26,0,4,22,12,0,18,6,3,2,1,3,d2:1;d4:1;d5:1
4845,14,True,13,0,4,5,2,0,3,8,5,1,4,2,d1:1;d3:1;d4:1;d6:1;d8:1
4847,27,True,26,0,4,4,12,0,18,6,3,2,1,3,d2:1;d4:1;d5:1
4849,4,True,3,0,0,-1,0,0,-1,0,0,0,0,0,none
4851,30,True,29,0,7,16,14,0,4,6,3,1,2,2,d1:1;d3:1;d5:1
4853,10,True,9,0,1,3,2,0,1,3,2,1,1,2,d2:1;d3:1
4855,23,True,22,0,3,18,9,0,14,6,3,2,1,3,d2:1;d4:1;d5:1
4857,28,True,27,0,5,2,13,0,19,6,3,2,1,3,d2:1;d4:1;d5:1
4859,21,True,20,0,3,3,9,0,12,6,3,2,1,3,d2:1;d4:1;d5:1
4861,26,True,25,0,5,3,13,0,17,6,3,2,1,3,d2:1;d4:1;d5:1
4863,16,True,15,0,5,7,7,0,3,4,3,1,2,2,d1:1;d2:1;d4:1
4865,11,True,10,0,0,-1,0,0,-1,0,0,0,0,0,none
4867,9,True,8,0,0,-1,0,0,-1,0,0,0,0,0,none
4869,25,True,24,0,5,21,13,0,16,6,3,2,1,3,d2:1;d4:1;d5:1
4871,9,True,8,0,1,1,1,0,0,3,2,1,1,2,d1:1;d2:1
4873,21,True,20,0,3,3,9,0,12,6,3,2,1,3,d2:1;d4:1;d5:1
4875,22,True,21,0,2,4,6,0,13,6,3,2,1,3,d2:1;d4:1;d5:1
4877,23,True,22,0,5,19,13,0,14,6,3,2,1,3,d2:1;d4:1;d5:1
4879,22,True,21,0,5,18,13,0,13,6,3,2,1,3,d2:1;d4:1;d5:1
4881,24,True,23,0,5,20,13,0,15,6,3,2,1,3,d2:1;d4:1;d5:1
4883,13,True,12,0,1,6,1,0,5,4,2,1,1,2,d2:1;d4:1
4885,9,True,8,0,1,6,1,0,5,3,2,1,1,2,d2:1;d3:1
4887,8,True,7,0,0,-1,0,0,-1,0,0,0,0,0,none
4889,8,True,7,0,0,-1,0,0,-1,0,0,0,0,0,none
4891,29,True,28,0,4,6,5,0,18,8,5,1,4,2,d1:1;d3:1;d4:1;d6:1;d8:1
4893,24,True,23,0,5,2,13,0,15,6,3,2,1,3,d2:1;d4:1;d5:1
4895,12,True,11,0,2,1,1,0,0,5,3,1,2,2,d1:1;d3:1;d4:1
4897,29,True,28,0,4,4,12,0,20,6,3,2,1,3,d2:1;d4:1;d5:1
4899,23,True,22,0,4,18,12,0,14,6,3,2,1,3,d2:1;d4:1;d5:1
4901,22,True,21,0,4,17,12,0,13,6,3,2,1,3,d2:1;d4:1;d5:1
4903,20,True,19,0,1,1,3,0,0,3,2,1,1,2,d1:1;d2:1
4905,26,True,25,0,4,7,12,0,17,6,3,2,1,3,d2:1;d4:1;d5:1
4907,24,True,23,0,5,20,13,0,15,6,3,2,1,3,d2:1;d4:1;d5:1
4909,23,True,22,0,4,18,12,0,14,6,3,2,1,3,d2:1;d4:1;d5:1
4911,19,True,18,0,2,2,6,0,10,6,3,2,1,3,d2:1;d4:1;d5:1
4913,23,True,22,0,4,18,12,0,14,6,3,2,1,3,d2:1;d4:1;d5:1
4915,23,True,22,0,4,18,12,0,14,6,3,2,1,3,d2:1;d4:1;d5:1
4917,10,True,9,0,1,7,1,0,6,3,2,1,1,2,d2:1;d3:1
4919,16,True,15,0,4,3,3,0,5,3,2,1,1,2,d1:1;d3:1
4921,17,True,16,0,1,2,1,0,1,2,2,1,1,2,d1:1;d2:1
4923,15,True,14,0,1,9,1,0,8,2,2,1,1,2,d1:1;d2:1
4925,14,True,13,0,1,8,1,0,7,2,2,1,1,2,d1:1;d2:1
4927,33,True,32,0,6,2,17,0,16,3,2,1,1,2,d1:1;d3:1
4929,10,True,9,0,1,7,1,0,6,3,2,1,1,2,d2:1;d3:1
4931,15,True,14,0,1,9,1,0,8,2,2,1,1,2,d1:1;d2:1
4933,22,True,21,0,5,4,13,0,13,6,3,2,1,3,d2:1;d4:1;d5:1
4935,29,True,28,0,4,1,9,0,7,8,5,1,4,2,d1:1;d2:1;d4:1;d6:1;d8:1
4937,22,True,21,0,4,17,12,0,13,6,3,2,1,3,d2:1;d4:1;d5:1
4939,22,True,21,0,5,4,13,0,13,6,3,2,1,3,d2:1;d4:1;d5:1
4941,22,True,21,0,5,18,13,0,13,6,3,2,1,3,d2:1;d4:1;d5:1
4943,21,True,20,0,4,16,12,0,12,6,3,2,1,3,d2:1;d4:1;d5:1
4945,21,True,20,0,2,3,6,0,5,2,2,1,1,2,d1:1;d2:1
4947,20,True,19,0,2,2,6,0,4,2,2,1,1,2,d1:1;d2:1
4949,6,True,5,0,0,-1,0,0,-1,0,0,0,0,0,none
4951,14,True,13,0,2,5,3,0,2,5,3,1,2,2,d1:1;d3:1;d5:1
4953,9,True,8,0,1,6,1,0,5,3,2,1,1,2,d2:1;d3:1
4955,16,True,15,0,1,2,1,0,1,3,2,1,1,2,d1:1;d3:1
4957,23,True,22,0,4,18,12,0,14,6,3,2,1,3,d2:1;d4:1;d5:1
4959,8,True,7,0,0,-1,0,0,-1,0,0,0,0,0,none
4961,13,True,12,0,1,4,2,0,2,3,2,1,1,2,d1:1;d3:1
4963,8,True,7,0,1,5,1,0,4,3,2,1,1,2,d2:1;d3:1
4965,8,True,7,0,1,5,1,0,4,3,2,1,1,2,d2:1;d3:1
4967,27,True,26,0,3,3,9,0,1,6,3,1,2,2,d1:1;d3:1;d5:1
4969,14,True,13,0,1,5,2,0,3,3,2,1,1,2,d2:1;d3:1
4971,14,True,13,0,0,-1,0,0,-1,0,0,0,0,0,none
4973,15,True,14,0,0,-1,0,0,-1,0,0,0,0,0,none
4975,14,True,13,0,1,1,1,0,0,4,2,1,1,2,d2:1;d3:1
4977,15,True,14,0,2,3,6,0,6,6,3,2,1,3,d2:1;d4:1;d5:1
4979,9,True,8,0,1,6,1,0,5,3,2,1,1,2,d2:1;d3:1
4981,15,True,14,0,2,10,6,0,6,6,3,2,1,3,d2:1;d4:1;d5:1
4983,19,True,18,0,4,5,2,0,10,7,5,1,4,2,d1:1;d2:1;d4:1;d6:1;d7:1
4985,22,True,21,0,4,9,8,0,5,6,4,2,2,3,d1:1;d3:1;d5:1;d6:1
4987,28,True,27,0,3,6,9,0,3,7,4,1,3,2,d1:1;d3:1;d4:1;d6:1
4989,23,True,22,0,4,2,12,0,14,6,3,2,1,3,d2:1;d4:1;d5:1
4991,12,True,11,0,2,2,2,0,0,7,4,2,2,3,d1:1;d3:1;d5:1;d6:1
4993,26,True,25,0,3,9,9,0,7,4,3,1,2,2,d1:1;d3:1;d4:1
4995,14,True,13,0,2,9,6,0,5,6,3,2,1,3,d2:1;d4:1;d5:1
4997,28,True,27,0,6,19,17,0,11,3,2,1,1,2,d1:1;d3:1
4999,14,True,13,0,2,1,6,0,5,6,3,2,1,3,d2:1;d4:1;d5:1
5001,13,True,12,0,1,3,4,0,1,3,2,1,1,2,d2:1;d3:1
5003,27,True,26,0,4,7,9,0,10,3,2,1,1,2,d1:1;d3:1
5005,6,True,5,0,0,-1,0,0,-1,0,0,0,0,0,none
5007,11,True,10,0,1,7,1,0,6,4,3,2,1,3,d1:1;d2:1;d4:1
5009,17,True,16,0,1,10,2,0,8,6,3,2,1,3,d2:1;d4:1;d5:1
5011,15,True,14,0,1,8,2,0,6,6,3,2,1,3,d2:1;d4:1;d5:1
5013,22,True,21,0,3,2,9,0,13,6,3,2,1,3,d2:1;d4:1;d5:1
5015,8,True,7,0,1,5,1,0,4,3,2,1,1,2,d2:1;d3:1
5017,9,True,8,0,1,6,1,0,5,3,2,1,1,2,d2:1;d3:1
5019,10,True,9,0,1,4,1,0,3,2,2,1,1,2,d1:1;d2:1
5021,17,True,16,0,2,6,5,0,8,4,3,1,2,2,d1:1;d3:1;d4:1
5023,14,True,13,0,2,1,2,0,0,5,3,1,2,2,d1:1;d3:1;d4:1
5025,21,True,20,0,4,9,4,0,10,8,5,1,4,2,d1:1;d3:1;d4:1;d6:1;d8:1
5027,21,True,20,0,3,3,9,0,12,6,3,2,1,3,d2:1;d4:1;d5:1
5029,7,True,6,0,2,2,1,0,1,4,3,1,2,2,d1:1;d3:1;d4:1
5031,20,True,19,0,4,2,2,0,9,8,5,1,4,2,d1:1;d3:1;d4:1;d6:1;d8:1
5033,16,True,15,0,3,6,5,0,1,6,4,1,3,2,d1:1;d3:1;d5:1;d6:1
5035,25,True,24,0,3,20,9,0,16,6,3,2,1,3,d2:1;d4:1;d5:1
5037,18,True,17,0,1,15,1,0,14,3,2,1,1,2,d2:1;d3:1
5039,21,True,20,0,3,1,9,0,12,6,3,2,1,3,d2:1;d4:1;d5:1
5041,10,True,9,0,0,-1,0,0,-1,0,0,0,0,0,none
5043,9,True,8,0,0,-1,0,0,-1,0,0,0,0,0,none
5045,9,True,8,0,0,-1,0,0,-1,0,0,0,0,0,none
5047,20,True,19,0,3,15,9,0,11,6,3,2,1,3,d2:1;d4:1;d5:1
5049,17,True,16,0,2,2,2,0,3,5,3,1,2,2,d1:1;d3:1;d5:1
5051,17,True,16,0,1,4,1,0,3,4,2,1,1,2,d1:1;d3:1
5053,31,True,30,0,5,5,13,0,22,6,3,2,1,3,d2:1;d4:1;d5:1
5055,17,True,16,0,3,4,4,0,2,2,2,1,1,2,d1:1;d2:1
5057,16,True,15,0,4,9,2,0,7,7,5,1,4,2,d1:1;d2:1;d4:1;d6:1;d7:1
5059,13,True,12,0,4,6,2,0,4,7,5,1,4,2,d1:1;d2:1;d4:1;d6:1;d7:1
5061,9,True,8,0,0,-1,0,0,-1,0,0,0,0,0,none
5063,24,True,23,0,3,1,9,0,15,6,3,2,1,3,d2:1;d4:1;d5:1
5065,13,True,12,0,4,6,2,0,4,7,5,1,4,2,d1:1;d2:1;d4:1;d6:1;d7:1
5067,8,True,7,0,0,-1,0,0,-1,0,0,0,0,0,none
5069,7,True,6,0,0,-1,0,0,-1,0,0,0,0,0,none
5071,14,True,13,0,1,4,1,0,3,5,3,2,1,3,d2:1;d4:1;d5:1
5073,7,True,6,0,0,-1,0,0,-1,0,0,0,0,0,none
5075,20,True,19,0,3,2,9,0,11,6,3,2,1,3,d2:1;d4:1;d5:1
5077,8,True,7,0,0,-1,0,0,-1,0,0,0,0,0,none
5079,29,True,28,0,4,7,12,0,20,6,3,2,1,3,d2:1;d4:1;d5:1
5081,8,True,7,0,0,-1,0,0,-1,0,0,0,0,0,none
5083,19,True,18,0,1,7,3,0,4,3,2,1,1,2,d1:1;d2:1
5085,6,True,5,0,0,-1,0,0,-1,0,0,0,0,0,none
5087,31,True,30,0,4,2,12,0,22,6,3,2,1,3,d2:1;d4:1;d5:1
5089,20,True,19,0,1,4,2,0,2,4,2,1,1,2,d2:1;d4:1
5091,8,True,7,0,0,-1,0,0,-1,0,0,0,0,0,none
5093,6,True,5,0,1,2,1,0,1,2,2,1,1,2,d1:1;d2:1
5095,12,True,11,0,1,1,1,0,0,3,2,1,1,2,d1:1;d2:1
5097,30,True,29,0,5,8,13,0,21,6,3,2,1,3,d2:1;d4:1;d5:1
5099,23,True,22,0,3,4,5,0,6,4,2,1,1,2,d1:1;d3:1
5101,16,True,15,0,4,7,2,0,5,8,5,1,4,2,d1:1;d3:1;d4:1;d6:1;d8:1
5103,14,True,13,0,5,2,2,0,3,9,6,1,5,2,d1:1;d3:1;d4:1;d6:1;d8:1;d9:1
5105,11,True,10,0,1,4,2,0,2,3,2,1,1,2,d1:1;d3:1
5107,33,True,32,0,7,19,14,0,7,6,3,1,2,2,d1:1;d3:1;d5:1
5109,10,True,9,0,1,3,2,0,1,5,3,2,1,3,d2:1;d4:1;d5:1
5111,12,True,11,0,1,5,2,0,3,3,2,1,1,2,d2:1;d3:1
5113,26,True,25,0,3,4,9,0,17,6,3,2,1,3,d2:1;d4:1;d5:1
5115,13,True,12,0,0,-1,0,0,-1,0,0,0,0,0,none
5117,22,True,21,0,3,5,9,0,1,7,5,2,3,3,d1:1;d2:1;d4:1;d6:1;d7:1
5119,19,True,18,0,5,6,6,0,4,3,2,1,1,2,d1:1;d2:1
5121,10,True,9,0,0,-1,0,0,-1,0,0,0,0,0,none
5123,28,True,27,0,5,24,13,0,19,6,3,2,1,3,d2:1;d4:1;d5:1
5125,13,True,12,0,1,10,1,0,9,3,2,1,1,2,d2:1;d3:1
5127,28,True,27,0,5,1,13,0,19,6,3,2,1,3,d2:1;d4:1;d5:1
5129,27,True,26,0,5,2,13,0,18,6,3,2,1,3,d2:1;d4:1;d5:1
5131,12,True,11,0,1,9,1,0,8,3,2,1,1,2,d2:1;d3:1
5133,11,True,10,0,1,8,1,0,7,3,2,1,1,2,d2:1;d3:1
5135,24,True,23,0,5,20,13,0,15,6,3,2,1,3,d2:1;d4:1;d5:1
5137,11,True,10,0,1,8,1,0,7,3,2,1,1,2,d2:1;d3:1
5139,12,True,11,0,1,9,1,0,8,3,2,1,1,2,d2:1;d3:1
5141,7,True,6,0,0,-1,0,0,-1,0,0,0,0,0,none
5143,10,True,9,0,1,7,1,0,6,3,2,1,1,2,d2:1;d3:1
5145,12,True,11,0,0,-1,0,0,-1,0,0,0,0,0,none
5147,19,True,18,0,3,7,6,0,2,3,2,1,1,2,d1:1;d3:1
5149,26,True,25,0,5,2,13,0,17,6,3,2,1,3,d2:1;d4:1;d5:1
5151,15,True,14,0,2,7,7,0,0,5,3,1,2,2,d1:1;d3:1;d4:1
5153,25,True,24,0,5,21,13,0,16,6,3,2,1,3,d2:1;d4:1;d5:1
5155,6,True,5,0,0,-1,0,0,-1,0,0,0,0,0,none
5157,25,True,24,0,4,3,12,0,16,6,3,2,1,3,d2:1;d4:1;d5:1
5159,26,True,25,0,4,1,12,0,17,6,3,2,1,3,d2:1;d4:1;d5:1
5161,23,True,22,0,2,5,4,0,1,5,3,1,2,2,d2:1;d4:1;d5:1
5163,13,True,12,0,1,10,1,0,9,3,2,1,1,2,d2:1;d3:1
5165,14,True,13,0,1,11,1,0,10,3,2,1,1,2,d2:1;d3:1
5167,28,True,27,0,4,2,12,0,19,6,3,2,1,3,d2:1;d4:1;d5:1
5169,12,True,11,0,1,9,1,0,8,3,2,1,1,2,d2:1;d3:1
5171,12,True,11,0,1,9,1,0,8,3,2,1,1,2,d2:1;d3:1
5173,17,True,16,0,3,12,9,0,8,6,3,2,1,3,d2:1;d4:1;d5:1
5175,23,True,22,0,4,18,12,0,14,6,3,2,1,3,d2:1;d4:1;d5:1
5177,14,True,13,0,1,2,1,0,1,2,2,1,1,2,d1:1;d2:1
5179,18,True,17,0,4,5,3,0,7,3,2,1,1,2,d1:1;d3:1
5181,9,True,8,0,0,-1,0,0,-1,0,0,0,0,0,none
5183,10,True,9,0,1,7,1,0,6,3,2,1,1,2,d2:1;d3:1
5185,10,True,9,0,0,-1,0,0,-1,0,0,0,0,0,none
5187,9,True,8,0,0,-1,0,0,-1,0,0,0,0,0,none
5189,18,True,17,0,3,13,9,0,9,6,3,2,1,3,d2:1;d4:1;d5:1
5191,14,True,13,0,1,1,1,0,0,3,2,1,1,2,d1:1;d2:1
5193,17,True,16,0,1,11,1,0,10,2,2,1,1,2,d1:1;d2:1
5195,17,True,16,0,3,12,9,0,8,6,3,2,1,3,d2:1;d4:1;d5:1
5197,24,True,23,0,5,20,13,0,15,6,3,2,1,3,d2:1;d4:1;d5:1
5199,23,True,22,0,5,5,13,0,14,6,3,2,1,3,d2:1;d4:1;d5:1
5201,24,True,23,0,5,20,13,0,15,6,3,2,1,3,d2:1;d4:1;d5:1
5203,29,True,28,0,3,3,9,0,20,6,3,2,1,3,d2:1;d4:1;d5:1
5205,5,True,4,0,0,-1,0,0,-1,0,0,0,0,0,none
5207,16,True,15,0,3,11,9,0,7,6,3,2,1,3,d2:1;d4:1;d5:1
5209,9,True,8,0,0,-1,0,0,-1,0,0,0,0,0,none
5211,23,True,22,0,2,4,6,0,2,3,2,1,1,2,d1:1;d2:1
5213,17,True,16,0,2,5,6,0,8,6,3,2,1,3,d2:1;d4:1;d5:1
5215,15,True,14,0,2,6,3,0,3,5,3,1,2,2,d1:1;d3:1;d5:1
5217,27,True,26,0,4,22,12,0,18,6,3,2,1,3,d2:1;d4:1;d5:1
5219,9,True,8,0,1,2,1,0,1,4,2,1,1,2,d2:1;d4:1
5221,10,True,9,0,1,7,1,0,6,3,2,1,1,2,d2:1;d3:1
5223,11,True,10,0,2,4,4,0,1,4,2,1,1,2,d1:1;d3:1
5225,15,True,14,0,1,2,2,0,1,4,3,2,1,3,d1:1;d3:1;d4:1
5227,11,True,10,0,1,8,1,0,7,3,2,1,1,2,d2:1;d3:1
5229,29,True,28,0,5,8,9,0,3,6,3,1,2,2,d1:1;d3:1;d5:1
5231,24,True,23,0,1,3,3,0,0,4,2,1,1,2,d2:1;d3:1
5233,5,True,4,0,0,-1,0,0,-1,0,0,0,0,0,none
5235,18,True,17,0,0,-1,0,0,-1,0,0,0,0,0,none
5237,25,True,24,0,4,2,12,0,16,6,3,2,1,3,d2:1;d4:1;d5:1
5239,17,True,16,0,2,12,6,0,8,6,3,2,1,3,d2:1;d4:1;d5:1
5241,16,True,15,0,3,6,5,0,5,3,2,1,1,2,d1:1;d2:1
5243,12,True,11,0,1,5,1,0,4,2,2,1,1,2,d1:1;d2:1
5245,17,True,16,0,2,2,6,0,1,4,3,1,2,2,d1:1;d3:1;d4:1
5247,16,True,15,0,3,3,3,0,0,7,4,1,3,2,d1:1;d3:1;d5:1;d6:1
5249,25,True,24,0,4,12,8,0,8,6,4,2,2,3,d1:1;d3:1;d5:1;d6:1
5251,6,True,5,0,0,-1,0,0,-1,0,0,0,0,0,none
5253,6,True,5,0,0,-1,0,0,-1,0,0,0,0,0,none
5255,14,True,13,0,4,1,3,0,3,3,2,1,1,2,d1:1;d3:1
5257,25,True,24,0,5,8,9,0,2,9,5,1,4,2,d2:1;d4:1;d6:1;d7:1;d9:1
5259,18,True,17,0,2,13,6,0,9,6,3,2,1,3,d2:1;d4:1;d5:1
5261,12,True,11,0,1,6,1,0,5,2,2,1,1,2,d1:1;d2:1
5263,29,True,28,0,6,20,17,0,12,3,2,1,1,2,d1:1;d3:1
5265,9,True,8,0,0,-1,0,0,-1,0,0,0,0,0,none
5267,8,True,7,0,0,-1,0,0,-1,0,0,0,0,0,none
5269,11,True,10,0,1,5,1,0,4,2,2,1,1,2,d1:1;d2:1
5271,10,True,9,0,1,4,1,0,3,2,2,1,1,2,d1:1;d2:1
5273,26,True,25,0,3,6,9,0,17,6,3,2,1,3,d2:1;d4:1;d5:1
5275,18,True,17,0,2,3,6,0,9,6,3,2,1,3,d2:1;d4:1;d5:1
5277,25,True,24,0,3,2,9,0,16,6,3,2,1,3,d2:1;d4:1;d5:1
5279,12,True,11,0,2,4,4,0,0,5,3,1,2,2,d1:1;d3:1;d4:1
5281,11,True,10,0,1,8,1,0,7,3,2,1,1,2,d2:1;d3:1
5283,18,True,17,0,2,7,6,0,2,3,2,1,1,2,d1:1;d2:1
5285,18,True,17,0,2,7,6,0,2,2,2,1,1,2,d1:1;d2:1
5287,12,True,11,0,1,3,3,0,0,3,2,1,1,2,d1:1;d2:1
5289,9,True,8,0,3,2,1,0,1,7,5,2,3,3,d1:1;d2:1;d4:1;d6:1;d7:1
5291,12,True,11,0,1,6,1,0,5,2,2,1,1,2,d1:1;d2:1
5293,12,True,11,0,1,6,1,0,5,2,2,1,1,2,d1:1;d2:1
5295,23,True,22,0,3,1,9,0,14,6,3,2,1,3,d2:1;d4:1;d5:1
5297,20,True,19,0,1,6,3,0,3,4,2,1,1,2,d1:1;d3:1
5299,19,True,18,0,1,5,3,0,2,4,2,1,1,2,d1:1;d3:1
5301,6,True,5,0,0,-1,0,0,-1,0,0,0,0,0,none
5303,27,True,26,0,3,22,9,0,18,6,3,2,1,3,d2:1;d4:1;d5:1
5305,19,True,18,0,1,2,1,0,1,2,2,1,1,2,d1:1;d2:1
5307,23,True,22,0,3,3,9,0,14,6,3,2,1,3,d2:1;d4:1;d5:1
5309,12,True,11,0,1,3,2,0,1,3,2,1,1,2,d2:1;d3:1
5311,19,True,18,0,2,3,3,0,0,6,3,1,2,2,d2:1;d4:1;d5:1
5313,13,True,12,0,0,-1,0,0,-1,0,0,0,0,0,none
5315,10,True,9,0,0,-1,0,0,-1,0,0,0,0,0,none
5317,11,True,10,0,0,-1,0,0,-1,0,0,0,0,0,none
5319,12,True,11,0,1,1,1,0,0,3,2,1,1,2,d1:1;d2:1
5321,10,True,9,0,0,-1,0,0,-1,0,0,0,0,0,none
5323,10,True,9,0,0,-1,0,0,-1,0,0,0,0,0,none
5325,12,True,11,0,0,-1,0,0,-1,0,0,0,0,0,none
5327,16,True,15,0,4,9,2,0,7,7,5,1,4,2,d1:1;d2:1;d4:1;d6:1;d7:1
5329,11,True,10,0,0,-1,0,0,-1,0,0,0,0,0,none
5331,10,True,9,0,0,-1,0,0,-1,0,0,0,0,0,none
5333,19,True,18,0,4,14,12,0,10,6,3,2,1,3,d2:1;d4:1;d5:1
5335,8,True,7,0,1,4,1,0,3,2,2,1,1,2,d1:1;d2:1
5337,11,True,10,0,0,-1,0,0,-1,0,0,0,0,0,none
5339,9,True,8,0,0,-1,0,0,-1,0,0,0,0,0,none
5341,22,True,21,0,3,5,9,0,13,6,3,2,1,3,d2:1;d4:1;d5:1
5343,9,True,8,0,1,1,1,0,0,5,3,2,1,3,d1:1;d3:1;d4:1
5345,26,True,25,0,4,6,9,0,9,3,2,1,1,2,d1:1;d3:1
5347,18,True,17,0,4,13,12,0,9,6,3,2,1,3,d2:1;d4:1;d5:1
5349,8,True,7,0,1,2,1,0,1,2,2,1,1,2,d1:1;d2:1
5351,33,True,32,0,5,8,13,0,24,6,3,2,1,3,d2:1;d4:1;d5:1
5353,8,True,7,0,2,2,1,0,1,4,3,1,2,2,d1:1;d3:1;d4:1
5355,22,True,21,0,1,4,3,0,3,2,2,1,1,2,d1:1;d2:1
5357,6,True,5,0,0,-1,0,0,-1,0,0,0,0,0,none
5359,31,True,30,0,4,2,12,0,1,8,5,2,3,3,d1:1;d3:1;d5:1;d6:1;d8:1
5361,13,True,12,0,1,6,2,0,4,6,3,2,1,3,d2:1;d4:1;d5:1
5363,8,True,7,0,1,4,1,0,3,2,2,1,1,2,d1:1;d2:1
5365,12,True,11,0,1,5,2,0,3,6,3,2,1,3,d2:1;d4:1;d5:1
5367,13,True,12,0,2,8,4,0,4,4,3,1,2,2,d1:1;d3:1;d4:1
5369,13,True,12,0,2,2,4,0,4,4,3,1,2,2,d1:1;d3:1;d4:1
5371,24,True,23,0,3,5,5,0,7,4,2,1,1,2,d1:1;d3:1
5373,17,True,16,0,4,3,2,0,6,8,5,1,4,2,d1:1;d3:1;d4:1;d6:1;d8:1
5375,16,True,15,0,4,2,2,0,5,8,5,1,4,2,d1:1;d3:1;d4:1;d6:1;d8:1
5377,14,True,13,0,1,7,2,0,5,5,3,2,1,3,d2:1;d4:1;d5:1
5379,14,True,13,0,1,4,2,0,2,4,2,1,1,2,d1:1;d3:1
5381,20,True,19,0,3,15,9,0,11,6,3,2,1,3,d2:1;d4:1;d5:1
5383,14,True,13,0,1,1,2,0,0,3,2,1,1,2,d1:1;d2:1
5385,29,True,28,0,3,3,9,0,20,6,3,2,1,3,d2:1;d4:1;d5:1
5387,25,True,24,0,3,8,9,0,4,8,5,2,3,3,d1:1;d2:1;d4:1;d6:1;d7:1
5389,14,True,13,0,1,11,1,0,10,3,2,1,1,2,d2:1;d3:1
5391,4,True,3,0,0,-1,0,0,-1,0,0,0,0,0,none
5393,15,True,14,0,1,12,1,0,11,3,2,1,1,2,d2:1;d3:1
5395,30,True,29,0,5,26,13,0,21,6,3,2,1,3,d2:1;d4:1;d5:1
5397,18,True,17,0,3,13,9,0,9,6,3,2,1,3,d2:1;d4:1;d5:1
5399,13,True,12,0,1,10,1,0,9,3,2,1,1,2,d2:1;d3:1
5401,29,True,28,0,5,4,13,0,20,6,3,2,1,3,d2:1;d4:1;d5:1
5403,13,True,12,0,3,4,3,0,1,6,4,1,3,2,d1:1;d2:1;d4:1;d6:1
5405,28,True,27,0,5,2,13,0,19,6,3,2,1,3,d2:1;d4:1;d5:1
5407,12,True,11,0,2,1,1,0,0,5,3,1,2,2,d1:1;d3:1;d4:1
5409,20,True,19,0,3,15,9,0,11,6,3,2,1,3,d2:1;d4:1;d5:1
5411,9,True,8,0,0,-1,0,0,-1,0,0,0,0,0,none
5413,9,True,8,0,0,-1,0,0,-1,0,0,0,0,0,none
5415,9,True,8,0,1,1,1,0,0,3,2,1,1,2,d1:1;d2:1
5417,12,True,11,0,1,2,1,0,1,5,3,2,1,3,d2:1;d4:1;d5:1
5419,10,True,9,0,0,-1,0,0,-1,0,0,0,0,0,none
5421,19,True,18,0,3,14,9,0,10,6,3,2,1,3,d2:1;d4:1;d5:1
5423,14,True,13,0,1,2,2,0,0,4,2,1,1,2,d2:1;d3:1
5425,28,True,27,0,4,6,12,0,19,6,3,2,1,3,d2:1;d4:1;d5:1
5427,28,True,27,0,4,6,12,0,19,6,3,2,1,3,d2:1;d4:1;d5:1
5429,11,True,10,0,3,3,1,0,2,6,4,1,3,2,d1:1;d2:1;d4:1;d6:1
5431,14,True,13,0,1,11,1,0,10,3,2,1,1,2,d2:1;d3:1
5433,29,True,28,0,4,2,12,0,20,6,3,2,1,3,d2:1;d4:1;d5:1
5435,18,True,17,0,3,13,9,0,9,6,3,2,1,3,d2:1;d4:1;d5:1
5437,16,True,15,0,1,13,1,0,12,3,2,1,1,2,d2:1;d3:1
5439,13,True,12,0,1,1,1,0,0,6,3,2,1,3,d2:1;d4:1;d5:1
5441,12,True,11,0,2,4,1,0,3,5,3,1,2,2,d1:1;d2:1;d4:1
5443,14,True,13,0,1,11,1,0,10,3,2,1,1,2,d2:1;d3:1
5445,10,True,9,0,0,-1,0,0,-1,0,0,0,0,0,none
5447,20,True,19,0,3,1,5,0,3,4,2,1,1,2,d1:1;d3:1
5449,26,True,25,0,4,21,12,0,17,6,3,2,1,3,d2:1;d4:1;d5:1
5451,10,True,9,0,0,-1,0,0,-1,0,0,0,0,0,none
5453,13,True,12,0,4,4,2,0,2,8,5,1,4,2,d1:1;d3:1;d4:1;d6:1;d8:1
5455,20,True,19,0,4,7,3,0,9,3,2,1,1,2,d1:1;d3:1
5457,12,True,11,0,2,3,1,0,2,9,5,3,2,4,d2:1;d4:1;d5:1;d7:1;d9:1
5459,29,True,28,0,6,12,11,0,3,6,3,1,2,2,d1:1;d3:1;d5:1
5461,2,True,1,0,0,-1,0,0,-1,0,0,0,0,0,none
5463,21,True,20,0,3,16,9,0,12,6,3,2,1,3,d2:1;d4:1;d5:1
5465,27,True,26,0,5,9,13,0,18,6,3,2,1,3,d2:1;d4:1;d5:1
5467,20,True,19,0,3,2,9,0,11,6,3,2,1,3,d2:1;d4:1;d5:1
5469,9,True,8,0,0,-1,0,0,-1,0,0,0,0,0,none
5471,24,True,23,0,5,6,13,0,15,6,3,2,1,3,d2:1;d4:1;d5:1
5473,27,True,26,0,5,3,13,0,18,6,3,2,1,3,d2:1;d4:1;d5:1
5475,8,True,7,0,0,-1,0,0,-1,0,0,0,0,0,none
5477,8,True,7,0,0,-1,0,0,-1,0,0,0,0,0,none
5479,32,True,31,0,3,5,9,0,1,5,3,1,2,2,d1:1;d2:1;d4:1
5481,7,True,6,0,0,-1,0,0,-1,0,0,0,0,0,none
5483,20,True,19,0,3,15,9,0,11,6,3,2,1,3,d2:1;d4:1;d5:1
5485,21,True,20,0,2,3,6,0,12,6,3,2,1,3,d2:1;d4:1;d5:1
5487,10,True,9,0,1,1,1,0,0,4,2,1,1,2,d2:1;d4:1
5489,23,True,22,0,5,19,13,0,14,6,3,2,1,3,d2:1;d4:1;d5:1
5491,8,True,7,0,0,-1,0,0,-1,0,0,0,0,0,none
5493,22,True,21,0,5,18,13,0,13,6,3,2,1,3,d2:1;d4:1;d5:1
5495,12,True,11,0,1,5,1,0,4,4,2,1,1,2,d2:1;d4:1
5497,21,True,20,0,2,4,2,0,2,5,3,1,2,2,d1:1;d2:1;d4:1
5499,13,True,12,0,1,10,1,0,9,3,2,1,1,2,d2:1;d3:1
5501,7,True,6,0,0,-1,0,0,-1,0,0,0,0,0,none
5503,28,True,27,0,4,5,5,0,17,8,5,1,4,2,d1:1;d3:1;d4:1;d6:1;d8:1
5505,32,True,31,0,5,11,9,0,6,6,3,1,2,2,d1:1;d3:1;d5:1
5507,22,True,21,0,5,18,13,0,13,6,3,2,1,3,d2:1;d4:1;d5:1
5509,28,True,27,0,4,3,12,0,19,6,3,2,1,3,d2:1;d4:1;d5:1
5511,21,True,20,0,5,1,13,0,12,6,3,2,1,3,d2:1;d4:1;d5:1
5513,20,True,19,0,1,4,1,0,3,2,2,1,1,2,d1:1;d2:1
5515,27,True,26,0,4,4,12,0,18,6,3,2,1,3,d2:1;d4:1;d5:1
5517,22,True,21,0,4,17,12,0,13,6,3,2,1,3,d2:1;d4:1;d5:1
5519,25,True,24,0,4,6,12,0,16,6,3,2,1,3,d2:1;d4:1;d5:1
5521,23,True,22,0,5,19,13,0,14,6,3,2,1,3,d2:1;d4:1;d5:1
5523,21,True,20,0,5,17,13,0,12,6,3,2,1,3,d2:1;d4:1;d5:1
5525,21,True,20,0,4,16,12,0,12,6,3,2,1,3,d2:1;d4:1;d5:1
5527,7,True,6,0,0,-1,0,0,-1,0,0,0,0,0,none
5529,9,True,8,0,0,-1,0,0,-1,0,0,0,0,0,none
5531,8,True,7,0,0,-1,0,0,-1,0,0,0,0,0,none
5533,16,True,15,0,4,3,3,0,5,3,2,1,1,2,d1:1;d3:1
5535,21,True,20,0,4,4,4,0,12,7,5,1,4,2,d1:1;d2:1;d4:1;d6:1;d7:1
5537,16,True,15,0,1,10,1,0,9,2,2,1,1,2,d1:1;d2:1
5539,14,True,13,0,1,8,1,0,7,2,2,1,1,2,d1:1;d2:1
5541,13,True,12,0,1,7,1,0,6,2,2,1,1,2,d1:1;d2:1
5543,33,True,32,0,6,2,17,0,16,3,2,1,1,2,d1:1;d3:1
5545,10,True,9,0,0,-1,0,0,-1,0,0,0,0,0,none
5547,11,True,10,0,0,-1,0,0,-1,0,0,0,0,0,none
5549,15,True,14,0,1,9,1,0,8,2,2,1,1,2,d1:1;d2:1
5551,13,True,12,0,1,1,1,0,0,4,2,1,1,2,d2:1;d4:1
5553,22,True,21,0,4,17,12,0,13,6,3,2,1,3,d2:1;d4:1;d5:1
5555,21,True,20,0,4,16,12,0,12,6,3,2,1,3,d2:1;d4:1;d5:1
5557,21,True,20,0,5,3,13,0,12,6,3,2,1,3,d2:1;d4:1;d5:1
5559,26,True,25,0,3,6,9,0,17,6,3,2,1,3,d2:1;d4:1;d5:1
5561,21,True,20,0,4,16,12,0,12,6,3,2,1,3,d2:1;d4:1;d5:1
5563,22,True,21,0,2,11,6,0,6,3,2,1,1,2,d1:1;d2:1
5565,20,True,19,0,2,9,6,0,4,2,2,1,1,2,d1:1;d2:1
5567,39,True,38,0,4,7,12,0,2,2,2,1,1,2,d1:1;d2:1
5569,21,True,20,0,5,17,13,0,12,6,3,2,1,3,d2:1;d4:1;d5:1
5571,13,True,12,0,2,4,3,0,1,5,3,1,2,2,d1:1;d3:1;d5:1
5573,8,True,7,0,1,5,1,0,4,3,2,1,1,2,d2:1;d3:1
5575,15,True,14,0,1,1,1,0,0,3,2,1,1,2,d1:1;d3:1
5577,8,True,7,0,0,-1,0,0,-1,0,0,0,0,0,none
5579,9,True,8,0,0,-1,0,0,-1,0,0,0,0,0,none
5581,23,True,22,0,4,18,12,0,14,6,3,2,1,3,d2:1;d4:1;d5:1
5583,11,True,10,0,1,5,1,0,4,2,2,1,1,2,d1:1;d2:1
5585,22,True,21,0,4,17,12,0,13,6,3,2,1,3,d2:1;d4:1;d5:1
5587,21,True,20,0,1,2,1,0,1,3,2,1,1,2,d1:1;d3:1
5589,7,True,6,0,1,4,1,0,3,3,2,1,1,2,d2:1;d3:1
5591,13,True,12,0,1,4,2,0,2,3,2,1,1,2,d2:1;d3:1
5593,13,True,12,0,0,-1,0,0,-1,0,0,0,0,0,none
5595,20,True,19,0,4,15,12,0,11,6,3,2,1,3,d2:1;d4:1;d5:1
5597,14,True,13,0,0,-1,0,0,-1,0,0,0,0,0,none
5599,12,True,11,0,2,2,2,0,1,3,2,1,1,2,d1:1;d2:1
5601,13,True,12,0,0,-1,0,0,-1,0,0,0,0,0,none
5603,7,True,6,0,1,4,1,0,3,3,2,1,1,2,d2:1;d3:1
5605,18,True,17,0,4,4,2,0,9,7,5,1,4,2,d1:1;d2:1;d4:1;d6:1;d7:1
5607,12,True,11,0,1,1,1,0,0,3,2,1,1,2,d1:1;d3:1
5609,21,True,20,0,3,8,7,0,4,6,4,2,2,3,d1:1;d3:1;d5:1;d6:1
5611,27,True,26,0,3,5,9,0,2,7,4,1,3,2,d1:1;d3:1;d4:1;d6:1
5613,23,True,22,0,4,18,12,0,14,6,3,2,1,3,d2:1;d4:1;d5:1
5615,12,True,11,0,2,2,2,0,1,3,2,1,1,2,d1:1;d3:1
5617,15,True,14,0,2,10,6,0,6,6,3,2,1,3,d2:1;d4:1;d5:1
5619,24,True,23,0,3,7,9,0,5,4,3,1,2,2,d1:1;d3:1;d4:1
5621,13,True,12,0,2,8,6,0,4,6,3,2,1,3,d2:1;d4:1;d5:1
5623,11,True,10,0,1,4,2,0,2,3,2,1,1,2,d1:1;d3:1
5625,25,True,24,0,3,8,9,0,16,6,3,2,1,3,d2:1;d4:1;d5:1
5627,12,True,11,0,1,7,4,0,3,3,2,1,1,2,d2:1;d3:1
5629,26,True,25,0,4,6,9,0,9,3,2,1,1,2,d1:1;d3:1
5631,21,True,20,0,3,3,9,0,12,6,3,2,1,3,d2:1;d4:1;d5:1
5633,12,True,11,0,1,8,1,0,7,4,3,2,1,3,d1:1;d2:1;d4:1
5635,14,True,13,0,2,9,6,0,5,6,3,2,1,3,d2:1;d4:1;d5:1
5637,15,True,14,0,1,8,2,0,6,6,3,2,1,3,d2:1;d4:1;d5:1
5639,15,True,14,0,2,1,6,0,6,6,3,2,1,3,d2:1;d4:1;d5:1
5641,8,True,7,0,0,-1,0,0,-1,0,0,0,0,0,none
5643,15,True,14,0,1,8,2,0,6,6,3,2,1,3,d2:1;d4:1;d5:1
5645,8,True,7,0,1,5,1,0,4,3,2,1,1,2,d2:1;d3:1
5647,9,True,8,0,1,3,1,0,2,2,2,1,1,2,d1:1;d2:1
5649,8,True,7,0,1,5,1,0,4,3,2,1,1,2,d2:1;d3:1
5651,16,True,15,0,2,11,4,0,7,4,3,1,2,2,d1:1;d3:1;d4:1
5653,21,True,20,0,3,3,9,0,12,6,3,2,1,3,d2:1;d4:1;d5:1
5655,18,True,17,0,4,6,4,0,7,8,5,1,4,2,d1:1;d3:1;d4:1;d6:1;d8:1
5657,19,True,18,0,4,5,2,0,8,8,5,1,4,2,d1:1;d3:1;d4:1;d6:1;d8:1
5659,13,True,12,0,1,4,3,0,1,5,3,2,1,3,d1:1;d3:1;d5:1
5661,7,True,6,0,1,4,1,0,3,3,2,1,1,2,d2:1;d3:1
5663,15,True,14,0,2,4,4,0,0,5,3,1,2,2,d1:1;d3:1;d5:1
5665,24,True,23,0,3,19,9,0,15,6,3,2,1,3,d2:1;d4:1;d5:1
5667,21,True,20,0,3,16,9,0,12,6,3,2,1,3,d2:1;d4:1;d5:1
5669,16,True,15,0,1,13,1,0,12,3,2,1,1,2,d2:1;d3:1
5671,16,True,15,0,1,1,1,0,0,3,2,1,1,2,d1:1;d3:1
5673,31,True,30,0,8,6,7,0,9,4,2,1,1,2,d1:1;d3:1
5675,22,True,21,0,3,17,9,0,13,6,3,2,1,3,d2:1;d4:1;d5:1
5677,21,True,20,0,3,16,9,0,12,6,3,2,1,3,d2:1;d4:1;d5:1
5679,26,True,25,0,3,4,9,0,2,5,3,1,2,2,d1:1;d3:1;d4:1
5681,16,True,15,0,2,4,2,0,2,5,3,1,2,2,d1:1;d3:1;d5:1
5683,16,True,15,0,1,3,1,0,2,4,2,1,1,2,d1:1;d3:1
5685,8,True,7,0,0,-1,0,0,-1,0,0,0,0,0,none
5687,30,True,29,0,5,3,13,0,21,6,3,2,1,3,d2:1;d4:1;d5:1
5689,22,True,21,0,3,17,9,0,13,6,3,2,1,3,d2:1;d4:1;d5:1
5691,30,True,29,0,5,4,13,0,21,6,3,2,1,3,d2:1;d4:1;d5:1
5693,13,True,12,0,4,6,2,0,4,7,5,1,4,2,d1:1;d2:1;d4:1;d6:1;d7:1
5695,27,True,26,0,5,3,13,0,18,6,3,2,1,3,d2:1;d4:1;d5:1
5697,14,True,13,0,4,7,2,0,5,7,5,1,4,2,d1:1;d2:1;d4:1;d6:1;d7:1
5699,12,True,11,0,4,5,2,0,3,7,5,1,4,2,d1:1;d2:1;d4:1;d6:1;d7:1
5701,7,True,6,0,0,-1,0,0,-1,0,0,0,0,0,none
5703,12,True,11,0,1,1,1,0,0,3,2,1,1,2,d1:1;d3:1
5705,14,True,13,0,1,4,1,0,3,5,3,2,1,3,d2:1;d4:1;d5:1
5707,6,True,5,0,0,-1,0,0,-1,0,0,0,0,0,none
5709,6,True,5,0,0,-1,0,0,-1,0,0,0,0,0,none
5711,19,True,18,0,3,14,9,0,10,6,3,2,1,3,d2:1;d4:1;d5:1
5713,31,True,30,0,4,3,12,0,22,6,3,2,1,3,d2:1;d4:1;d5:1
5715,29,True,28,0,4,7,12,0,20,6,3,2,1,3,d2:1;d4:1;d5:1
5717,7,True,6,0,0,-1,0,0,-1,0,0,0,0,0,none
5719,18,True,17,0,1,6,3,0,3,3,2,1,1,2,d1:1;d2:1
5721,18,True,17,0,1,6,3,0,3,2,2,1,1,2,d1:1;d2:1
5723,31,True,30,0,4,2,12,0,22,6,3,2,1,3,d2:1;d4:1;d5:1
5725,4,True,3,0,0,-1,0,0,-1,0,0,0,0,0,none
5727,17,True,16,0,1,14,1,0,13,3,2,1,1,2,d2:1;d3:1
5729,5,True,4,0,0,-1,0,0,-1,0,0,0,0,0,none
5731,4,True,3,0,0,-1,0,0,-1,0,0,0,0,0,none
5733,5,True,4,0,0,-1,0,0,-1,0,0,0,0,0,none
5735,29,True,28,0,5,3,13,0,20,6,3,2,1,3,d2:1;d4:1;d5:1
5737,22,True,21,0,3,3,5,0,5,4,2,1,1,2,d1:1;d3:1
5739,29,True,28,0,4,24,12,0,20,6,3,2,1,3,d2:1;d4:1;d5:1
5741,15,True,14,0,4,6,2,0,4,8,5,1,4,2,d1:1;d3:1;d4:1;d6:1;d8:1
5743,18,True,17,0,1,2,2,0,0,4,2,1,1,2,d2:1;d4:1
5745,8,True,7,0,0,-1,0,0,-1,0,0,0,0,0,none
5747,32,True,31,0,7,18,14,0,6,6,3,1,2,2,d1:1;d3:1;d5:1
5749,10,True,9,0,0,-1,0,0,-1,0,0,0,0,0,none
5751,11,True,10,0,1,4,2,0,2,3,2,1,1,2,d2:1;d3:1
5753,25,True,24,0,3,20,9,0,16,6,3,2,1,3,d2:1;d4:1;d5:1
5755,12,True,11,0,0,-1,0,0,-1,0,0,0,0,0,none
5757,22,True,21,0,3,4,9,0,13,6,3,2,1,3,d2:1;d4:1;d5:1
5759,19,True,18,0,5,6,6,0,4,3,2,1,1,2,d1:1;d2:1
5761,27,True,26,0,5,9,13,0,18,6,3,2,1,3,d2:1;d4:1;d5:1
5763,7,True,6,0,0,-1,0,0,-1,0,0,0,0,0,none
5765,27,True,26,0,5,23,13,0,18,6,3,2,1,3,d2:1;d4:1;d5:1
5767,11,True,10,0,1,1,1,0,0,3,2,1,1,2,d1:1;d3:1
5769,28,True,27,0,5,3,13,0,19,6,3,2,1,3,d2:1;d4:1;d5:1
5771,26,True,25,0,5,22,13,0,17,6,3,2,1,3,d2:1;d4:1;d5:1
5773,11,True,10,0,1,8,1,0,7,3,2,1,1,2,d2:1;d3:1
5775,21,True,20,0,3,3,9,0,12,6,3,2,1,3,d2:1;d4:1;d5:1
5777,25,True,24,0,5,21,13,0,16,6,3,2,1,3,d2:1;d4:1;d5:1
5779,24,True,23,0,5,20,13,0,15,6,3,2,1,3,d2:1;d4:1;d5:1
5781,9,True,8,0,1,6,1,0,5,3,2,1,1,2,d2:1;d3:1
5783,10,True,9,0,1,7,1,0,6,3,2,1,1,2,d2:1;d3:1
5785,15,True,14,0,1,4,1,0,3,3,2,1,1,2,d2:1;d3:1
5787,13,True,12,0,2,2,1,0,1,4,3,1,2,2,d1:1;d2:1;d4:1
5789,11,True,10,0,0,-1,0,0,-1,0,0,0,0,0,none
5791,18,True,17,0,3,6,6,0,1,3,2,1,1,2,d1:1;d3:1
5793,10,True,9,0,0,-1,0,0,-1,0,0,0,0,0,none
5795,24,True,23,0,5,3,13,0,15,6,3,2,1,3,d2:1;d4:1;d5:1
5797,23,True,22,0,5,19,13,0,14,6,3,2,1,3,d2:1;d4:1;d5:1
5799,33,True,32,0,5,2,9,0,7,6,3,1,2,2,d1:1;d3:1;d5:1
5801,12,True,11,0,1,9,1,0,8,3,2,1,1,2,d2:1;d3:1
5803,31,True,30,0,4,6,12,0,22,6,3,2,1,3,d2:1;d4:1;d5:1
5805,25,True,24,0,4,20,12,0,16,6,3,2,1,3,d2:1;d4:1;d5:1
5807,22,True,21,0,1,1,1,0,0,4,2,1,1,2,d2:1;d4:1
5809,12,True,11,0,1,9,1,0,8,3,2,1,1,2,d2:1;d3:1
5811,11,True,10,0,1,8,1,0,7,3,2,1,1,2,d2:1;d3:1
5813,12,True,11,0,1,9,1,0,8,3,2,1,1,2,d2:1;d3:1
5815,25,True,24,0,5,21,13,0,16,6,3,2,1,3,d2:1;d4:1;d5:1
5817,25,True,24,0,4,20,12,0,16,6,3,2,1,3,d2:1;d4:1;d5:1
5819,23,True,22,0,4,18,12,0,14,6,3,2,1,3,d2:1;d4:1;d5:1
5821,24,True,23,0,4,19,12,0,15,6,3,2,1,3,d2:1;d4:1;d5:1
5823,23,True,22,0,5,3,13,0,14,6,3,2,1,3,d2:1;d4:1;d5:1
5825,13,True,12,0,1,10,1,0,9,3,2,1,1,2,d2:1;d3:1
5827,17,True,16,0,4,4,3,0,6,3,2,1,1,2,d1:1;d3:1
5829,9,True,8,0,0,-1,0,0,-1,0,0,0,0,0,none
5831,11,True,10,0,1,1,1,0,0,3,2,1,1,2,d1:1;d3:1
5833,15,True,14,0,1,3,1,0,2,2,2,1,1,2,d1:1;d2:1
5835,15,True,14,0,1,9,1,0,8,2,2,1,1,2,d1:1;d2:1
5837,9,True,8,0,0,-1,0,0,-1,0,0,0,0,0,none
5839,34,True,33,0,6,3,17,0,17,3,2,1,1,2,d1:1;d3:1
5841,18,True,17,0,1,12,1,0,11,2,2,1,1,2,d1:1;d2:1
5843,16,True,15,0,1,10,1,0,9,2,2,1,1,2,d1:1;d2:1
5845,16,True,15,0,3,11,9,0,7,6,3,2,1,3,d2:1;d4:1;d5:1
5847,22,True,21,0,5,4,13,0,13,6,3,2,1,3,d2:1;d4:1;d5:1
5849,23,True,22,0,5,5,13,0,14,6,3,2,1,3,d2:1;d4:1;d5:1
5851,23,True,22,0,4,18,12,0,14,6,3,2,1,3,d2:1;d4:1;d5:1
5853,23,True,22,0,5,19,13,0,14,6,3,2,1,3,d2:1;d4:1;d5:1
5855,28,True,27,0,3,1,9,0,19,6,3,2,1,3,d2:1;d4:1;d5:1
5857,23,True,22,0,4,4,12,0,14,6,3,2,1,3,d2:1;d4:1;d5:1
5859,15,True,14,0,3,10,9,0,6,6,3,2,1,3,d2:1;d4:1;d5:1
5861,8,True,7,0,0,-1,0,0,-1,0,0,0,0,0,none
5863,22,True,21,0,2,3,6,0,1,3,2,1,1,2,d1:1;d2:1
5865,18,True,17,0,1,3,3,0,1,4,2,1,1,2,d1:1;d3:1
5867,16,True,15,0,2,7,3,0,4,5,3,1,2,2,d1:1;d3:1;d5:1
5869,26,True,25,0,4,21,12,0,17,6,3,2,1,3,d2:1;d4:1;d5:1
5871,13,True,12,0,1,1,1,0,0,4,2,1,1,2,d2:1;d4:1
5873,17,True,16,0,2,5,6,0,8,6,3,2,1,3,d2:1;d4:1;d5:1
5875,11,True,10,0,1,3,1,0,2,4,2,1,1,2,d2:1;d3:1
5877,9,True,8,0,1,6,1,0,5,3,2,1,1,2,d2:1;d3:1
5879,14,True,13,0,1,5,2,0,3,3,2,1,1,2,d1:1;d3:1
5881,10,True,9,0,1,7,1,0,6,3,2,1,1,2,d2:1;d3:1
5883,23,True,22,0,4,18,12,0,14,6,3,2,1,3,d2:1;d4:1;d5:1
5885,28,True,27,0,4,6,9,0,2,6,3,1,2,2,d1:1;d3:1;d5:1
5887,22,True,21,0,4,4,4,0,0,8,5,1,4,2,d1:1;d3:1;d4:1;d6:1;d8:1
5889,18,True,17,0,2,6,6,0,9,6,3,2,1,3,d2:1;d4:1;d5:1
5891,16,True,15,0,0,-1,0,0,-1,0,0,0,0,0,none
5893,17,True,16,0,2,12,6,0,8,6,3,2,1,3,d2:1;d4:1;d5:1
5895,16,True,15,0,1,1,1,0,0,3,2,1,1,2,d1:1;d3:1
5897,15,True,14,0,2,5,2,0,4,3,2,1,1,2,d1:1;d2:1
5899,11,True,10,0,1,4,1,0,3,2,2,1,1,2,d1:1;d2:1
5901,24,True,23,0,4,5,12,0,15,6,3,2,1,3,d2:1;d4:1;d5:1
5903,15,True,14,0,2,10,6,0,6,6,3,2,1,3,d2:1;d4:1;d5:1
5905,25,True,24,0,4,6,12,0,16,6,3,2,1,3,d2:1;d4:1;d5:1
5907,23,True,22,0,4,10,8,0,6,6,4,2,2,3,d1:1;d3:1;d5:1;d6:1
5909,5,True,4,0,0,-1,0,0,-1,0,0,0,0,0,none
5911,23,True,22,0,4,2,12,0,14,6,3,2,1,3,d2:1;d4:1;d5:1
5913,14,True,13,0,3,4,2,0,3,3,2,1,1,2,d1:1;d3:1
5915,24,True,23,0,4,7,9,0,1,9,5,1,4,2,d2:1;d4:1;d6:1;d7:1;d9:1
5917,17,True,16,0,2,12,6,0,8,6,3,2,1,3,d2:1;d4:1;d5:1
5919,26,True,25,0,3,2,9,0,7,4,3,1,2,2,d1:1;d3:1;d4:1
5921,30,True,29,0,6,21,17,0,13,3,2,1,1,2,d1:1;d3:1
5923,8,True,7,0,0,-1,0,0,-1,0,0,0,0,0,none
5925,7,True,6,0,0,-1,0,0,-1,0,0,0,0,0,none
5927,14,True,13,0,1,1,4,0,0,3,2,1,1,2,d1:1;d3:1
5929,27,True,26,0,4,7,9,0,10,3,2,1,1,2,d1:1;d3:1
5931,8,True,7,0,0,-1,0,0,-1,0,0,0,0,0,none
5933,25,True,24,0,3,5,9,0,16,6,3,2,1,3,d2:1;d4:1;d5:1
5935,17,True,16,0,2,2,6,0,8,6,3,2,1,3,d2:1;d4:1;d5:1
5937,24,True,23,0,3,4,9,0,15,6,3,2,1,3,d2:1;d4:1;d5:1
5939,24,True,23,0,3,4,9,0,15,6,3,2,1,3,d2:1;d4:1;d5:1
5941,11,True,10,0,1,5,1,0,4,2,2,1,1,2,d1:1;d2:1
5943,9,True,8,0,1,6,1,0,5,3,2,1,1,2,d2:1;d3:1
5945,11,True,10,0,1,8,1,0,7,3,2,1,1,2,d2:1;d3:1
5947,24,True,23,0,3,6,9,0,15,6,3,2,1,3,d2:1;d4:1;d5:1
5949,18,True,17,0,2,7,5,0,9,4,3,1,2,2,d1:1;d3:1;d4:1
5951,8,True,7,0,2,1,1,0,0,6,4,2,2,3,d1:1;d2:1;d4:1;d6:1
5953,11,True,10,0,1,5,1,0,4,2,2,1,1,2,d1:1;d2:1
5955,23,True,22,0,3,5,9,0,14,6,3,2,1,3,d2:1;d4:1;d5:1
5957,10,True,9,0,1,4,1,0,3,2,2,1,1,2,d1:1;d2:1
5959,21,True,20,0,4,1,2,0,10,8,5,1,4,2,d1:1;d3:1;d4:1;d6:1;d8:1
5961,9,True,8,0,1,4,1,0,3,3,2,1,1,2,d1:1;d3:1
5963,10,True,9,0,1,4,1,0,3,2,2,1,1,2,d1:1;d2:1
5965,19,True,18,0,1,5,3,0,2,3,2,1,1,2,d1:1;d3:1
5967,26,True,25,0,3,21,9,0,17,6,3,2,1,3,d2:1;d4:1;d5:1
5969,18,True,17,0,1,15,1,0,14,3,2,1,1,2,d2:1;d3:1
5971,22,True,21,0,3,2,9,0,13,6,3,2,1,3,d2:1;d4:1;d5:1
5973,4,True,3,0,0,-1,0,0,-1,0,0,0,0,0,none
5975,10,True,9,0,0,-1,0,0,-1,0,0,0,0,0,none
5977,11,True,10,0,0,-1,0,0,-1,0,0,0,0,0,none
5979,10,True,9,0,1,3,2,0,1,3,2,1,1,2,d1:1;d3:1
5981,10,True,9,0,0,-1,0,0,-1,0,0,0,0,0,none
5983,8,True,7,0,0,-1,0,0,-1,0,0,0,0,0,none
5985,19,True,18,0,1,3,1,0,2,3,2,1,1,2,d1:1;d3:1
5987,9,True,8,0,0,-1,0,0,-1,0,0,0,0,0,none
5989,9,True,8,0,0,-1,0,0,-1,0,0,0,0,0,none
5991,18,True,17,0,3,5,5,0,1,7,4,2,2,3,d1:1;d3:1;d5:1;d6:1
5993,16,True,15,0,4,9,2,0,7,7,5,1,4,2,d1:1;d2:1;d4:1;d6:1;d7:1
5995,15,True,14,0,4,8,2,0,6,7,5,1,4,2,d1:1;d2:1;d4:1;d6:1;d7:1
5997,10,True,9,0,0,-1,0,0,-1,0,0,0,0,0,none
5999,29,True,28,0,5,2,13,0,20,6,3,2,1,3,d2:1;d4:1;d5:1
6001,10,True,9,0,0,-1,0,0,-1,0,0,0,0,0,none
6003,8,True,7,0,1,4,1,0,3,2,2,1,1,2,d1:1;d2:1
6005,10,True,9,0,0,-1,0,0,-1,0,0,0,0,0,none
6007,8,True,7,0,0,-1,0,0,-1,0,0,0,0,0,none
6009,16,True,15,0,1,6,1,0,5,5,3,2,1,3,d2:1;d4:1;d5:1
6011,9,True,8,0,0,-1,0,0,-1,0,0,0,0,0,none
6013,21,True,20,0,3,3,9,0,12,6,3,2,1,3,d2:1;d4:1;d5:1
6015,24,True,23,0,4,4,9,0,7,3,2,1,1,2,d1:1;d3:1
6017,33,True,32,0,4,11,12,0,24,6,3,2,1,3,d2:1;d4:1;d5:1
6019,7,True,6,0,0,-1,0,0,-1,0,0,0,0,0,none
6021,7,True,6,0,1,3,1,0,2,4,3,2,1,3,d1:1;d2:1;d4:1
6023,7,True,6,0,1,1,1,0,0,3,2,1,1,2,d1:1;d3:1
6025,21,True,20,0,1,3,3,0,2,2,2,1,1,2,d1:1;d2:1
6027,33,True,32,0,4,6,12,0,24,6,3,2,1,3,d2:1;d4:1;d5:1
6029,5,True,4,0,0,-1,0,0,-1,0,0,0,0,0,none
6031,20,True,19,0,1,4,2,0,2,4,2,1,1,2,d2:1;d4:1
6033,9,True,8,0,1,5,1,0,4,2,2,1,1,2,d1:1;d2:1
6035,7,True,6,0,1,3,1,0,2,2,2,1,1,2,d1:1;d2:1
6037,11,True,10,0,1,4,2,0,2,6,3,2,1,3,d2:1;d4:1;d5:1
6039,11,True,10,0,2,6,4,0,2,4,3,1,2,2,d1:1;d3:1;d4:1
6041,12,True,11,0,2,7,4,0,3,4,3,1,2,2,d1:1;d3:1;d4:1
6043,23,True,22,0,3,4,5,0,6,4,2,1,1,2,d1:1;d3:1
6045,17,True,16,0,4,8,2,0,6,8,5,1,4,2,d1:1;d3:1;d4:1;d6:1;d8:1
6047,16,True,15,0,4,2,2,0,5,8,5,1,4,2,d1:1;d3:1;d4:1;d6:1;d8:1
6049,13,True,12,0,1,6,2,0,4,3,2,1,1,2,d1:1;d3:1
6051,11,True,10,0,1,4,2,0,2,5,3,2,1,3,d2:1;d4:1;d5:1
6053,13,True,12,0,1,3,2,0,1,4,2,1,1,2,d1:1;d3:1
6055,16,True,15,0,2,4,4,0,3,4,2,1,1,2,d1:1;d3:1
6057,32,True,31,0,6,2,11,0,6,6,3,1,2,2,d1:1;d3:1;d5:1
6059,28,True,27,0,3,6,9,0,19,6,3,2,1,3,d2:1;d4:1;d5:1
6061,24,True,23,0,3,7,9,0,3,8,5,2,3,3,d1:1;d2:1;d4:1;d6:1;d7:1
6063,23,True,22,0,3,1,9,0,4,3,2,1,1,2,d1:1;d3:1
6065,5,True,4,0,0,-1,0,0,-1,0,0,0,0,0,none
6067,4,True,3,0,0,-1,0,0,-1,0,0,0,0,0,none
6069,13,True,12,0,1,10,1,0,9,3,2,1,1,2,d2:1;d3:1
6071,29,True,28,0,5,25,13,0,20,6,3,2,1,3,d2:1;d4:1;d5:1
6073,15,True,14,0,1,12,1,0,11,3,2,1,1,2,d2:1;d3:1
6075,14,True,13,0,1,11,1,0,10,3,2,1,1,2,d2:1;d3:1
6077,28,True,27,0,5,3,13,0,19,6,3,2,1,3,d2:1;d4:1;d5:1
6079,12,True,11,0,3,3,3,0,0,6,4,1,3,2,d1:1;d2:1;d4:1;d6:1
6081,13,True,12,0,1,10,1,0,9,3,2,1,1,2,d2:1;d3:1
6083,26,True,25,0,5,2,13,0,17,6,3,2,1,3,d2:1;d4:1;d5:1
6085,19,True,18,0,3,14,9,0,10,6,3,2,1,3,d2:1;d4:1;d5:1
6087,27,True,26,0,5,1,13,0,18,6,3,2,1,3,d2:1;d4:1;d5:1
6089,13,True,12,0,1,3,1,0,2,3,2,1,1,2,d2:1;d3:1
6091,9,True,8,0,0,-1,0,0,-1,0,0,0,0,0,none
6093,9,True,8,0,0,-1,0,0,-1,0,0,0,0,0,none
6095,11,True,10,0,1,8,1,0,7,3,2,1,1,2,d2:1;d3:1
6097,9,True,8,0,0,-1,0,0,-1,0,0,0,0,0,none
6099,20,True,19,0,4,10,9,0,3,3,2,1,1,2,d1:1;d3:1
6101,17,True,16,0,3,12,9,0,8,6,3,2,1,3,d2:1;d4:1;d5:1
6103,25,True,24,0,5,4,13,0,16,6,3,2,1,3,d2:1;d4:1;d5:1
6105,19,True,18,0,3,14,9,0,10,6,3,2,1,3,d2:1;d4:1;d5:1
6107,25,True,24,0,5,21,13,0,16,6,3,2,1,3,d2:1;d4:1;d5:1
6109,27,True,26,0,4,5,12,0,18,6,3,2,1,3,d2:1;d4:1;d5:1
6111,13,True,12,0,1,1,1,0,0,5,3,2,1,3,d1:1;d3:1;d5:1
6113,28,True,27,0,4,3,12,0,19,6,3,2,1,3,d2:1;d4:1;d5:1
6115,17,True,16,0,3,12,9,0,8,6,3,2,1,3,d2:1;d4:1;d5:1
6117,15,True,14,0,1,12,1,0,11,3,2,1,1,2,d2:1;d3:1
6119,13,True,12,0,1,1,1,0,0,3,2,1,1,2,d1:1;d3:1
6121,29,True,28,0,8,13,12,0,7,5,2,1,1,2,d2:1;d4:1
6123,30,True,29,0,4,4,12,0,21,6,3,2,1,3,d2:1;d4:1;d5:1
6125,14,True,13,0,1,11,1,0,10,3,2,1,1,2,d2:1;d3:1
6127,12,True,11,0,1,1,1,0,0,4,2,1,1,2,d2:1;d4:1
6129,11,True,10,0,2,3,1,0,2,4,3,1,2,2,d1:1;d2:1;d4:1
6131,25,True,24,0,4,20,12,0,16,6,3,2,1,3,d2:1;d4:1;d5:1
6133,9,True,8,0,0,-1,0,0,-1,0,0,0,0,0,none
6135,15,True,14,0,1,3,1,0,2,2,2,1,1,2,d1:1;d2:1
6137,20,True,19,0,4,7,3,0,9,3,2,1,1,2,d1:1;d3:1
6139,20,True,19,0,4,4,3,0,9,3,2,1,1,2,d1:1;d3:1
6141,11,True,10,0,1,2,1,0,1,8,4,3,1,4,d2:1;d4:1;d5:1;d7:1
6143,27,True,26,0,5,10,10,0,1,6,3,1,2,2,d1:1;d3:1;d5:1
6145,13,True,12,0,0,-1,0,0,-1,0,0,0,0,0,none
6147,20,True,19,0,3,15,9,0,11,6,3,2,1,3,d2:1;d4:1;d5:1
6149,26,True,25,0,5,8,13,0,17,6,3,2,1,3,d2:1;d4:1;d5:1
6151,19,True,18,0,3,1,9,0,10,6,3,2,1,3,d2:1;d4:1;d5:1
6153,19,True,18,0,1,13,1,0,12,2,2,1,1,2,d1:1;d2:1
6155,25,True,24,0,5,7,13,0,16,6,3,2,1,3,d2:1;d4:1;d5:1
6157,8,True,7,0,0,-1,0,0,-1,0,0,0,0,0,none
6159,24,True,23,0,5,20,13,0,15,6,3,2,1,3,d2:1;d4:1;d5:1
6161,8,True,7,0,0,-1,0,0,-1,0,0,0,0,0,none
6163,25,True,24,0,5,21,13,0,16,6,3,2,1,3,d2:1;d4:1;d5:1
6165,7,True,6,0,0,-1,0,0,-1,0,0,0,0,0,none
6167,6,True,5,0,0,-1,0,0,-1,0,0,0,0,0,none
6169,19,True,18,0,3,14,9,0,10,6,3,2,1,3,d2:1;d4:1;d5:1
6171,43,True,42,0,4,14,13,0,5,2,2,1,1,2,d1:1;d2:1
6173,20,True,19,0,2,8,6,0,11,6,3,2,1,3,d2:1;d4:1;d5:1
6175,23,True,22,0,2,3,6,0,0,5,3,1,2,2,d1:1;d3:1;d5:1
6177,19,True,18,0,2,7,6,0,10,6,3,2,1,3,d2:1;d4:1;d5:1
6179,6,True,5,0,0,-1,0,0,-1,0,0,0,0,0,none
6181,11,True,10,0,1,4,1,0,3,4,2,1,1,2,d2:1;d4:1
6183,27,True,26,0,4,1,12,0,18,6,3,2,1,3,d2:1;d4:1;d5:1
6185,20,True,19,0,2,3,2,0,1,5,3,1,2,2,d1:1;d2:1;d4:1
6187,12,True,11,0,1,9,1,0,8,3,2,1,1,2,d2:1;d3:1
6189,8,True,7,0,0,-1,0,0,-1,0,0,0,0,0,none
6191,29,True,28,0,4,6,6,0,18,8,5,1,4,2,d1:1;d3:1;d4:1;d6:1;d8:1
6193,30,True,29,0,6,9,9,0,4,6,3,1,2,2,d1:1;d3:1;d5:1
6195,30,True,29,0,5,9,9,0,4,6,3,1,2,2,d1:1;d3:1;d5:1
6197,21,True,20,0,5,17,13,0,12,6,3,2,1,3,d2:1;d4:1;d5:1
6199,25,True,24,0,1,4,3,0,1,4,2,1,1,2,d2:1;d3:1
6201,7,True,6,0,0,-1,0,0,-1,0,0,0,0,0,none
6203,19,True,18,0,1,3,1,0,2,2,2,1,1,2,d1:1;d2:1
6205,26,True,25,0,4,3,12,0,17,6,3,2,1,3,d2:1;d4:1;d5:1
6207,17,True,16,0,1,2,2,0,0,6,4,3,1,4,d1:1;d2:1;d4:1;d6:1
6209,26,True,25,0,4,7,12,0,17,6,3,2,1,3,d2:1;d4:1;d5:1
6211,25,True,24,0,4,6,12,0,16,6,3,2,1,3,d2:1;d4:1;d5:1
6213,21,True,20,0,5,17,13,0,12,6,3,2,1,3,d2:1;d4:1;d5:1
6215,13,True,12,0,1,1,1,0,0,3,2,1,1,2,d1:1;d3:1
6217,17,True,16,0,2,12,6,0,8,6,3,2,1,3,d2:1;d4:1;d5:1
6219,20,True,19,0,5,16,13,0,11,6,3,2,1,3,d2:1;d4:1;d5:1
6221,8,True,7,0,0,-1,0,0,-1,0,0,0,0,0,none
6223,7,True,6,0,0,-1,0,0,-1,0,0,0,0,0,none
6225,7,True,6,0,0,-1,0,0,-1,0,0,0,0,0,none
6227,15,True,14,0,4,2,3,0,4,3,2,1,1,2,d1:1;d3:1
6229,20,True,19,0,4,15,12,0,11,6,3,2,1,3,d2:1;d4:1;d5:1
6231,13,True,12,0,1,7,1,0,6,2,2,1,1,2,d1:1;d2:1
6233,13,True,12,0,1,7,1,0,6,2,2,1,1,2,d1:1;d2:1
6235,27,True,26,0,3,3,9,0,8,4,3,1,2,2,d1:1;d3:1;d4:1
6237,13,True,12,0,1,7,1,0,6,2,2,1,1,2,d1:1;d2:1
6239,9,True,8,0,0,-1,0,0,-1,0,0,0,0,0,none
6241,10,True,9,0,0,-1,0,0,-1,0,0,0,0,0,none
6243,12,True,11,0,1,6,1,0,5,2,2,1,1,2,d1:1;d2:1
6245,13,True,12,0,1,7,1,0,6,2,2,1,1,2,d1:1;d2:1
6247,27,True,26,0,4,4,9,0,5,8,5,1,4,2,d1:1;d2:1;d4:1;d6:1;d8:1
6249,27,True,26,0,3,7,9,0,18,6,3,2,1,3,d2:1;d4:1;d5:1
6251,20,True,19,0,2,5,6,0,11,6,3,2,1,3,d2:1;d4:1;d5:1
6253,26,True,25,0,3,3,9,0,17,6,3,2,1,3,d2:1;d4:1;d5:1
6255,17,True,16,0,2,2,2,0,1,2,2,1,1,2,d1:1;d2:1
6257,20,True,19,0,4,15,12,0,11,6,3,2,1,3,d2:1;d4:1;d5:1
6259,21,True,20,0,2,10,6,0,5,3,2,1,1,2,d1:1;d2:1
6261,20,True,19,0,5,16,13,0,11,6,3,2,1,3,d2:1;d4:1;d5:1
6263,19,True,18,0,2,8,6,0,3,2,2,1,1,2,d1:1;d2:1
6265,14,True,13,0,1,5,3,0,2,3,2,1,1,2,d1:1;d2:1
6267,11,True,10,0,2,4,1,0,3,5,3,1,2,2,d1:1;d3:1;d5:1
6269,13,True,12,0,1,3,2,0,1,4,2,1,1,2,d1:1;d3:1
6271,17,True,16,0,3,2,2,0,0,7,4,1,3,2,d2:1;d3:1;d5:1;d7:1
6273,13,True,12,0,1,7,1,0,6,2,2,1,1,2,d1:1;d2:1
6275,7,True,6,0,0,-1,0,0,-1,0,0,0,0,0,none
6277,8,True,7,0,0,-1,0,0,-1,0,0,0,0,0,none
6279,20,True,19,0,1,1,3,0,0,3,2,1,1,2,d1:1;d3:1
6281,11,True,10,0,1,5,1,0,4,2,2,1,1,2,d1:1;d2:1
6283,29,True,28,0,3,6,9,0,20,6,3,2,1,3,d2:1;d4:1;d5:1
6285,21,True,20,0,4,16,12,0,12,6,3,2,1,3,d2:1;d4:1;d5:1
6287,19,True,18,0,1,2,1,0,1,2,2,1,1,2,d1:1;d2:1
6289,14,True,13,0,1,5,2,0,3,4,2,1,1,2,d2:1;d3:1
6291,13,True,12,0,1,4,2,0,2,3,2,1,1,2,d2:1;d3:1
6293,12,True,11,0,0,-1,0,0,-1,0,0,0,0,0,none
6295,19,True,18,0,4,14,12,0,10,6,3,2,1,3,d2:1;d4:1;d5:1
6297,13,True,12,0,0,-1,0,0,-1,0,0,0,0,0,none
6299,12,True,11,0,2,2,1,0,1,4,3,1,2,2,d1:1;d2:1;d4:1
6301,12,True,11,0,0,-1,0,0,-1,0,0,0,0,0,none
6303,23,True,22,0,3,3,9,0,1,7,4,3,1,4,d2:1;d3:1;d5:1;d7:1
6305,12,True,11,0,0,-1,0,0,-1,0,0,0,0,0,none
6307,12,True,11,0,0,-1,0,0,-1,0,0,0,0,0,none
6309,17,True,16,0,4,3,2,0,8,7,5,1,4,2,d1:1;d2:1;d4:1;d6:1;d7:1
6311,20,True,19,0,3,7,7,0,3,6,4,2,2,3,d1:1;d3:1;d5:1;d6:1
6313,26,True,25,0,3,4,9,0,1,7,4,1,3,2,d1:1;d3:1;d4:1;d6:1
6315,13,True,12,0,0,-1,0,0,-1,0,0,0,0,0,none
6317,22,True,21,0,4,17,12,0,13,6,3,2,1,3,d2:1;d4:1;d5:1
6319,31,True,30,0,5,1,13,0,22,6,3,2,1,3,d2:1;d4:1;d5:1
6321,24,True,23,0,3,7,9,0,5,4,3,1,2,2,d1:1;d3:1;d4:1
6323,23,True,22,0,3,6,9,0,4,4,3,1,2,2,d1:1;d3:1;d4:1
6325,14,True,13,0,2,9,6,0,5,6,3,2,1,3,d2:1;d4:1;d5:1
6327,10,True,9,0,0,-1,0,0,-1,0,0,0,0,0,none
6329,24,True,23,0,3,7,9,0,15,6,3,2,1,3,d2:1;d4:1;d5:1
6331,11,True,10,0,1,6,4,0,2,3,2,1,1,2,d2:1;d3:1
6333,27,True,26,0,4,7,9,0,10,3,2,1,1,2,d1:1;d3:1
6335,22,True,21,0,3,1,9,0,0,6,4,1,3,2,d1:1;d2:1;d4:1;d6:1
6337,11,True,10,0,1,5,1,0,4,2,2,1,1,2,d1:1;d2:1
6339,9,True,8,0,1,5,1,0,4,4,3,2,1,3,d1:1;d2:1;d4:1
6341,13,True,12,0,2,8,6,0,4,6,3,2,1,3,d2:1;d4:1;d5:1
6343,9,True,8,0,1,1,1,0,0,3,2,1,1,2,d1:1;d3:1
6345,13,True,12,0,2,8,6,0,4,6,3,2,1,3,d2:1;d4:1;d5:1
6347,7,True,6,0,0,-1,0,0,-1,0,0,0,0,0,none
6349,14,True,13,0,1,7,2,0,5,6,3,2,1,3,d2:1;d4:1;d5:1
6351,32,True,31,0,4,3,12,0,2,8,5,2,3,3,d1:1;d3:1;d5:1;d6:1;d8:1
6353,10,True,9,0,1,4,1,0,3,2,2,1,1,2,d1:1;d2:1
6355,9,True,8,0,1,5,1,0,4,2,2,1,1,2,d1:1;d2:1
6357,6,True,5,0,1,3,1,0,2,3,2,1,1,2,d2:1;d3:1
6359,14,True,13,0,2,9,4,0,5,4,3,1,2,2,d1:1;d3:1;d4:1
6361,18,True,17,0,4,6,4,0,7,8,5,1,4,2,d1:1;d3:1;d4:1;d6:1;d8:1
6363,14,True,13,0,2,9,4,0,5,4,3,1,2,2,d1:1;d3:1;d4:1
6365,18,True,17,0,4,4,2,0,7,8,5,1,4,2,d1:1;d3:1;d4:1;d6:1;d8:1
6367,12,True,11,0,1,3,3,0,0,5,3,2,1,3,d1:1;d3:1;d5:1
6369,18,True,17,0,4,4,2,0,2,9,6,2,4,3,d1:1;d2:1;d4:1;d6:1;d7:1;d9:1
6371,5,True,4,0,1,2,1,0,1,3,2,1,1,2,d2:1;d3:1
6373,22,True,21,0,3,17,9,0,13,6,3,2,1,3,d2:1;d4:1;d5:1
6375,37,True,36,0,7,2,14,0,11,6,3,1,2,2,d1:1;d3:1;d5:1
6377,16,True,15,0,1,2,2,0,1,4,2,1,1,2,d1:1;d3:1
6379,16,True,15,0,1,3,2,0,2,3,2,1,1,2,d1:1;d2:1
6381,16,True,15,0,1,13,1,0,12,3,2,1,1,2,d2:1;d3:1
6383,30,True,29,0,8,5,7,0,8,4,2,1,1,2,d1:1;d3:1
6385,21,True,20,0,3,16,9,0,12,6,3,2,1,3,d2:1;d4:1;d5:1
6387,7,True,6,0,1,3,1,0,2,3,2,1,1,2,d1:1;d2:1
6389,19,True,18,0,3,14,9,0,10,6,3,2,1,3,d2:1;d4:1;d5:1
6391,16,True,15,0,1,13,1,0,12,3,2,1,1,2,d2:1;d3:1
6393,32,True,31,0,5,28,13,0,23,6,3,2,1,3,d2:1;d4:1;d5:1
6395,22,True,21,0,5,5,7,0,9,4,3,1,2,2,d1:1;d2:1;d4:1
6397,14,True,13,0,1,11,1,0,10,3,2,1,1,2,d2:1;d3:1
6399,28,True,27,0,5,1,13,0,19,6,3,2,1,3,d2:1;d4:1;d5:1
6401,21,True,20,0,3,16,9,0,12,6,3,2,1,3,d2:1;d4:1;d5:1
6403,29,True,28,0,5,3,13,0,20,6,3,2,1,3,d2:1;d4:1;d5:1
6405,13,True,12,0,4,6,2,0,4,7,5,1,4,2,d1:1;d2:1;d4:1;d6:1;d7:1
6407,28,True,27,0,5,1,13,0,19,6,3,2,1,3,d2:1;d4:1;d5:1
6409,22,True,21,0,3,17,9,0,13,6,3,2,1,3,d2:1;d4:1;d5:1
6411,12,True,11,0,0,-1,0,0,-1,0,0,0,0,0,none
6413,12,True,11,0,4,5,2,0,3,7,5,1,4,2,d1:1;d2:1;d4:1;d6:1;d7:1
6415,9,True,8,0,0,-1,0,0,-1,0,0,0,0,0,none
6417,13,True,12,0,4,6,2,0,4,7,5,1,4,2,d1:1;d2:1;d4:1;d6:1;d7:1
6419,13,True,12,0,1,3,1,0,2,5,3,2,1,3,d2:1;d4:1;d5:1
6421,5,True,4,0,0,-1,0,0,-1,0,0,0,0,0,none
6423,19,True,18,0,3,14,9,0,10,6,3,2,1,3,d2:1;d4:1;d5:1
6425,19,True,18,0,3,14,9,0,10,6,3,2,1,3,d2:1;d4:1;d5:1
6427,14,True,13,0,1,2,1,0,1,6,4,3,1,4,d1:1;d3:1;d4:1;d6:1
6429,30,True,29,0,4,8,12,0,21,6,3,2,1,3,d2:1;d4:1;d5:1
6431,20,True,19,0,3,1,9,0,11,6,3,2,1,3,d2:1;d4:1;d5:1
6433,13,True,12,0,3,5,1,0,4,6,4,1,3,2,d1:1;d2:1;d4:1;d6:1
6435,17,True,16,0,1,5,3,0,2,3,2,1,1,2,d1:1;d2:1
6437,17,True,16,0,1,5,3,0,2,2,2,1,1,2,d1:1;d2:1
6439,30,True,29,0,4,1,12,0,21,6,3,2,1,3,d2:1;d4:1;d5:1
6441,19,True,18,0,3,2,9,0,10,6,3,2,1,3,d2:1;d4:1;d5:1
6443,18,True,17,0,1,15,1,0,14,3,2,1,1,2,d2:1;d3:1
6445,5,True,4,0,0,-1,0,0,-1,0,0,0,0,0,none
6447,18,True,17,0,1,3,3,0,0,4,2,1,1,2,d2:1;d4:1
6449,12,True,11,0,0,-1,0,0,-1,0,0,0,0,0,none
6451,12,True,11,0,0,-1,0,0,-1,0,0,0,0,0,none
6453,4,True,3,0,0,-1,0,0,-1,0,0,0,0,0,none
6455,21,True,20,0,3,2,5,0,4,4,2,1,1,2,d1:1;d3:1
6457,28,True,27,0,4,23,12,0,19,6,3,2,1,3,d2:1;d4:1;d5:1
6459,13,True,12,0,5,4,2,0,2,9,6,1,5,2,d1:1;d3:1;d4:1;d6:1;d8:1;d9:1
6461,14,True,13,0,4,5,2,0,3,8,5,1,4,2,d1:1;d3:1;d4:1;d6:1;d8:1
6463,27,True,26,0,4,4,12,0,18,6,3,2,1,3,d2:1;d4:1;d5:1
6465,5,True,4,0,0,-1,0,0,-1,0,0,0,0,0,none
6467,30,True,29,0,7,16,14,0,4,6,3,1,2,2,d1:1;d3:1;d5:1
6469,11,True,10,0,1,4,2,0,2,3,2,1,1,2,d2:1;d3:1
6471,26,True,25,0,8,1,7,0,4,4,2,1,1,2,d1:1;d3:1
6473,24,True,23,0,3,19,9,0,15,6,3,2,1,3,d2:1;d4:1;d5:1
6475,11,True,10,0,0,-1,0,0,-1,0,0,0,0,0,none
6477,10,True,9,0,0,-1,0,0,-1,0,0,0,0,0,none
6479,21,True,20,0,3,1,9,0,12,6,3,2,1,3,d2:1;d4:1;d5:1
6481,27,True,26,0,5,4,13,0,18,6,3,2,1,3,d2:1;d4:1;d5:1
6483,25,True,24,0,5,7,13,0,16,6,3,2,1,3,d2:1;d4:1;d5:1
6485,6,True,5,0,0,-1,0,0,-1,0,0,0,0,0,none
6487,10,True,9,0,0,-1,0,0,-1,0,0,0,0,0,none
6489,10,True,9,0,0,-1,0,0,-1,0,0,0,0,0,none
6491,27,True,26,0,5,2,13,0,18,6,3,2,1,3,d2:1;d4:1;d5:1
6493,25,True,24,0,5,21,13,0,16,6,3,2,1,3,d2:1;d4:1;d5:1
6495,8,True,7,0,0,-1,0,0,-1,0,0,0,0,0,none
6497,22,True,21,0,3,4,9,0,13,6,3,2,1,3,d2:1;d4:1;d5:1
6499,23,True,22,0,5,19,13,0,14,6,3,2,1,3,d2:1;d4:1;d5:1
6501,23,True,22,0,5,19,13,0,14,6,3,2,1,3,d2:1;d4:1;d5:1
6503,11,True,10,0,2,2,2,0,1,5,3,2,1,3,d1:1;d3:1;d5:1
6505,23,True,22,0,5,19,13,0,14,6,3,2,1,3,d2:1;d4:1;d5:1
6507,10,True,9,0,0,-1,0,0,-1,0,0,0,0,0,none
6509,14,True,13,0,1,3,1,0,2,3,2,1,1,2,d2:1;d3:1
6511,12,True,11,0,2,1,1,0,0,4,3,1,2,2,d1:1;d2:1;d4:1
6513,10,True,9,0,1,7,1,0,6,3,2,1,1,2,d2:1;d3:1
6515,10,True,9,0,0,-1,0,0,-1,0,0,0,0,0,none
6517,9,True,8,0,1,6,1,0,5,3,2,1,1,2,d2:1;d3:1
6519,8,True,7,0,0,-1,0,0,-1,0,0,0,0,0,none
6521,30,True,29,0,4,7,5,0,19,8,5,1,4,2,d1:1;d3:1;d4:1;d6:1;d8:1
6523,33,True,32,0,6,2,9,0,7,6,3,1,2,2,d1:1;d3:1;d5:1
6525,23,True,22,0,5,19,13,0,14,6,3,2,1,3,d2:1;d4:1;d5:1
6527,11,True,10,0,1,8,1,0,7,3,2,1,1,2,d2:1;d3:1
6529,30,True,29,0,4,5,12,0,21,6,3,2,1,3,d2:1;d4:1;d5:1
6531,24,True,23,0,4,19,12,0,15,6,3,2,1,3,d2:1;d4:1;d5:1
6533,23,True,22,0,4,18,12,0,14,6,3,2,1,3,d2:1;d4:1;d5:1
6535,23,True,22,0,4,1,12,0,14,6,3,2,1,3,d2:1;d4:1;d5:1
6537,21,True,20,0,1,2,3,0,1,3,2,1,1,2,d1:1;d2:1
6539,28,True,27,0,4,3,12,0,19,6,3,2,1,3,d2:1;d4:1;d5:1
6541,10,True,9,0,1,7,1,0,6,3,2,1,1,2,d2:1;d3:1
6543,23,True,22,0,5,19,13,0,14,6,3,2,1,3,d2:1;d4:1;d5:1
6545,24,True,23,0,4,19,12,0,15,6,3,2,1,3,d2:1;d4:1;d5:1
6547,22,True,21,0,4,17,12,0,13,6,3,2,1,3,d2:1;d4:1;d5:1
6549,10,True,9,0,1,7,1,0,6,3,2,1,1,2,d2:1;d3:1
6551,22,True,21,0,4,17,12,0,13,6,3,2,1,3,d2:1;d4:1;d5:1
6553,24,True,23,0,4,19,12,0,15,6,3,2,1,3,d2:1;d4:1;d5:1
6555,9,True,8,0,1,2,1,0,1,4,3,2,1,3,d1:1;d3:1;d4:1
6557,17,True,16,0,4,4,3,0,6,3,2,1,1,2,d1:1;d3:1
6559,8,True,7,0,2,2,2,0,0,5,3,1,2,2,d2:1;d3:1;d5:1
6561,18,True,17,0,1,3,1,0,2,2,2,1,1,2,d1:1;d2:1
6563,14,True,13,0,1,2,1,0,1,2,2,1,1,2,d1:1;d2:1
6565,14,True,13,0,1,8,1,0,7,2,2,1,1,2,d1:1;d2:1
6567,16,True,15,0,1,2,2,0,0,3,2,1,1,2,d1:1;d3:1
6569,34,True,33,0,6,3,17,0,17,3,2,1,1,2,d1:1;d3:1
6571,12,True,11,0,0,-1,0,0,-1,0,0,0,0,0,none
6573,17,True,16,0,1,11,1,0,10,2,2,1,1,2,d1:1;d2:1
6575,15,True,14,0,2,1,1,0,0,4,3,1,2,2,d1:1;d2:1;d4:1
6577,23,True,22,0,5,5,13,0,14,6,3,2,1,3,d2:1;d4:1;d5:1
6579,22,True,21,0,5,4,13,0,13,6,3,2,1,3,d2:1;d4:1;d5:1
6581,22,True,21,0,5,4,13,0,13,6,3,2,1,3,d2:1;d4:1;d5:1
6583,22,True,21,0,4,17,12,0,13,6,3,2,1,3,d2:1;d4:1;d5:1
6585,23,True,22,0,5,5,13,0,14,6,3,2,1,3,d2:1;d4:1;d5:1
6587,28,True,27,0,3,8,9,0,19,6,3,2,1,3,d2:1;d4:1;d5:1
6589,22,True,21,0,4,3,12,0,13,6,3,2,1,3,d2:1;d4:1;d5:1
6591,40,True,39,0,4,11,12,0,2,2,2,1,1,2,d1:1;d2:1
6593,22,True,21,0,2,4,6,0,6,2,2,1,1,2,d1:1;d2:1
6595,20,True,19,0,2,2,6,0,1,6,4,2,2,3,d1:1;d3:1;d5:1;d6:1
6597,7,True,6,0,0,-1,0,0,-1,0,0,0,0,0,none
6599,17,True,16,0,1,2,3,0,0,3,2,1,1,2,d1:1;d3:1
6601,15,True,14,0,2,6,3,0,3,5,3,1,2,2,d1:1;d3:1;d5:1
6603,10,True,9,0,1,7,1,0,6,3,2,1,1,2,d2:1;d3:1
6605,25,True,24,0,4,20,12,0,16,6,3,2,1,3,d2:1;d4:1;d5:1
6607,16,True,15,0,1,2,2,0,0,4,3,2,1,3,d1:1;d2:1;d4:1
6609,24,True,23,0,4,19,12,0,15,6,3,2,1,3,d2:1;d4:1;d5:1
6611,10,True,9,0,1,2,1,0,1,3,2,1,1,2,d2:1;d3:1
6613,15,True,14,0,2,3,6,0,6,6,3,2,1,3,d2:1;d4:1;d5:1
6615,12,True,11,0,1,3,2,0,1,3,2,1,1,2,d1:1;d3:1
6617,9,True,8,0,1,6,1,0,5,3,2,1,1,2,d2:1;d3:1
6619,22,True,21,0,4,17,12,0,13,6,3,2,1,3,d2:1;d4:1;d5:1
6621,9,True,8,0,1,6,1,0,5,3,2,1,1,2,d2:1;d3:1
6623,27,True,26,0,3,3,9,0,1,5,3,1,2,2,d1:1;d3:1;d5:1
6625,15,True,14,0,1,6,2,0,4,3,2,1,1,2,d2:1;d3:1
6627,15,True,14,0,2,3,6,0,6,6,3,2,1,3,d2:1;d4:1;d5:1
6629,15,True,14,0,0,-1,0,0,-1,0,0,0,0,0,none
6631,21,True,20,0,4,2,12,0,12,6,3,2,1,3,d2:1;d4:1;d5:1
6633,15,True,14,0,1,2,1,0,1,4,2,1,1,2,d2:1;d3:1
6635,14,True,13,0,2,4,2,0,3,3,2,1,1,2,d1:1;d2:1
6637,10,True,9,0,1,3,1,0,2,2,2,1,1,2,d1:1;d2:1
6639,12,True,11,0,2,3,3,0,0,4,3,1,2,2,d1:1;d2:1;d4:1
6641,16,True,15,0,2,11,6,0,7,6,3,2,1,3,d2:1;d4:1;d5:1
6643,20,True,19,0,4,6,2,0,11,7,5,1,4,2,d1:1;d2:1;d4:1;d6:1;d7:1
6645,23,True,22,0,4,4,12,0,14,6,3,2,1,3,d2:1;d4:1;d5:1
6647,22,True,21,0,3,9,7,0,5,6,4,2,2,3,d1:1;d3:1;d5:1;d6:1
6649,29,True,28,0,3,7,9,0,4,7,4,1,3,2,d1:1;d3:1;d4:1;d6:1
6651,8,True,7,0,1,2,1,0,1,2,2,1,1,2,d1:1;d2:1
6653,13,True,12,0,3,3,2,0,2,3,2,1,1,2,d1:1;d3:1
6655,23,True,22,0,4,6,9,0,0,9,5,1,4,2,d2:1;d4:1;d6:1;d7:1;d9:1
6657,27,True,26,0,3,10,9,0,8,4,3,1,2,2,d1:1;d3:1;d4:1
6659,15,True,14,0,2,10,6,0,6,6,3,2,1,3,d2:1;d4:1;d5:1
6661,29,True,28,0,6,20,17,0,12,3,2,1,1,2,d1:1;d3:1
6663,13,True,12,0,1,1,2,0,0,3,2,1,1,2,d1:1;d3:1
6665,15,True,14,0,2,2,6,0,6,6,3,2,1,3,d2:1;d4:1;d5:1
6667,29,True,28,0,5,20,17,0,12,3,2,1,1,2,d1:1;d3:1
6669,7,True,6,0,0,-1,0,0,-1,0,0,0,0,0,none
6671,26,True,25,0,4,6,9,0,9,3,2,1,1,2,d1:1;d3:1
6673,7,True,6,0,0,-1,0,0,-1,0,0,0,0,0,none
6675,13,True,12,0,1,2,1,0,1,2,2,1,1,2,d1:1;d2:1
6677,23,True,22,0,3,3,9,0,14,6,3,2,1,3,d2:1;d4:1;d5:1
6679,16,True,15,0,1,9,2,0,7,6,3,2,1,3,d2:1;d4:1;d5:1
6681,16,True,15,0,1,9,2,0,7,6,3,2,1,3,d2:1;d4:1;d5:1
6683,15,True,14,0,2,10,6,0,6,6,3,2,1,3,d2:1;d4:1;d5:1
6685,10,True,9,0,1,7,1,0,6,3,2,1,1,2,d2:1;d3:1
6687,9,True,8,0,2,2,2,0,0,5,3,1,2,2,d2:1;d3:1;d5:1
6689,10,True,9,0,1,7,1,0,6,3,2,1,1,2,d2:1;d3:1
6691,23,True,22,0,3,5,9,0,14,6,3,2,1,3,d2:1;d4:1;d5:1
6693,17,True,16,0,2,6,5,0,8,4,3,1,2,2,d1:1;d3:1;d4:1
6695,8,True,7,0,1,1,1,0,0,3,2,1,1,2,d1:1;d3:1
6697,15,True,14,0,2,2,2,0,1,5,3,1,2,2,d1:1;d3:1;d4:1
6699,23,True,22,0,3,5,9,0,14,6,3,2,1,3,d2:1;d4:1;d5:1
6701,23,True,22,0,3,5,9,0,14,6,3,2,1,3,d2:1;d4:1;d5:1
6703,16,True,15,0,2,3,4,0,0,4,3,1,2,2,d1:1;d2:1;d4:1
6705,8,True,7,0,2,3,1,0,2,4,3,1,2,2,d1:1;d3:1;d4:1
6707,8,True,7,0,1,3,1,0,2,3,2,1,1,2,d1:1;d3:1
6709,9,True,8,0,1,3,1,0,2,2,2,1,1,2,d1:1;d2:1
6711,16,True,15,0,2,5,4,0,1,5,3,1,2,2,d1:1;d3:1;d5:1
6713,26,True,25,0,3,21,9,0,17,6,3,2,1,3,d2:1;d4:1;d5:1
6715,23,True,22,0,3,18,9,0,14,6,3,2,1,3,d2:1;d4:1;d5:1
6717,17,True,16,0,1,14,1,0,13,3,2,1,1,2,d2:1;d3:1
6719,20,True,19,0,3,15,9,0,11,6,3,2,1,3,d2:1;d4:1;d5:1
6721,11,True,10,0,0,-1,0,0,-1,0,0,0,0,0,none
6723,9,True,8,0,0,-1,0,0,-1,0,0,0,0,0,none
6725,10,True,9,0,0,-1,0,0,-1,0,0,0,0,0,none
6727,9,True,8,0,1,2,2,0,0,3,2,1,1,2,d1:1;d3:1
6729,21,True,20,0,3,16,9,0,12,6,3,2,1,3,d2:1;d4:1;d5:1
6731,9,True,8,0,0,-1,0,0,-1,0,0,0,0,0,none
6733,10,True,9,0,0,-1,0,0,-1,0,0,0,0,0,none
6735,17,True,16,0,1,1,1,0,0,4,3,2,1,3,d1:1;d2:1;d4:1
6737,32,True,31,0,5,6,13,0,23,6,3,2,1,3,d2:1;d4:1;d5:1
6739,31,True,30,0,5,5,13,0,22,6,3,2,1,3,d2:1;d4:1;d5:1
6741,8,True,7,0,0,-1,0,0,-1,0,0,0,0,0,none
6743,15,True,14,0,4,8,2,0,6,7,5,1,4,2,d1:1;d2:1;d4:1;d6:1;d7:1
6745,14,True,13,0,4,7,2,0,5,7,5,1,4,2,d1:1;d2:1;d4:1;d6:1;d7:1
6747,32,True,31,0,5,3,13,0,23,6,3,2,1,3,d2:1;d4:1;d5:1
6749,9,True,8,0,0,-1,0,0,-1,0,0,0,0,0,none
6751,23,True,22,0,3,18,9,0,14,6,3,2,1,3,d2:1;d4:1;d5:1
6753,14,True,13,0,4,7,2,0,5,7,5,1,4,2,d1:1;d2:1;d4:1;d6:1;d7:1
6755,6,True,5,0,1,2,1,0,1,2,2,1,1,2,d1:1;d2:1
6757,7,True,6,0,0,-1,0,0,-1,0,0,0,0,0,none
6759,12,True,11,0,1,1,1,0,0,3,2,1,1,2,d1:1;d3:1
6761,15,True,14,0,1,5,1,0,4,5,3,2,1,3,d2:1;d4:1;d5:1
6763,8,True,7,0,0,-1,0,0,-1,0,0,0,0,0,none
6765,21,True,20,0,3,4,9,0,12,6,3,2,1,3,d2:1;d4:1;d5:1
6767,24,True,23,0,4,4,9,0,7,3,2,1,1,2,d1:1;d3:1
6769,9,True,8,0,0,-1,0,0,-1,0,0,0,0,0,none
6771,31,True,30,0,4,9,12,0,22,6,3,2,1,3,d2:1;d4:1;d5:1
6773,6,True,5,0,0,-1,0,0,-1,0,0,0,0,0,none
6775,8,True,7,0,0,-1,0,0,-1,0,0,0,0,0,none
6777,20,True,19,0,1,8,3,0,5,3,2,1,1,2,d1:1;d2:1
6779,20,True,19,0,1,2,3,0,1,2,2,1,1,2,d1:1;d2:1
6781,32,True,31,0,4,5,12,0,23,6,3,2,1,3,d2:1;d4:1;d5:1
6783,30,True,29,0,4,1,12,0,21,6,3,2,1,3,d2:1;d4:1;d5:1
6785,21,True,20,0,1,5,2,0,3,4,2,1,1,2,d2:1;d4:1
6787,9,True,8,0,0,-1,0,0,-1,0,0,0,0,0,none
6789,7,True,6,0,1,3,1,0,2,2,2,1,1,2,d1:1;d2:1
6791,6,True,5,0,1,1,1,0,0,3,2,1,1,2,d1:1;d3:1
6793,13,True,12,0,1,2,1,0,1,3,2,1,1,2,d1:1;d2:1
6795,7,True,6,0,0,-1,0,0,-1,0,0,0,0,0,none
6797,11,True,10,0,2,6,4,0,2,4,3,1,2,2,d1:1;d3:1;d4:1
6799,22,True,21,0,3,3,5,0,5,4,2,1,1,2,d1:1;d3:1
6801,17,True,16,0,4,8,2,0,6,8,5,1,4,2,d1:1;d3:1;d4:1;d6:1;d8:1
6803,16,True,15,0,4,7,2,0,5,8,5,1,4,2,d1:1;d3:1;d4:1;d6:1;d8:1
6805,10,True,9,0,1,3,2,0,1,6,3,2,1,3,d2:1;d4:1;d5:1
6807,10,True,9,0,1,3,2,0,1,3,2,1,1,2,d1:1;d3:1
6809,34,True,33,0,7,20,14,0,8,6,3,1,2,2,d1:1;d3:1;d5:1
6811,16,True,15,0,3,7,6,0,5,4,2,1,1,2,d1:1;d3:1
6813,13,True,12,0,1,6,2,0,4,3,2,1,1,2,d2:1;d3:1
6815,31,True,30,0,6,1,11,0,5,6,3,1,2,2,d1:1;d3:1;d5:1
6817,27,True,26,0,3,5,9,0,18,6,3,2,1,3,d2:1;d4:1;d5:1
6819,22,True,21,0,4,5,9,0,3,3,2,1,1,2,d1:1;d3:1
6821,22,True,21,0,3,5,9,0,1,8,5,2,3,3,d1:1;d2:1;d4:1;d6:1;d7:1
6823,22,True,21,0,5,9,9,0,4,5,3,1,2,2,d1:1;d2:1;d4:1
6825,20,True,19,0,5,7,6,0,5,3,2,1,1,2,d1:1;d2:1
6827,29,True,28,0,5,11,13,0,20,6,3,2,1,3,d2:1;d4:1;d5:1
6829,30,True,29,0,5,26,13,0,21,6,3,2,1,3,d2:1;d4:1;d5:1
6831,8,True,7,0,2,1,1,0,0,4,3,1,2,2,d1:1;d2:1;d4:1
6833,14,True,13,0,1,11,1,0,10,3,2,1,1,2,d2:1;d3:1
6835,13,True,12,0,1,10,1,0,9,3,2,1,1,2,d2:1;d3:1
6837,12,True,11,0,1,9,1,0,8,3,2,1,1,2,d2:1;d3:1
6839,27,True,26,0,5,23,13,0,18,6,3,2,1,3,d2:1;d4:1;d5:1
6841,13,True,12,0,1,10,1,0,9,3,2,1,1,2,d2:1;d3:1
6843,24,True,23,0,3,6,9,0,15,6,3,2,1,3,d2:1;d4:1;d5:1
6845,26,True,25,0,5,2,13,0,17,6,3,2,1,3,d2:1;d4:1;d5:1
6847,10,True,9,0,3,3,3,0,0,6,4,1,3,2,d1:1;d3:1;d4:1;d6:1
6849,12,True,11,0,1,9,1,0,8,3,2,1,1,2,d2:1;d3:1
6851,12,True,11,0,1,2,1,0,1,3,2,1,1,2,d2:1;d3:1
6853,8,True,7,0,0,-1,0,0,-1,0,0,0,0,0,none
6855,16,True,15,0,1,2,2,0,0,3,2,1,1,2,d1:1;d3:1
6857,11,True,10,0,1,8,1,0,7,3,2,1,1,2,d2:1;d3:1
6859,12,True,11,0,1,4,2,0,2,3,2,1,1,2,d1:1;d3:1
6861,8,True,7,0,0,-1,0,0,-1,0,0,0,0,0,none
6863,19,True,18,0,3,7,7,0,2,3,2,1,1,2,d1:1;d3:1
6865,27,True,26,0,5,3,13,0,18,6,3,2,1,3,d2:1;d4:1;d5:1
6867,25,True,24,0,5,4,13,0,16,6,3,2,1,3,d2:1;d4:1;d5:1
6869,18,True,17,0,3,13,9,0,9,6,3,2,1,3,d2:1;d4:1;d5:1
6871,24,True,23,0,5,20,13,0,15,6,3,2,1,3,d2:1;d4:1;d5:1
6873,7,True,6,0,0,-1,0,0,-1,0,0,0,0,0,none
6875,13,True,12,0,1,10,1,0,9,3,2,1,1,2,d2:1;d3:1
6877,26,True,25,0,4,21,12,0,17,6,3,2,1,3,d2:1;d4:1;d5:1
6879,26,True,25,0,4,1,12,0,17,6,3,2,1,3,d2:1;d4:1;d5:1
6881,24,True,23,0,2,6,4,0,2,5,3,1,2,2,d2:1;d4:1;d5:1
6883,17,True,16,0,3,12,9,0,8,6,3,2,1,3,d2:1;d4:1;d5:1
6885,14,True,13,0,1,11,1,0,10,3,2,1,1,2,d2:1;d3:1
6887,28,True,27,0,8,12,12,0,6,5,2,1,1,2,d2:1;d4:1
6889,29,True,28,0,4,3,12,0,20,6,3,2,1,3,d2:1;d4:1;d5:1
6891,27,True,26,0,5,23,13,0,18,6,3,2,1,3,d2:1;d4:1;d5:1
6893,13,True,12,0,1,10,1,0,9,3,2,1,1,2,d2:1;d3:1
6895,18,True,17,0,3,5,5,0,1,4,2,1,1,2,d1:1;d3:1
6897,18,True,17,0,3,13,9,0,9,6,3,2,1,3,d2:1;d4:1;d5:1
6899,24,True,23,0,4,19,12,0,15,6,3,2,1,3,d2:1;d4:1;d5:1
6901,10,True,9,0,1,2,1,0,1,3,2,1,1,2,d1:1;d2:1
6903,14,True,13,0,1,11,1,0,10,3,2,1,1,2,d2:1;d3:1
6905,19,True,18,0,4,6,3,0,8,3,2,1,1,2,d1:1;d3:1
6907,19,True,18,0,4,3,3,0,8,3,2,1,1,2,d1:1;d3:1
6909,12,True,11,0,2,3,2,0,1,5,3,1,2,2,d1:1;d3:1;d4:1
6911,28,True,27,0,5,11,11,0,2,6,3,1,2,2,d1:1;d3:1;d5:1
6913,11,True,10,0,0,-1,0,0,-1,0,0,0,0,0,none
6915,10,True,9,0,0,-1,0,0,-1,0,0,0,0,0,none
6917,19,True,18,0,3,14,9,0,10,6,3,2,1,3,d2:1;d4:1;d5:1
6919,36,True,35,0,6,1,17,0,19,3,2,1,1,2,d1:1;d3:1
6921,15,True,14,0,1,2,1,0,1,3,2,1,1,2,d1:1;d2:1
6923,18,True,17,0,1,12,1,0,11,2,2,1,1,2,d1:1;d2:1
6925,24,True,23,0,5,6,13,0,15,6,3,2,1,3,d2:1;d4:1;d5:1
6927,16,True,15,0,3,11,9,0,7,6,3,2,1,3,d2:1;d4:1;d5:1
6929,25,True,24,0,5,21,13,0,16,6,3,2,1,3,d2:1;d4:1;d5:1
6931,24,True,23,0,5,2,13,0,15,6,3,2,1,3,d2:1;d4:1;d5:1
6933,6,True,5,0,0,-1,0,0,-1,0,0,0,0,0,none
6935,23,True,22,0,5,19,13,0,14,6,3,2,1,3,d2:1;d4:1;d5:1
6937,30,True,29,0,3,4,9,0,21,6,3,2,1,3,d2:1;d4:1;d5:1
6939,14,True,13,0,4,3,2,0,1,7,5,1,4,2,d1:1;d2:1;d4:1;d6:1;d7:1
6941,18,True,17,0,3,13,9,0,9,6,3,2,1,3,d2:1;d4:1;d5:1
6943,42,True,41,0,4,13,13,0,4,2,2,1,1,2,d1:1;d2:1
6945,10,True,9,0,0,-1,0,0,-1,0,0,0,0,0,none
6947,18,True,17,0,2,6,6,0,9,6,3,2,1,3,d2:1;d4:1;d5:1
6949,17,True,16,0,2,5,6,0,8,6,3,2,1,3,d2:1;d4:1;d5:1
6951,19,True,18,0,1,1,3,0,0,3,2,1,1,2,d1:1;d3:1
6953,16,True,15,0,2,7,3,0,4,5,3,1,2,2,d1:1;d3:1;d5:1
6955,28,True,27,0,4,23,12,0,19,6,3,2,1,3,d2:1;d4:1;d5:1
6957,11,True,10,0,1,4,1,0,3,4,2,1,1,2,d2:1;d4:1
6959,19,True,18,0,2,2,2,0,0,4,3,1,2,2,d1:1;d2:1;d4:1
6961,11,True,10,0,1,8,1,0,7,3,2,1,1,2,d2:1;d3:1
6963,11,True,10,0,1,8,1,0,7,3,2,1,1,2,d2:1;d3:1
6965,6,True,5,0,0,-1,0,0,-1,0,0,0,0,0,none
6967,15,True,14,0,1,6,2,0,4,3,2,1,1,2,d1:1;d3:1
6969,12,True,11,0,1,9,1,0,8,3,2,1,1,2,d2:1;d3:1
6971,10,True,9,0,1,7,1,0,6,3,2,1,1,2,d2:1;d3:1
6973,29,True,28,0,4,7,9,0,3,6,3,1,2,2,d1:1;d3:1;d5:1
6975,24,True,23,0,2,3,3,0,0,6,4,2,2,3,d1:1;d3:1;d4:1;d6:1
6977,6,True,5,0,0,-1,0,0,-1,0,0,0,0,0,none
6979,18,True,17,0,1,2,1,0,1,2,2,1,1,2,d1:1;d2:1
6981,26,True,25,0,4,3,12,0,17,6,3,2,1,3,d2:1;d4:1;d5:1
6983,18,True,17,0,1,3,3,0,0,3,2,1,1,2,d1:1;d3:1
6985,18,True,17,0,2,13,6,0,9,6,3,2,1,3,d2:1;d4:1;d5:1
6987,26,True,25,0,4,7,12,0,17,6,3,2,1,3,d2:1;d4:1;d5:1
6989,25,True,24,0,4,6,12,0,16,6,3,2,1,3,d2:1;d4:1;d5:1
6991,12,True,11,0,1,1,1,0,0,4,3,2,1,3,d1:1;d2:1;d4:1
6993,18,True,17,0,2,3,6,0,2,4,3,1,2,2,d1:1;d3:1;d4:1
6995,16,True,15,0,2,11,6,0,7,6,3,2,1,3,d2:1;d4:1;d5:1
6997,19,True,18,0,5,15,13,0,10,6,3,2,1,3,d2:1;d4:1;d5:1
6999,24,True,23,0,4,11,8,0,7,6,4,2,2,3,d1:1;d3:1;d5:1;d6:1
7001,7,True,6,0,0,-1,0,0,-1,0,0,0,0,0,none
7003,26,True,25,0,4,3,12,0,17,6,3,2,1,3,d2:1;d4:1;d5:1
7005,6,True,5,0,0,-1,0,0,-1,0,0,0,0,0,none
7007,13,True,12,0,4,4,3,0,2,3,2,1,1,2,d1:1;d3:1
7009,26,True,25,0,5,9,9,0,3,9,5,1,4,2,d2:1;d4:1;d6:1;d7:1;d9:1
7011,12,True,11,0,1,6,1,0,5,2,2,1,1,2,d1:1;d2:1
7013,12,True,11,0,1,6,1,0,5,2,2,1,1,2,d1:1;d2:1
7015,26,True,25,0,3,2,9,0,7,4,3,1,2,2,d1:1;d3:1;d4:1
7017,30,True,29,0,6,21,17,0,13,3,2,1,1,2,d1:1;d3:1
7019,10,True,9,0,0,-1,0,0,-1,0,0,0,0,0,none
7021,9,True,8,0,0,-1,0,0,-1,0,0,0,0,0,none
7023,31,True,30,0,5,2,17,0,14,3,2,1,1,2,d1:1;d3:1
7025,12,True,11,0,1,6,1,0,5,2,2,1,1,2,d1:1;d2:1
7027,12,True,11,0,1,6,1,0,5,2,2,1,1,2,d1:1;d2:1
7029,12,True,11,0,1,6,1,0,5,2,2,1,1,2,d1:1;d2:1
7031,26,True,25,0,3,6,9,0,17,6,3,2,1,3,d2:1;d4:1;d5:1
7033,19,True,18,0,2,4,6,0,10,6,3,2,1,3,d2:1;d4:1;d5:1
7035,19,True,18,0,1,2,2,0,1,2,2,1,1,2,d1:1;d2:1
7037,25,True,24,0,3,5,9,0,16,6,3,2,1,3,d2:1;d4:1;d5:1
7039,12,True,11,0,2,4,4,0,0,7,4,2,2,3,d2:1;d4:1;d5:1;d7:1
7041,12,True,11,0,1,9,1,0,8,3,2,1,1,2,d2:1;d3:1
7043,19,True,18,0,2,8,6,0,3,3,2,1,1,2,d1:1;d2:1
7045,19,True,18,0,2,8,6,0,3,2,2,1,1,2,d1:1;d2:1
7047,19,True,18,0,2,1,5,0,10,4,3,1,2,2,d1:1;d3:1;d4:1
7049,13,True,12,0,1,4,3,0,1,3,2,1,1,2,d1:1;d2:1
7051,10,True,9,0,2,3,1,0,2,5,3,1,2,2,d1:1;d3:1;d5:1
7053,19,True,18,0,5,15,13,0,10,6,3,2,1,3,d2:1;d4:1;d5:1
7055,11,True,10,0,1,5,1,0,4,2,2,1,1,2,d1:1;d2:1
7057,13,True,12,0,1,7,1,0,6,2,2,1,1,2,d1:1;d2:1
7059,11,True,10,0,1,5,1,0,4,2,2,1,1,2,d1:1;d2:1
7061,6,True,5,0,0,-1,0,0,-1,0,0,0,0,0,none
7063,19,True,18,0,1,5,3,0,2,4,2,1,1,2,d1:1;d3:1
7065,20,True,19,0,1,6,3,0,3,4,2,1,1,2,d1:1;d3:1
7067,10,True,9,0,1,4,1,0,3,2,2,1,1,2,d1:1;d2:1
7069,28,True,27,0,3,5,9,0,19,6,3,2,1,3,d2:1;d4:1;d5:1
7071,9,True,8,0,2,1,1,0,0,5,3,1,2,2,d2:1;d3:1;d5:1
7073,20,True,19,0,1,3,1,0,2,2,2,1,1,2,d1:1;d2:1
7075,5,True,4,0,0,-1,0,0,-1,0,0,0,0,0,none
7077,12,True,11,0,1,3,2,0,1,4,2,1,1,2,d2:1;d3:1
7079,21,True,20,0,1,3,3,0,0,3,2,1,1,2,d1:1;d3:1
7081,20,True,19,0,2,4,3,0,1,6,3,1,2,2,d2:1;d4:1;d5:1
7083,13,True,12,0,0,-1,0,0,-1,0,0,0,0,0,none
7085,12,True,11,0,0,-1,0,0,-1,0,0,0,0,0,none
7087,11,True,10,0,2,1,1,0,0,4,3,1,2,2,d1:1;d2:1;d4:1
7089,12,True,11,0,0,-1,0,0,-1,0,0,0,0,0,none
7091,11,True,10,0,0,-1,0,0,-1,0,0,0,0,0,none
7093,12,True,11,0,0,-1,0,0,-1,0,0,0,0,0,none
7095,10,True,9,0,0,-1,0,0,-1,0,0,0,0,0,none
7097,11,True,10,0,0,-1,0,0,-1,0,0,0,0,0,none
7099,11,True,10,0,0,-1,0,0,-1,0,0,0,0,0,none
7101,17,True,16,0,4,2,2,0,8,7,5,1,4,2,d1:1;d2:1;d4:1;d6:1;d7:1
7103,25,True,24,0,3,3,9,0,0,6,4,1,3,2,d1:1;d3:1;d4:1;d6:1
7105,12,True,11,0,0,-1,0,0,-1,0,0,0,0,0,none
7107,10,True,9,0,1,2,1,0,1,4,3,2,1,3,d1:1;d3:1;d4:1
7109,20,True,19,0,4,15,12,0,11,6,3,2,1,3,d2:1;d4:1;d5:1
7111,26,True,25,0,3,2,9,0,17,6,3,2,1,3,d2:1;d4:1;d5:1
7113,9,True,8,0,1,5,1,0,4,2,2,1,1,2,d1:1;d2:1
7115,12,True,11,0,0,-1,0,0,-1,0,0,0,0,0,none
7117,23,True,22,0,3,6,9,0,4,4,3,1,2,2,d1:1;d3:1;d4:1
7119,9,True,8,0,1,1,1,0,0,4,3,2,1,3,d1:1;d2:1;d4:1
7121,23,True,22,0,3,6,9,0,14,6,3,2,1,3,d2:1;d4:1;d5:1
7123,10,True,9,0,1,5,4,0,1,3,2,1,1,2,d2:1;d3:1
7125,12,True,11,0,2,7,6,0,3,6,3,2,1,3,d2:1;d4:1;d5:1
7127,25,True,24,0,4,5,9,0,8,3,2,1,1,2,d1:1;d3:1
7129,19,True,18,0,4,14,12,0,10,6,3,2,1,3,d2:1;d4:1;d5:1
7131,33,True,32,0,4,11,12,0,24,6,3,2,1,3,d2:1;d4:1;d5:1
7133,9,True,8,0,1,5,1,0,4,4,3,2,1,3,d1:1;d2:1;d4:1
7135,33,True,32,0,5,8,13,0,24,6,3,2,1,3,d2:1;d4:1;d5:1
7137,9,True,8,0,2,3,1,0,2,4,3,1,2,2,d1:1;d3:1;d4:1
7139,12,True,11,0,2,7,6,0,3,6,3,2,1,3,d2:1;d4:1;d5:1
7141,6,True,5,0,0,-1,0,0,-1,0,0,0,0,0,none
7143,33,True,32,0,4,1,12,0,24,6,3,2,1,3,d2:1;d4:1;d5:1
7145,32,True,31,0,4,3,12,0,2,8,5,2,3,3,d1:1;d3:1;d5:1;d6:1;d8:1
7147,22,True,21,0,1,6,2,0,4,4,2,1,1,2,d2:1;d4:1
7149,9,True,8,0,1,3,1,0,2,2,2,1,1,2,d1:1;d2:1
7151,19,True,18,0,2,5,5,0,0,4,3,1,2,2,d1:1;d2:1;d4:1
7153,13,True,12,0,1,6,2,0,4,6,3,2,1,3,d2:1;d4:1;d5:1
7155,14,True,13,0,2,9,4,0,5,4,3,1,2,2,d1:1;d3:1;d4:1
7157,17,True,16,0,4,5,4,0,6,8,5,1,4,2,d1:1;d3:1;d4:1;d6:1;d8:1
7159,13,True,12,0,2,8,4,0,4,4,3,1,2,2,d1:1;d3:1;d4:1
7161,25,True,24,0,3,6,5,0,8,4,2,1,1,2,d1:1;d3:1
7163,12,True,11,0,1,3,2,0,1,2,2,1,1,2,d1:1;d2:1
7165,17,True,16,0,4,3,2,0,6,8,5,1,4,2,d1:1;d3:1;d4:1;d6:1;d8:1
7167,30,True,29,0,5,7,12,0,0,10,6,1,5,2,d2:1;d3:1;d5:1;d7:1;d8:1;d10:1
7169,15,True,14,0,1,8,2,0,6,5,3,2,1,3,d2:1;d4:1;d5:1
7171,15,True,14,0,1,5,2,0,3,4,2,1,1,2,d1:1;d3:1
7173,21,True,20,0,3,16,9,0,12,6,3,2,1,3,d2:1;d4:1;d5:1
7175,15,True,14,0,1,1,2,0,0,3,2,1,1,2,d1:1;d3:1
7177,15,True,14,0,1,2,2,0,1,3,2,1,1,2,d1:1;d2:1
7179,20,True,19,0,3,15,9,0,11,6,3,2,1,3,d2:1;d4:1;d5:1
7181,15,True,14,0,1,12,1,0,11,3,2,1,1,2,d2:1;d3:1
7183,24,True,23,0,3,7,9,0,3,8,5,2,3,3,d1:1;d2:1;d4:1;d6:1;d7:1
7185,15,True,14,0,1,12,1,0,11,3,2,1,1,2,d2:1;d3:1
7187,6,True,5,0,1,2,1,0,1,2,2,1,1,2,d1:1;d2:1
7189,19,True,18,0,3,14,9,0,10,6,3,2,1,3,d2:1;d4:1;d5:1
7191,14,True,13,0,1,11,1,0,10,3,2,1,1,2,d2:1;d3:1
7193,31,True,30,0,5,27,13,0,22,6,3,2,1,3,d2:1;d4:1;d5:1
7195,21,True,20,0,5,4,7,0,8,4,3,1,2,2,d1:1;d2:1;d4:1
7197,15,True,14,0,1,12,1,0,11,3,2,1,1,2,d2:1;d3:1
7199,29,True,28,0,5,2,13,0,20,6,3,2,1,3,d2:1;d4:1;d5:1
7201,30,True,29,0,5,5,13,0,21,6,3,2,1,3,d2:1;d4:1;d5:1
7203,18,True,17,0,3,13,9,0,9,6,3,2,1,3,d2:1;d4:1;d5:1
7205,28,True,27,0,5,2,13,0,19,6,3,2,1,3,d2:1;d4:1;d5:1
7207,13,True,12,0,1,1,1,0,0,3,2,1,1,2,d1:1;d3:1
7209,13,True,12,0,2,2,1,0,1,5,3,1,2,2,d1:1;d3:1;d4:1
7211,21,True,20,0,3,16,9,0,12,6,3,2,1,3,d2:1;d4:1;d5:1
7213,11,True,10,0,0,-1,0,0,-1,0,0,0,0,0,none
7215,13,True,12,0,2,2,2,0,0,4,3,1,2,2,d1:1;d2:1;d4:1
7217,10,True,9,0,0,-1,0,0,-1,0,0,0,0,0,none
7219,10,True,9,0,0,-1,0,0,-1,0,0,0,0,0,none
7221,11,True,10,0,4,4,2,0,2,7,5,1,4,2,d1:1;d2:1;d4:1;d6:1;d7:1
7223,12,True,11,0,1,9,1,0,8,3,2,1,1,2,d2:1;d3:1
7225,11,True,10,0,0,-1,0,0,-1,0,0,0,0,0,none
7227,21,True,20,0,4,11,9,0,4,3,2,1,1,2,d1:1;d3:1
7229,18,True,17,0,3,13,9,0,9,6,3,2,1,3,d2:1;d4:1;d5:1
7231,13,True,12,0,1,1,1,0,0,6,4,3,1,4,d1:1;d3:1;d4:1;d6:1
7233,29,True,28,0,4,7,12,0,20,6,3,2,1,3,d2:1;d4:1;d5:1
7235,28,True,27,0,4,6,12,0,19,6,3,2,1,3,d2:1;d4:1;d5:1
7237,12,True,11,0,3,4,1,0,3,6,4,1,3,2,d1:1;d2:1;d4:1;d6:1
7239,10,True,9,0,1,3,3,0,0,3,2,1,1,2,d1:1;d3:1
7241,15,True,14,0,1,12,1,0,11,3,2,1,1,2,d2:1;d3:1
7243,11,True,10,0,3,3,1,0,2,6,4,1,3,2,d1:1;d2:1;d4:1;d6:1
7245,17,True,16,0,1,5,3,0,2,2,2,1,1,2,d1:1;d2:1
7247,18,True,17,0,3,1,9,0,9,6,3,2,1,3,d2:1;d4:1;d5:1
7249,17,True,16,0,1,14,1,0,13,3,2,1,1,2,d2:1;d3:1
7251,14,True,13,0,2,3,2,0,1,4,3,1,2,2,d1:1;d3:1;d4:1
7253,3,True,2,0,0,-1,0,0,-1,0,0,0,0,0,none
7255,11,True,10,0,2,3,1,0,2,5,3,1,2,2,d1:1;d2:1;d4:1
7257,15,True,14,0,1,12,1,0,11,3,2,1,1,2,d2:1;d3:1
7259,28,True,27,0,5,2,13,0,19,6,3,2,1,3,d2:1;d4:1;d5:1
7261,10,True,9,0,0,-1,0,0,-1,0,0,0,0,0,none
7263,19,True,18,0,3,6,5,0,2,4,2,1,1,2,d1:1;d3:1
7265,27,True,26,0,4,22,12,0,18,6,3,2,1,3,d2:1;d4:1;d5:1
7267,12,True,11,0,5,3,2,0,1,9,6,1,5,2,d1:1;d3:1;d4:1;d6:1;d8:1;d9:1
7269,13,True,12,0,4,4,2,0,2,8,5,1,4,2,d1:1;d3:1;d4:1;d6:1;d8:1
7271,27,True,26,0,4,4,12,0,18,6,3,2,1,3,d2:1;d4:1;d5:1
7273,21,True,20,0,4,8,3,0,10,3,2,1,1,2,d1:1;d3:1
7275,22,True,21,0,4,6,3,0,11,3,2,1,1,2,d1:1;d3:1
7277,30,True,29,0,7,16,14,0,4,6,3,1,2,2,d1:1;d3:1;d5:1
7279,30,True,29,0,6,12,12,0,5,3,2,1,1,2,d1:1;d3:1
7281,3,True,2,0,0,-1,0,0,-1,0,0,0,0,0,none
7283,23,True,22,0,3,18,9,0,14,6,3,2,1,3,d2:1;d4:1;d5:1
7285,10,True,9,0,0,-1,0,0,-1,0,0,0,0,0,none
7287,27,True,26,0,5,9,13,0,18,6,3,2,1,3,d2:1;d4:1;d5:1
7289,21,True,20,0,3,3,9,0,12,6,3,2,1,3,d2:1;d4:1;d5:1
7291,27,True,26,0,5,2,13,0,18,6,3,2,1,3,d2:1;d4:1;d5:1
7293,26,True,25,0,5,2,13,0,17,6,3,2,1,3,d2:1;d4:1;d5:1
7295,16,True,15,0,5,7,7,0,3,4,3,1,2,2,d1:1;d2:1;d4:1
7297,28,True,27,0,5,4,13,0,19,6,3,2,1,3,d2:1;d4:1;d5:1
7299,9,True,8,0,0,-1,0,0,-1,0,0,0,0,0,none
7301,9,True,8,0,0,-1,0,0,-1,0,0,0,0,0,none
7303,26,True,25,0,5,1,13,0,17,6,3,2,1,3,d2:1;d4:1;d5:1
7305,33,True,32,0,3,6,9,0,2,5,3,1,2,2,d1:1;d2:1;d4:1
7307,9,True,8,0,1,1,1,0,0,2,2,1,1,2,d1:1;d2:1
7309,24,True,23,0,5,20,13,0,15,6,3,2,1,3,d2:1;d4:1;d5:1
7311,19,True,18,0,3,14,9,0,10,6,3,2,1,3,d2:1;d4:1;d5:1
7313,22,True,21,0,2,4,6,0,13,6,3,2,1,3,d2:1;d4:1;d5:1
7315,21,True,20,0,2,9,6,0,12,6,3,2,1,3,d2:1;d4:1;d5:1
7317,22,True,21,0,5,18,13,0,13,6,3,2,1,3,d2:1;d4:1;d5:1
7319,22,True,21,0,5,18,13,0,13,6,3,2,1,3,d2:1;d4:1;d5:1
7321,9,True,8,0,0,-1,0,0,-1,0,0,0,0,0,none
7323,26,True,25,0,5,6,13,0,17,6,3,2,1,3,d2:1;d4:1;d5:1
7325,13,True,12,0,1,6,1,0,5,4,2,1,1,2,d2:1;d4:1
7327,19,True,18,0,4,6,6,0,1,4,3,1,2,2,d1:1;d2:1;d4:1
7329,22,True,21,0,2,5,2,0,3,5,3,1,2,2,d1:1;d2:1;d4:1
7331,8,True,7,0,0,-1,0,0,-1,0,0,0,0,0,none
7333,7,True,6,0,0,-1,0,0,-1,0,0,0,0,0,none
7335,13,True,12,0,2,5,5,0,2,3,2,1,1,2,d1:1;d3:1
7337,29,True,28,0,4,6,5,0,18,8,5,1,4,2,d1:1;d3:1;d4:1;d6:1;d8:1
7339,32,True,31,0,6,1,9,0,6,6,3,1,2,2,d1:1;d3:1;d5:1
7341,24,True,23,0,5,20,13,0,15,6,3,2,1,3,d2:1;d4:1;d5:1
7343,12,True,11,0,2,1,1,0,0,4,3,1,2,2,d1:1;d3:1;d4:1
7345,29,True,28,0,4,4,12,0,20,6,3,2,1,3,d2:1;d4:1;d5:1
7347,28,True,27,0,4,3,12,0,19,6,3,2,1,3,d2:1;d4:1;d5:1
7349,23,True,22,0,4,18,12,0,14,6,3,2,1,3,d2:1;d4:1;d5:1
7351,20,True,19,0,1,4,1,0,3,2,2,1,1,2,d1:1;d2:1
7353,28,True,27,0,4,5,12,0,19,6,3,2,1,3,d2:1;d4:1;d5:1
7355,20,True,19,0,1,1,3,0,0,2,2,1,1,2,d1:1;d2:1
7357,27,True,26,0,4,2,12,0,18,6,3,2,1,3,d2:1;d4:1;d5:1
7359,25,True,24,0,4,9,9,0,3,5,3,1,2,2,d2:1;d3:1;d5:1
7361,24,True,23,0,5,20,13,0,15,6,3,2,1,3,d2:1;d4:1;d5:1
7363,21,True,20,0,5,17,13,0,12,6,3,2,1,3,d2:1;d4:1;d5:1
7365,22,True,21,0,4,17,12,0,13,6,3,2,1,3,d2:1;d4:1;d5:1
7367,19,True,18,0,2,2,6,0,10,6,3,2,1,3,d2:1;d4:1;d5:1
7369,8,True,7,0,0,-1,0,0,-1,0,0,0,0,0,none
7371,9,True,8,0,1,1,1,0,0,2,2,1,1,2,d1:1;d2:1
7373,23,True,22,0,4,18,12,0,14,6,3,2,1,3,d2:1;d4:1;d5:1
7375,8,True,7,0,1,1,1,0,0,4,3,2,1,3,d1:1;d3:1;d4:1
7377,17,True,16,0,4,4,3,0,6,3,2,1,1,2,d1:1;d3:1
7379,16,True,15,0,4,3,3,0,5,3,2,1,1,2,d1:1;d3:1
7381,9,True,8,0,1,6,1,0,5,3,2,1,1,2,d2:1;d3:1
7383,15,True,14,0,1,9,1,0,8,2,2,1,1,2,d1:1;d2:1
7385,15,True,14,0,1,9,1,0,8,2,2,1,1,2,d1:1;d2:1
7387,14,True,13,0,1,1,1,0,0,2,2,1,1,2,d1:1;d2:1
7389,14,True,13,0,1,8,1,0,7,2,2,1,1,2,d1:1;d2:1
7391,33,True,32,0,6,2,17,0,16,3,2,1,1,2,d1:1;d3:1
7393,11,True,10,0,0,-1,0,0,-1,0,0,0,0,0,none
7395,8,True,7,0,1,5,1,0,4,3,2,1,1,2,d2:1;d3:1
7397,15,True,14,0,1,9,1,0,8,2,2,1,1,2,d1:1;d2:1
7399,18,True,17,0,2,3,4,0,1,3,2,1,1,2,d1:1;d3:1
7401,14,True,13,0,1,2,1,0,1,4,2,1,1,2,d2:1;d4:1
7403,29,True,28,0,4,1,9,0,7,8,5,1,4,2,d1:1;d2:1;d4:1;d6:1;d8:1
7405,22,True,21,0,4,17,12,0,13,6,3,2,1,3,d2:1;d4:1;d5:1
7407,7,True,6,0,3,2,2,0,1,6,3,2,1,3,d2:1;d3:1;d5:1
7409,22,True,21,0,5,4,13,0,13,6,3,2,1,3,d2:1;d4:1;d5:1
7411,27,True,26,0,3,7,9,0,18,6,3,2,1,3,d2:1;d4:1;d5:1
7413,21,True,20,0,5,17,13,0,12,6,3,2,1,3,d2:1;d4:1;d5:1
7415,21,True,20,0,4,16,12,0,12,6,3,2,1,3,d2:1;d4:1;d5:1
7417,23,True,22,0,2,12,6,0,7,3,2,1,1,2,d1:1;d2:1
7419,13,True,12,0,2,4,4,0,2,4,2,1,1,2,d1:1;d3:1
7421,20,True,19,0,2,2,6,0,4,2,2,1,1,2,d1:1;d2:1
7423,39,True,38,0,4,7,12,0,2,2,2,1,1,2,d1:1;d2:1
7425,22,True,21,0,5,18,13,0,13,6,3,2,1,3,d2:1;d4:1;d5:1
7427,14,True,13,0,2,5,3,0,2,5,3,1,2,2,d1:1;d3:1;d5:1
7429,9,True,8,0,1,6,1,0,5,3,2,1,1,2,d2:1;d3:1
7431,13,True,12,0,1,1,1,0,0,3,2,1,1,2,d2:1;d3:1
7433,16,True,15,0,1,2,1,0,1,3,2,1,1,2,d1:1;d3:1
7435,10,True,9,0,1,1,1,0,0,2,2,1,1,2,d1:1;d2:1
7437,23,True,22,0,4,18,12,0,14,6,3,2,1,3,d2:1;d4:1;d5:1
7439,8,True,7,0,0,-1,0,0,-1,0,0,0,0,0,none
7441,24,True,23,0,4,19,12,0,15,6,3,2,1,3,d2:1;d4:1;d5:1
7443,12,True,11,0,1,6,1,0,5,2,2,1,1,2,d1:1;d2:1
7445,8,True,7,0,1,5,1,0,4,3,2,1,1,2,d2:1;d3:1
7447,21,True,20,0,4,16,12,0,12,6,3,2,1,3,d2:1;d4:1;d5:1
7449,22,True,21,0,1,3,1,0,2,3,2,1,1,2,d1:1;d3:1
7451,27,True,26,0,3,3,9,0,1,6,3,1,2,2,d1:1;d3:1;d5:1
7453,15,True,14,0,1,6,2,0,4,3,2,1,1,2,d2:1;d3:1
7455,13,True,12,0,2,1,2,0,0,5,3,1,2,2,d2:1;d4:1;d5:1
7457,14,True,13,0,0,-1,0,0,-1,0,0,0,0,0,none
7459,14,True,13,0,0,-1,0,0,-1,0,0,0,0,0,none
7461,14,True,13,0,0,-1,0,0,-1,0,0,0,0,0,none
7463,14,True,13,0,1,1,1,0,0,3,2,1,1,2,d2:1;d3:1
7465,13,True,12,0,2,3,2,0,2,3,2,1,1,2,d1:1;d2:1
7467,14,True,13,0,1,1,1,0,0,2,2,1,1,2,d1:1;d2:1
7469,9,True,8,0,1,6,1,0,5,3,2,1,1,2,d2:1;d3:1
7471,14,True,13,0,2,3,3,0,0,4,3,1,2,2,d1:1;d3:1;d4:1
7473,19,True,18,0,4,5,2,0,10,7,5,1,4,2,d1:1;d2:1;d4:1;d6:1;d7:1
7475,19,True,18,0,4,5,2,0,10,7,5,1,4,2,d1:1;d2:1;d4:1;d6:1;d7:1
7477,15,True,14,0,2,10,6,0,6,6,3,2,1,3,d2:1;d4:1;d5:1
7479,21,True,20,0,3,8,7,0,4,6,4,2,2,3,d1:1;d3:1;d5:1;d6:1
7481,28,True,27,0,3,6,9,0,3,7,4,1,3,2,d1:1;d3:1;d4:1;d6:1
7483,7,True,6,0,1,1,1,0,0,2,2,1,1,2,d1:1;d2:1
7485,23,True,22,0,4,18,12,0,14,6,3,2,1,3,d2:1;d4:1;d5:1
7487,12,True,11,0,2,2,2,0,0,6,4,2,2,3,d1:1;d3:1;d5:1;d6:1
7489,16,True,15,0,2,11,6,0,7,6,3,2,1,3,d2:1;d4:1;d5:1
7491,24,True,23,0,3,7,9,0,5,4,3,1,2,2,d1:1;d3:1;d4:1
7493,14,True,13,0,2,9,6,0,5,6,3,2,1,3,d2:1;d4:1;d5:1
7495,13,True,12,0,1,2,2,0,0,3,2,1,1,2,d2:1;d3:1
7497,12,True,11,0,1,5,2,0,3,3,2,1,1,2,d1:1;d3:1
7499,14,True,13,0,2,1,6,0,5,6,3,2,1,3,d2:1;d4:1;d5:1
7501,28,True,27,0,5,19,17,0,11,3,2,1,1,2,d1:1;d3:1
7503,12,True,11,0,1,1,4,0,0,4,3,2,1,3,d1:1;d3:1;d4:1
7505,27,True,26,0,4,7,9,0,10,3,2,1,1,2,d1:1;d3:1
7507,23,True,22,0,3,2,9,0,1,7,4,1,3,2,d1:1;d2:1;d4:1;d6:1
7509,5,True,4,0,0,-1,0,0,-1,0,0,0,0,0,none
7511,11,True,10,0,1,7,1,0,6,4,3,2,1,3,d1:1;d2:1;d4:1
7513,15,True,14,0,2,10,6,0,6,6,3,2,1,3,d2:1;d4:1;d5:1
7515,36,True,35,0,5,2,13,0,27,6,3,2,1,3,d2:1;d4:1;d5:1
7517,15,True,14,0,1,8,2,0,6,6,3,2,1,3,d2:1;d4:1;d5:1
7519,14,True,13,0,2,9,6,0,5,6,3,2,1,3,d2:1;d4:1;d5:1
7521,9,True,8,0,0,-1,0,0,-1,0,0,0,0,0,none
7523,8,True,7,0,1,5,1,0,4,3,2,1,1,2,d2:1;d3:1
7525,8,True,7,0,1,5,1,0,4,3,2,1,1,2,d2:1;d3:1
7527,28,True,27,0,5,20,20,0,14,5,3,1,2,2,d1:1;d3:1;d5:1
7529,10,True,9,0,1,4,1,0,3,2,2,1,1,2,d1:1;d2:1
7531,11,True,10,0,1,1,1,0,0,2,2,1,1,2,d1:1;d2:1
7533,17,True,16,0,2,12,4,0,8,4,3,1,2,2,d1:1;d3:1;d4:1
7535,14,True,13,0,2,1,2,0,0,4,3,1,2,2,d1:1;d3:1;d4:1
7537,22,True,21,0,3,4,9,0,13,6,3,2,1,3,d2:1;d4:1;d5:1
7539,20,True,19,0,4,8,4,0,9,8,5,1,4,2,d1:1;d3:1;d4:1;d6:1;d8:1
7541,21,True,20,0,3,3,9,0,12,6,3,2,1,3,d2:1;d4:1;d5:1
7543,19,True,18,0,4,5,2,0,8,8,5,1,4,2,d1:1;d3:1;d4:1;d6:1;d8:1
7545,14,True,13,0,1,5,3,0,2,5,3,2,1,3,d1:1;d3:1;d5:1
7547,20,True,19,0,4,2,2,0,9,8,5,1,4,2,d1:1;d3:1;d4:1;d6:1;d8:1
7549,6,True,5,0,1,3,1,0,2,3,2,1,1,2,d2:1;d3:1
7551,14,True,13,0,1,3,3,0,0,7,4,3,1,4,d2:1;d4:1;d6:1;d7:1
7553,25,True,24,0,3,20,9,0,16,6,3,2,1,3,d2:1;d4:1;d5:1
7555,22,True,21,0,3,17,9,0,13,6,3,2,1,3,d2:1;d4:1;d5:1
7557,17,True,16,0,1,14,1,0,13,3,2,1,1,2,d2:1;d3:1
7559,21,True,20,0,3,1,9,0,12,6,3,2,1,3,d2:1;d4:1;d5:1
7561,17,True,16,0,1,2,1,0,1,3,2,1,1,2,d1:1;d3:1
7563,17,True,16,0,1,1,1,0,0,2,2,1,1,2,d1:1;d2:1
7565,9,True,8,0,0,-1,0,0,-1,0,0,0,0,0,none
7567,21,True,20,0,3,16,9,0,12,6,3,2,1,3,d2:1;d4:1;d5:1
7569,22,True,21,0,3,17,9,0,13,6,3,2,1,3,d2:1;d4:1;d5:1
7571,20,True,19,0,3,15,9,0,11,6,3,2,1,3,d2:1;d4:1;d5:1
7573,8,True,7,0,0,-1,0,0,-1,0,0,0,0,0,none
7575,15,True,14,0,2,3,2,0,1,5,3,1,2,2,d1:1;d3:1;d5:1
7577,17,True,16,0,1,4,1,0,3,4,2,1,1,2,d1:1;d3:1
7579,23,True,22,0,5,2,7,0,10,4,3,1,2,2,d1:1;d2:1;d4:1
7581,31,True,30,0,5,5,13,0,22,6,3,2,1,3,d2:1;d4:1;d5:1
7583,17,True,16,0,3,4,4,0,2,2,2,1,1,2,d1:1;d2:1
7585,23,True,22,0,3,18,9,0,14,6,3,2,1,3,d2:1;d4:1;d5:1
7587,14,True,13,0,4,7,2,0,5,7,5,1,4,2,d1:1;d2:1;d4:1;d6:1;d7:1
7589,13,True,12,0,4,6,2,0,4,7,5,1,4,2,d1:1;d2:1;d4:1;d6:1;d7:1
7591,31,True,30,0,5,2,13,0,22,6,3,2,1,3,d2:1;d4:1;d5:1
7593,28,True,27,0,5,4,13,0,19,6,3,2,1,3,d2:1;d4:1;d5:1
7595,24,True,23,0,3,1,9,0,15,6,3,2,1,3,d2:1;d4:1;d5:1
7597,14,True,13,0,4,7,2,0,5,7,5,1,4,2,d1:1;d2:1;d4:1;d6:1;d7:1
7599,11,True,10,0,2,1,1,0,0,4,3,1,2,2,d1:1;d3:1;d4:1
7601,8,True,7,0,0,-1,0,0,-1,0,0,0,0,0,none
7603,7,True,6,0,0,-1,0,0,-1,0,0,0,0,0,none
7605,6,True,5,0,0,-1,0,0,-1,0,0,0,0,0,none
7607,14,True,13,0,1,4,1,0,3,5,3,2,1,3,d2:1;d4:1;d5:1
7609,7,True,6,0,0,-1,0,0,-1,0,0,0,0,0,none
7611,22,True,21,0,3,1,9,0,13,6,3,2,1,3,d2:1;d4:1;d5:1
7613,20,True,19,0,3,2,9,0,11,6,3,2,1,3,d2:1;d4:1;d5:1
7615,9,True,8,0,4,2,2,0,1,4,2,1,1,2,d2:1;d3:1
7617,32,True,31,0,4,4,12,0,23,6,3,2,1,3,d2:1;d4:1;d5:1
7619,29,True,28,0,4,7,12,0,20,6,3,2,1,3,d2:1;d4:1;d5:1
7621,8,True,7,0,0,-1,0,0,-1,0,0,0,0,0,none
7623,15,True,14,0,3,2,2,0,6,6,4,1,3,2,d1:1;d2:1;d4:1;d6:1
7625,19,True,18,0,1,7,3,0,4,3,2,1,1,2,d1:1;d2:1
7627,19,True,18,0,1,1,3,0,0,2,2,1,1,2,d1:1;d2:1
7629,6,True,5,0,0,-1,0,0,-1,0,0,0,0,0,none
7631,31,True,30,0,4,2,12,0,22,6,3,2,1,3,d2:1;d4:1;d5:1
7633,5,True,4,0,0,-1,0,0,-1,0,0,0,0,0,none
7635,19,True,18,0,1,16,1,0,15,3,2,1,1,2,d2:1;d3:1
7637,8,True,7,0,0,-1,0,0,-1,0,0,0,0,0,none
7639,4,True,3,0,0,-1,0,0,-1,0,0,0,0,0,none
7641,5,True,4,0,0,-1,0,0,-1,0,0,0,0,0,none
7643,12,True,11,0,1,1,1,0,0,2,2,1,1,2,d1:1;d2:1
7645,6,True,5,0,0,-1,0,0,-1,0,0,0,0,0,none
7647,29,True,28,0,5,3,13,0,20,6,3,2,1,3,d2:1;d4:1;d5:1
7649,23,True,22,0,3,4,5,0,6,4,2,1,1,2,d1:1;d3:1
7651,8,True,7,0,0,-1,0,0,-1,0,0,0,0,0,none
7653,15,True,14,0,4,6,2,0,4,8,5,1,4,2,d1:1;d3:1;d4:1;d6:1;d8:1
7655,14,True,13,0,5,2,2,0,3,9,6,1,5,2,d1:1;d3:1;d4:1;d6:1;d8:1;d9:1
7657,19,True,18,0,1,3,2,0,1,4,2,1,1,2,d2:1;d4:1
7659,29,True,28,0,4,1,12,0,20,6,3,2,1,3,d2:1;d4:1;d5:1
7661,33,True,32,0,7,19,14,0,7,6,3,1,2,2,d1:1;d3:1;d5:1
7663,15,True,14,0,3,6,6,0,4,4,2,1,1,2,d1:1;d3:1
7665,11,True,10,0,0,-1,0,0,-1,0,0,0,0,0,none
7667,12,True,11,0,1,5,2,0,3,3,2,1,1,2,d2:1;d3:1
7669,10,True,9,0,0,-1,0,0,-1,0,0,0,0,0,none
7671,25,True,24,0,3,20,9,0,16,6,3,2,1,3,d2:1;d4:1;d5:1
7673,13,True,12,0,0,-1,0,0,-1,0,0,0,0,0,none
7675,30,True,29,0,5,2,13,0,21,6,3,2,1,3,d2:1;d4:1;d5:1
7677,22,True,21,0,3,4,9,0,13,6,3,2,1,3,d2:1;d4:1;d5:1
7679,19,True,18,0,5,6,6,0,4,3,2,1,1,2,d1:1;d2:1
7681,28,True,27,0,5,10,13,0,19,6,3,2,1,3,d2:1;d4:1;d5:1
7683,8,True,7,0,0,-1,0,0,-1,0,0,0,0,0,none
7685,28,True,27,0,5,24,13,0,19,6,3,2,1,3,d2:1;d4:1;d5:1
7687,13,True,12,0,1,1,1,0,0,3,2,1,1,2,d2:1;d3:1
7689,12,True,11,0,1,2,1,0,1,3,2,1,1,2,d1:1;d3:1
7691,28,True,27,0,5,1,13,0,19,6,3,2,1,3,d2:1;d4:1;d5:1
7693,12,True,11,0,1,9,1,0,8,3,2,1,1,2,d2:1;d3:1
7695,25,True,24,0,5,21,13,0,16,6,3,2,1,3,d2:1;d4:1;d5:1
7697,12,True,11,0,1,9,1,0,8,3,2,1,1,2,d2:1;d3:1
7699,23,True,22,0,3,5,9,0,14,6,3,2,1,3,d2:1;d4:1;d5:1
7701,10,True,9,0,1,7,1,0,6,3,2,1,1,2,d2:1;d3:1
7703,24,True,23,0,5,20,13,0,15,6,3,2,1,3,d2:1;d4:1;d5:1
7705,25,True,24,0,5,21,13,0,16,6,3,2,1,3,d2:1;d4:1;d5:1
7707,12,True,11,0,2,3,3,0,1,5,3,2,1,3,d1:1;d2:1;d4:1
7709,12,True,11,0,1,9,1,0,8,3,2,1,1,2,d2:1;d3:1
7711,21,True,20,0,2,3,6,0,0,5,3,1,2,2,d2:1;d4:1;d5:1
7713,16,True,15,0,1,5,1,0,4,3,2,1,1,2,d2:1;d3:1
7715,10,True,9,0,1,7,1,0,6,3,2,1,1,2,d2:1;d3:1
7717,11,True,10,0,1,3,2,0,1,3,2,1,1,2,d1:1;d3:1
7719,10,True,9,0,1,1,1,0,0,3,2,1,1,2,d2:1;d3:1
7721,19,True,18,0,3,7,6,0,2,3,2,1,1,2,d1:1;d3:1
7723,11,True,10,0,1,1,1,0,0,2,2,1,1,2,d1:1;d2:1
7725,26,True,25,0,5,5,13,0,17,6,3,2,1,3,d2:1;d4:1;d5:1
7727,15,True,14,0,2,7,7,0,0,4,3,1,2,2,d1:1;d3:1;d4:1
7729,24,True,23,0,5,20,13,0,15,6,3,2,1,3,d2:1;d4:1;d5:1
7731,24,True,23,0,5,20,13,0,15,6,3,2,1,3,d2:1;d4:1;d5:1
7733,6,True,5,0,0,-1,0,0,-1,0,0,0,0,0,none
7735,12,True,11,0,1,9,1,0,8,3,2,1,1,2,d2:1;d3:1
7737,32,True,31,0,4,7,12,0,23,6,3,2,1,3,d2:1;d4:1;d5:1
7739,26,True,25,0,4,1,12,0,17,6,3,2,1,3,d2:1;d4:1;d5:1
7741,24,True,23,0,4,19,12,0,15,6,3,2,1,3,d2:1;d4:1;d5:1
7743,21,True,20,0,1,5,1,0,4,2,2,1,1,2,d1:1;d2:1
7745,13,True,12,0,1,10,1,0,9,3,2,1,1,2,d2:1;d3:1
7747,11,True,10,0,1,8,1,0,7,3,2,1,1,2,d2:1;d3:1
7749,13,True,12,0,1,10,1,0,9,3,2,1,1,2,d2:1;d3:1
7751,28,True,27,0,4,2,12,0,19,6,3,2,1,3,d2:1;d4:1;d5:1
7753,26,True,25,0,5,22,13,0,17,6,3,2,1,3,d2:1;d4:1;d5:1
7755,12,True,11,0,1,1,1,0,0,2,2,1,1,2,d1:1;d2:1
7757,12,True,11,0,1,9,1,0,8,3,2,1,1,2,d2:1;d3:1
7759,23,True,22,0,4,1,12,0,14,6,3,2,1,3,d2:1;d4:1;d5:1
7761,25,True,24,0,4,20,12,0,16,6,3,2,1,3,d2:1;d4:1;d5:1
7763,23,True,22,0,4,18,12,0,14,6,3,2,1,3,d2:1;d4:1;d5:1
7765,16,True,15,0,3,11,9,0,7,6,3,2,1,3,d2:1;d4:1;d5:1
7767,12,True,11,0,1,9,1,0,8,3,2,1,1,2,d2:1;d3:1
7769,18,True,17,0,4,5,3,0,7,3,2,1,1,2,d1:1;d3:1
7771,18,True,17,0,4,2,3,0,7,3,2,1,1,2,d1:1;d3:1
7773,9,True,8,0,0,-1,0,0,-1,0,0,0,0,0,none
7775,10,True,9,0,1,7,1,0,6,3,2,1,1,2,d2:1;d3:1
7777,16,True,15,0,1,4,1,0,3,2,2,1,1,2,d1:1;d2:1
7779,8,True,7,0,0,-1,0,0,-1,0,0,0,0,0,none
7781,9,True,8,0,0,-1,0,0,-1,0,0,0,0,0,none
7783,17,True,16,0,2,3,3,0,1,4,3,2,1,3,d1:1;d2:1;d4:1
7785,35,True,34,0,6,4,17,0,18,3,2,1,1,2,d1:1;d3:1
7787,14,True,13,0,1,1,1,0,0,2,2,1,1,2,d1:1;d2:1
7789,17,True,16,0,1,11,1,0,10,2,2,1,1,2,d1:1;d2:1
7791,14,True,13,0,2,3,3,0,0,4,3,1,2,2,d1:1;d3:1;d4:1
7793,17,True,16,0,3,12,9,0,8,6,3,2,1,3,d2:1;d4:1;d5:1
7795,24,True,23,0,5,6,13,0,15,6,3,2,1,3,d2:1;d4:1;d5:1
7797,23,True,22,0,5,19,13,0,14,6,3,2,1,3,d2:1;d4:1;d5:1
7799,23,True,22,0,5,5,13,0,14,6,3,2,1,3,d2:1;d4:1;d5:1
7801,24,True,23,0,4,19,12,0,15,6,3,2,1,3,d2:1;d4:1;d5:1
7803,23,True,22,0,5,2,13,0,14,6,3,2,1,3,d2:1;d4:1;d5:1
7805,29,True,28,0,3,3,9,0,20,6,3,2,1,3,d2:1;d4:1;d5:1
7807,13,True,12,0,4,2,2,0,0,7,5,1,4,2,d1:1;d2:1;d4:1;d6:1;d7:1
7809,24,True,23,0,4,5,12,0,15,6,3,2,1,3,d2:1;d4:1;d5:1
7811,16,True,15,0,3,11,9,0,7,6,3,2,1,3,d2:1;d4:1;d5:1
7813,9,True,8,0,0,-1,0,0,-1,0,0,0,0,0,none
7815,22,True,21,0,2,1,6,0,3,6,4,2,2,3,d1:1;d3:1;d5:1;d6:1
7817,23,True,22,0,2,4,6,0,2,3,2,1,1,2,d1:1;d2:1
7819,8,True,7,0,1,1,1,0,0,2,2,1,1,2,d1:1;d2:1
7821,17,True,16,0,2,5,6,0,8,6,3,2,1,3,d2:1;d4:1;d5:1
7823,15,True,14,0,2,6,3,0,3,5,3,1,2,2,d1:1;d3:1;d5:1
7825,27,True,26,0,4,22,12,0,18,6,3,2,1,3,d2:1;d4:1;d5:1
7827,26,True,25,0,4,21,12,0,17,6,3,2,1,3,d2:1;d4:1;d5:1
7829,9,True,8,0,1,2,1,0,1,4,2,1,1,2,d2:1;d4:1
7831,16,True,15,0,2,4,6,0,7,6,3,2,1,3,d2:1;d4:1;d5:1
7833,12,True,11,0,1,4,1,0,3,4,2,1,1,2,d2:1;d3:1
7835,11,True,10,0,2,4,4,0,1,4,2,1,1,2,d1:1;d3:1
7837,15,True,14,0,1,6,2,0,4,3,2,1,1,2,d1:1;d3:1
7839,16,True,15,0,3,7,7,0,1,3,2,1,1,2,d2:1;d3:1
7841,11,True,10,0,1,8,1,0,7,3,2,1,1,2,d2:1;d3:1
7843,9,True,8,0,1,6,1,0,5,3,2,1,1,2,d2:1;d3:1
7845,28,True,27,0,5,7,9,0,2,6,3,1,2,2,d1:1;d3:1;d5:1
7847,24,True,23,0,1,3,3,0,0,3,2,1,1,2,d2:1;d3:1
7849,23,True,22,0,4,5,4,0,1,8,5,1,4,2,d1:1;d3:1;d4:1;d6:1;d8:1
7851,17,True,16,0,1,1,2,0,0,2,2,1,1,2,d1:1;d2:1
7853,18,True,17,0,0,-1,0,0,-1,0,0,0,0,0,none
7855,16,True,15,0,2,1,1,0,0,4,3,1,2,2,d1:1;d3:1;d4:1
7857,18,True,17,0,2,13,6,0,9,6,3,2,1,3,d2:1;d4:1;d5:1
7859,17,True,16,0,2,12,6,0,8,6,3,2,1,3,d2:1;d4:1;d5:1
7861,25,True,24,0,4,6,12,0,16,6,3,2,1,3,d2:1;d4:1;d5:1
7863,15,True,14,0,2,5,2,0,4,3,2,1,1,2,d1:1;d2:1
7865,12,True,11,0,1,5,1,0,4,2,2,1,1,2,d1:1;d2:1
7867,11,True,10,0,1,1,1,0,0,2,2,1,1,2,d1:1;d2:1
7869,17,True,16,0,2,2,6,0,8,6,3,2,1,3,d2:1;d4:1;d5:1
7871,16,True,15,0,3,3,3,0,0,6,4,1,3,2,d1:1;d3:1;d5:1;d6:1
7873,26,True,25,0,4,7,12,0,17,6,3,2,1,3,d2:1;d4:1;d5:1
7875,23,True,22,0,4,10,8,0,6,6,4,2,2,3,d1:1;d3:1;d5:1;d6:1
7877,6,True,5,0,0,-1,0,0,-1,0,0,0,0,0,none
7879,25,True,24,0,4,2,12,0,16,6,3,2,1,3,d2:1;d4:1;d5:1
7881,24,True,23,0,4,3,12,0,15,6,3,2,1,3,d2:1;d4:1;d5:1
7883,14,True,13,0,4,1,3,0,3,3,2,1,1,2,d1:1;d3:1
7885,6,True,5,0,0,-1,0,0,-1,0,0,0,0,0,none
7887,24,True,23,0,4,7,9,0,1,8,4,1,3,2,d2:1;d4:1;d6:1;d7:1
7889,18,True,17,0,2,13,6,0,9,6,3,2,1,3,d2:1;d4:1;d5:1
7891,16,True,15,0,2,11,6,0,7,6,3,2,1,3,d2:1;d4:1;d5:1
7893,11,True,10,0,1,5,1,0,4,2,2,1,1,2,d1:1;d2:1
7895,29,True,28,0,6,20,17,0,12,3,2,1,1,2,d1:1;d3:1
7897,9,True,8,0,0,-1,0,0,-1,0,0,0,0,0,none
7899,16,True,15,0,2,1,6,0,7,6,3,2,1,3,d2:1;d4:1;d5:1
7901,8,True,7,0,0,-1,0,0,-1,0,0,0,0,0,none
7903,14,True,13,0,1,1,4,0,0,5,3,2,1,3,d2:1;d4:1;d5:1
7905,28,True,27,0,4,8,9,0,11,3,2,1,1,2,d1:1;d3:1
7907,10,True,9,0,1,4,1,0,3,2,2,1,1,2,d1:1;d2:1
7909,25,True,24,0,3,5,9,0,16,6,3,2,1,3,d2:1;d4:1;d5:1
7911,14,True,13,0,2,2,2,0,1,3,2,1,1,2,d1:1;d3:1
7913,18,True,17,0,2,3,6,0,9,6,3,2,1,3,d2:1;d4:1;d5:1
7915,18,True,17,0,1,1,2,0,0,2,2,1,1,2,d1:1;d2:1
7917,25,True,24,0,3,5,9,0,16,6,3,2,1,3,d2:1;d4:1;d5:1
7919,12,True,11,0,2,4,4,0,0,4,3,1,2,2,d1:1;d3:1;d4:1
7921,12,True,11,0,1,6,1,0,5,2,2,1,1,2,d1:1;d2:1
7923,10,True,9,0,1,7,1,0,6,3,2,1,1,2,d2:1;d3:1
7925,18,True,17,0,2,7,6,0,2,3,2,1,1,2,d1:1;d2:1
7927,11,True,10,0,1,8,1,0,7,3,2,1,1,2,d2:1;d3:1
7929,25,True,24,0,3,7,9,0,16,6,3,2,1,3,d2:1;d4:1;d5:1
7931,12,True,11,0,1,3,3,0,0,2,2,1,1,2,d1:1;d2:1
7933,9,True,8,0,2,2,1,0,1,5,3,1,2,2,d1:1;d3:1;d5:1
7935,24,True,23,0,6,8,8,0,1,6,4,2,2,3,d1:1;d2:1;d4:1;d6:1
7937,12,True,11,0,1,6,1,0,5,2,2,1,1,2,d1:1;d2:1
7939,24,True,23,0,3,6,9,0,15,6,3,2,1,3,d2:1;d4:1;d5:1
7941,11,True,10,0,1,5,1,0,4,2,2,1,1,2,d1:1;d2:1
7943,23,True,22,0,3,1,9,0,14,6,3,2,1,3,d2:1;d4:1;d5:1
7945,22,True,21,0,4,2,2,0,11,8,5,1,4,2,d1:1;d3:1;d4:1;d6:1;d8:1
7947,10,True,9,0,1,1,1,0,0,2,2,1,1,2,d1:1;d2:1
7949,19,True,18,0,1,5,3,0,2,4,2,1,1,2,d1:1;d3:1
7951,9,True,8,0,1,3,1,0,2,2,2,1,1,2,d1:1;d2:1
7953,20,True,19,0,1,6,3,0,3,3,2,1,1,2,d1:1;d3:1
7955,27,True,26,0,3,22,9,0,18,6,3,2,1,3,d2:1;d4:1;d5:1
7957,5,True,4,0,0,-1,0,0,-1,0,0,0,0,0,none
7959,17,True,16,0,1,14,1,0,13,3,2,1,1,2,d2:1;d3:1
7961,23,True,22,0,3,3,9,0,14,6,3,2,1,3,d2:1;d4:1;d5:1
7963,42,True,41,0,4,19,19,0,1,8,4,1,3,2,d2:1;d4:1;d5:1;d7:1
7965,12,True,11,0,0,-1,0,0,-1,0,0,0,0,0,none
7967,19,True,18,0,2,3,3,0,0,5,3,1,2,2,d2:1;d4:1;d5:1
7969,12,True,11,0,0,-1,0,0,-1,0,0,0,0,0,none
7971,11,True,10,0,0,-1,0,0,-1,0,0,0,0,0,none
7973,10,True,9,0,0,-1,0,0,-1,0,0,0,0,0,none
7975,22,True,21,0,3,1,9,0,13,6,3,2,1,3,d2:1;d4:1;d5:1
7977,9,True,8,0,0,-1,0,0,-1,0,0,0,0,0,none
7979,12,True,11,0,1,1,1,0,0,2,2,1,1,2,d1:1;d2:1
7981,11,True,10,0,0,-1,0,0,-1,0,0,0,0,0,none
7983,11,True,10,0,2,2,2,0,0,4,3,1,2,2,d1:1;d3:1;d4:1
7985,10,True,9,0,0,-1,0,0,-1,0,0,0,0,0,none
7987,10,True,9,0,0,-1,0,0,-1,0,0,0,0,0,none
7989,11,True,10,0,0,-1,0,0,-1,0,0,0,0,0,none
7991,16,True,15,0,4,9,2,0,7,7,5,1,4,2,d1:1;d2:1;d4:1;d6:1;d7:1
7993,16,True,15,0,4,9,2,0,7,7,5,1,4,2,d1:1;d2:1;d4:1;d6:1;d7:1
7995,11,True,10,0,1,1,1,0,0,2,2,1,1,2,d1:1;d2:1
7997,10,True,9,0,0,-1,0,0,-1,0,0,0,0,0,none
7999,29,True,28,0,5,2,13,0,20,6,3,2,1,3,d2:1;d4:1;d5:1
8001,11,True,10,0,0,-1,0,0,-1,0,0,0,0,0,none
8003,8,True,7,0,1,4,1,0,3,2,2,1,1,2,d1:1;d2:1
8005,11,True,10,0,0,-1,0,0,-1,0,0,0,0,0,none
8007,9,True,8,0,1,2,2,0,0,3,2,1,1,2,d2:1;d3:1
8009,9,True,8,0,0,-1,0,0,-1,0,0,0,0,0,none
8011,11,True,10,0,1,1,1,0,0,2,2,1,1,2,d1:1;d2:1
8013,22,True,21,0,3,5,9,0,13,6,3,2,1,3,d2:1;d4:1;d5:1
8015,9,True,8,0,1,1,1,0,0,4,3,2,1,3,d1:1;d3:1;d4:1
8017,22,True,21,0,3,4,9,0,13,6,3,2,1,3,d2:1;d4:1;d5:1
8019,25,True,24,0,4,5,9,0,8,3,2,1,1,2,d1:1;d3:1
8021,18,True,17,0,4,13,12,0,9,6,3,2,1,3,d2:1;d4:1;d5:1
8023,32,True,31,0,4,10,12,0,23,6,3,2,1,3,d2:1;d4:1;d5:1
8025,8,True,7,0,0,-1,0,0,-1,0,0,0,0,0,none
8027,33,True,32,0,5,8,13,0,24,6,3,2,1,3,d2:1;d4:1;d5:1
8029,7,True,6,0,1,3,1,0,2,4,3,2,1,3,d1:1;d2:1;d4:1
8031,6,True,5,0,0,-1,0,0,-1,0,0,0,0,0,none
8033,22,True,21,0,1,4,3,0,3,2,2,1,1,2,d1:1;d2:1
8035,5,True,4,0,0,-1,0,0,-1,0,0,0,0,0,none
8037,5,True,4,0,0,-1,0,0,-1,0,0,0,0,0,none
8039,31,True,30,0,4,2,12,0,1,8,5,2,3,3,d1:1;d3:1;d5:1;d6:1;d8:1
8041,21,True,20,0,1,5,2,0,3,4,2,1,1,2,d2:1;d4:1
8043,11,True,10,0,1,1,1,0,0,2,2,1,1,2,d1:1;d2:1
8045,8,True,7,0,1,4,1,0,3,2,2,1,1,2,d1:1;d2:1
8047,6,True,5,0,2,2,2,0,0,4,3,1,2,2,d1:1;d3:1;d4:1
8049,12,True,11,0,1,5,2,0,3,6,3,2,1,3,d2:1;d4:1;d5:1
8051,13,True,12,0,2,8,4,0,4,4,3,1,2,2,d1:1;d3:1;d4:1
8053,12,True,11,0,1,5,2,0,3,6,3,2,1,3,d2:1;d4:1;d5:1
8055,12,True,11,0,2,7,4,0,3,4,3,1,2,2,d1:1;d3:1;d4:1
8057,24,True,23,0,3,5,5,0,7,4,2,1,1,2,d1:1;d3:1
8059,11,True,10,0,1,2,2,0,0,2,2,1,1,2,d1:1;d2:1
8061,17,True,16,0,4,8,2,0,6,8,5,1,4,2,d1:1;d3:1;d4:1;d6:1;d8:1
8063,16,True,15,0,4,2,2,0,5,8,5,1,4,2,d1:1;d3:1;d4:1;d6:1;d8:1
8065,14,True,13,0,1,7,2,0,5,3,2,1,1,2,d1:1;d3:1
8067,12,True,11,0,1,5,2,0,3,5,3,2,1,3,d2:1;d4:1;d5:1
8069,14,True,13,0,1,4,2,0,2,4,2,1,1,2,d1:1;d3:1
8071,12,True,11,0,1,1,2,0,0,3,2,1,1,2,d2:1;d3:1
8073,17,True,16,0,2,5,4,0,4,4,2,1,1,2,d1:1;d3:1
8075,14,True,13,0,1,1,2,0,0,2,2,1,1,2,d1:1;d2:1
8077,19,True,18,0,3,14,9,0,10,6,3,2,1,3,d2:1;d4:1;d5:1
8079,27,True,26,0,3,5,9,0,18,6,3,2,1,3,d2:1;d4:1;d5:1
8081,25,True,24,0,3,8,9,0,4,8,5,2,3,3,d1:1;d2:1;d4:1;d6:1;d7:1
8083,23,True,22,0,3,6,9,0,2,8,5,2,3,3,d1:1;d2:1;d4:1;d6:1;d7:1
8085,13,True,12,0,1,10,1,0,9,3,2,1,1,2,d2:1;d3:1
8087,4,True,3,0,0,-1,0,0,-1,0,0,0,0,0,none
8089,5,True,4,0,0,-1,0,0,-1,0,0,0,0,0,none
8091,29,True,28,0,5,1,13,0,20,6,3,2,1,3,d2:1;d4:1;d5:1
8093,30,True,29,0,5,26,13,0,21,6,3,2,1,3,d2:1;d4:1;d5:1
8095,20,True,19,0,5,3,7,0,7,4,3,1,2,2,d1:1;d2:1;d4:1
8097,16,True,15,0,1,13,1,0,12,3,2,1,1,2,d2:1;d3:1
8099,13,True,12,0,1,10,1,0,9,3,2,1,1,2,d2:1;d3:1
8101,28,True,27,0,5,4,13,0,19,6,3,2,1,3,d2:1;d4:1;d5:1
8103,31,True,30,0,5,3,13,0,22,6,3,2,1,3,d2:1;d4:1;d5:1
8105,13,True,12,0,3,4,3,0,1,6,4,1,3,2,d1:1;d2:1;d4:1;d6:1
8107,15,True,14,0,1,1,1,0,0,2,2,1,1,2,d1:1;d2:1
8109,28,True,27,0,5,4,13,0,19,6,3,2,1,3,d2:1;d4:1;d5:1
8111,12,True,11,0,2,1,1,0,0,4,3,1,2,2,d1:1;d3:1;d4:1
8113,20,True,19,0,3,15,9,0,11,6,3,2,1,3,d2:1;d4:1;d5:1
8115,19,True,18,0,3,14,9,0,10,6,3,2,1,3,d2:1;d4:1;d5:1
8117,9,True,8,0,0,-1,0,0,-1,0,0,0,0,0,none
8119,13,True,12,0,1,3,1,0,2,3,2,1,1,2,d2:1;d3:1
8121,10,True,9,0,0,-1,0,0,-1,0,0,0,0,0,none
8123,9,True,8,0,1,1,1,0,0,2,2,1,1,2,d1:1;d2:1
8125,12,True,11,0,1,2,1,0,1,3,2,1,1,2,d1:1;d3:1
8127,29,True,28,0,5,9,13,0,20,6,3,2,1,3,d2:1;d4:1;d5:1
8129,10,True,9,0,0,-1,0,0,-1,0,0,0,0,0,none
8131,20,True,19,0,4,10,9,0,3,3,2,1,1,2,d1:1;d3:1
8133,18,True,17,0,3,13,9,0,9,6,3,2,1,3,d2:1;d4:1;d5:1
8135,14,True,13,0,1,2,2,0,0,3,2,1,1,2,d2:1;d3:1
8137,26,True,25,0,5,5,13,0,17,6,3,2,1,3,d2:1;d4:1;d5:1
8139,20,True,19,0,3,1,9,0,11,6,3,2,1,3,d2:1;d4:1;d5:1
8141,28,True,27,0,4,6,12,0,19,6,3,2,1,3,d2:1;d4:1;d5:1
8143,25,True,24,0,5,1,13,0,16,6,3,2,1,3,d2:1;d4:1;d5:1
8145,28,True,27,0,4,6,12,0,19,6,3,2,1,3,d2:1;d4:1;d5:1
8147,14,True,13,0,1,11,1,0,10,3,2,1,1,2,d2:1;d3:1
8149,10,True,9,0,3,2,1,0,1,6,4,1,3,2,d1:1;d2:1;d4:1;d6:1
8151,27,True,26,0,4,2,12,0,18,6,3,2,1,3,d2:1;d4:1;d5:1
8153,18,True,17,0,3,13,9,0,9,6,3,2,1,3,d2:1;d4:1;d5:1
8155,24,True,23,0,2,1,4,0,2,5,3,1,2,2,d2:1;d4:1;d5:1
8157,16,True,15,0,1,13,1,0,12,3,2,1,1,2,d2:1;d3:1
8159,13,True,12,0,1,1,1,0,0,5,3,2,1,3,d2:1;d4:1;d5:1
8161,30,True,29,0,8,14,12,0,8,5,2,1,1,2,d2:1;d4:1
8163,10,True,9,0,2,2,1,0,1,5,3,1,2,2,d1:1;d2:1;d4:1
8165,14,True,13,0,1,11,1,0,10,3,2,1,1,2,d2:1;d3:1
8167,27,True,26,0,5,1,13,0,18,6,3,2,1,3,d2:1;d4:1;d5:1
8169,13,True,12,0,1,2,1,0,1,4,2,1,1,2,d2:1;d4:1
8171,20,True,19,0,3,1,5,0,3,4,2,1,1,2,d1:1;d3:1
8173,26,True,25,0,4,21,12,0,17,6,3,2,1,3,d2:1;d4:1;d5:1
8175,21,True,20,0,2,4,6,0,0,4,3,1,2,2,d1:1;d3:1;d4:1
8177,10,True,9,0,0,-1,0,0,-1,0,0,0,0,0,none
8179,16,True,15,0,1,4,1,0,3,2,2,1,1,2,d1:1;d2:1
8181,12,True,11,0,4,3,2,0,1,8,5,1,4,2,d1:1;d3:1;d4:1;d6:1;d8:1
8183,20,True,19,0,4,7,3,0,9,3,2,1,1,2,d1:1;d3:1
8185,21,True,20,0,4,5,3,0,10,3,2,1,1,2,d1:1;d3:1
8187,21,True,20,0,4,4,4,0,10,3,2,1,1,2,d1:1;d3:1
8189,29,True,28,0,6,12,11,0,3,6,3,1,2,2,d1:1;d3:1;d5:1
8191,24,True,23,0,8,7,7,0,2,4,2,1,1,2,d1:1;d3:1
8193,14,True,13,0,0,-1,0,0,-1,0,0,0,0,0,none
8195,21,True,20,0,3,16,9,0,12,6,3,2,1,3,d2:1;d4:1;d5:1
8197,27,True,26,0,5,9,13,0,18,6,3,2,1,3,d2:1;d4:1;d5:1
8199,20,True,19,0,3,15,9,0,11,6,3,2,1,3,d2:1;d4:1;d5:1
8201,20,True,19,0,3,2,9,0,11,6,3,2,1,3,d2:1;d4:1;d5:1
8203,26,True,25,0,5,8,13,0,17,6,3,2,1,3,d2:1;d4:1;d5:1
8205,9,True,8,0,0,-1,0,0,-1,0,0,0,0,0,none
8207,24,True,23,0,5,6,13,0,15,6,3,2,1,3,d2:1;d4:1;d5:1
8209,9,True,8,0,0,-1,0,0,-1,0,0,0,0,0,none
8211,26,True,25,0,5,22,13,0,17,6,3,2,1,3,d2:1;d4:1;d5:1
8213,8,True,7,0,0,-1,0,0,-1,0,0,0,0,0,none
8215,7,True,6,0,0,-1,0,0,-1,0,0,0,0,0,none
8217,26,True,25,0,5,22,13,0,17,6,3,2,1,3,d2:1;d4:1;d5:1
8219,32,True,31,0,3,5,9,0,23,6,3,2,1,3,d2:1;d4:1;d5:1
8221,8,True,7,0,0,-1,0,0,-1,0,0,0,0,0,none
8223,31,True,30,0,3,5,9,0,22,6,3,2,1,3,d2:1;d4:1;d5:1
8225,20,True,19,0,3,15,9,0,11,6,3,2,1,3,d2:1;d4:1;d5:1
8227,7,True,6,0,0,-1,0,0,-1,0,0,0,0,0,none
8229,20,True,19,0,2,2,6,0,11,6,3,2,1,3,d2:1;d4:1;d5:1
8231,10,True,9,0,0,-1,0,0,-1,0,0,0,0,0,none
8233,24,True,23,0,2,4,6,0,1,5,3,1,2,2,d1:1;d3:1;d5:1
8235,19,True,18,0,2,7,6,0,10,6,3,2,1,3,d2:1;d4:1;d5:1
8237,8,True,7,0,0,-1,0,0,-1,0,0,0,0,0,none
8239,25,True,24,0,5,1,13,0,16,6,3,2,1,3,d2:1;d4:1;d5:1
8241,12,True,11,0,1,5,1,0,4,4,2,1,1,2,d2:1;d4:1
8243,12,True,11,0,1,5,1,0,4,4,2,1,1,2,d2:1;d4:1
8245,22,True,21,0,5,18,13,0,13,6,3,2,1,3,d2:1;d4:1;d5:1
8247,20,True,19,0,2,3,2,0,1,4,3,1,2,2,d1:1;d2:1;d4:1
8249,13,True,12,0,1,10,1,0,9,3,2,1,1,2,d2:1;d3:1
8251,12,True,11,0,1,9,1,0,8,3,2,1,1,2,d2:1;d3:1
8253,7,True,6,0,0,-1,0,0,-1,0,0,0,0,0,none
8255,28,True,27,0,4,5,2,0,17,8,5,1,4,2,d1:1;d3:1;d4:1;d6:1;d8:1
8257,31,True,30,0,6,10,9,0,5,6,3,1,2,2,d1:1;d3:1;d5:1
8259,30,True,29,0,5,9,9,0,4,6,3,1,2,2,d1:1;d3:1;d5:1
8261,22,True,21,0,5,18,13,0,13,6,3,2,1,3,d2:1;d4:1;d5:1
8263,26,True,25,0,4,21,12,0,17,6,3,2,1,3,d2:1;d4:1;d5:1
8265,26,True,25,0,1,5,3,0,2,4,2,1,1,2,d2:1;d3:1
8267,21,True,20,0,5,17,13,0,12,6,3,2,1,3,d2:1;d4:1;d5:1
8269,28,True,27,0,4,5,12,0,19,6,3,2,1,3,d2:1;d4:1;d5:1
8271,19,True,18,0,1,3,1,0,2,2,2,1,1,2,d1:1;d2:1
8273,27,True,26,0,4,4,12,0,18,6,3,2,1,3,d2:1;d4:1;d5:1
8275,19,True,18,0,1,4,3,0,1,4,2,1,1,2,d1:1;d3:1
8277,21,True,20,0,4,16,12,0,12,6,3,2,1,3,d2:1;d4:1;d5:1
8279,25,True,24,0,4,6,12,0,16,6,3,2,1,3,d2:1;d4:1;d5:1
8281,26,True,25,0,4,7,12,0,17,6,3,2,1,3,d2:1;d4:1;d5:1
8283,17,True,16,0,2,3,1,0,2,4,3,1,2,2,d1:1;d3:1;d4:1
8285,21,True,20,0,5,17,13,0,12,6,3,2,1,3,d2:1;d4:1;d5:1
8287,12,True,11,0,1,2,1,0,1,2,2,1,1,2,d1:1;d2:1
8289,18,True,17,0,2,13,6,0,9,6,3,2,1,3,d2:1;d4:1;d5:1
8291,7,True,6,0,0,-1,0,0,-1,0,0,0,0,0,none
8293,8,True,7,0,0,-1,0,0,-1,0,0,0,0,0,none
8295,16,True,15,0,2,2,1,0,1,4,3,1,2,2,d1:1;d2:1;d4:1
8297,8,True,7,0,0,-1,0,0,-1,0,0,0,0,0,none
8299,28,True,27,0,4,5,12,0,19,6,3,2,1,3,d2:1;d4:1;d5:1
8301,16,True,15,0,4,3,3,0,5,3,2,1,1,2,d1:1;d3:1
8303,21,True,20,0,4,4,4,0,12,7,5,1,4,2,d1:1;d2:1;d4:1;d6:1;d7:1
8305,21,True,20,0,4,16,12,0,12,6,3,2,1,3,d2:1;d4:1;d5:1
8307,15,True,14,0,1,9,1,0,8,2,2,1,1,2,d1:1;d2:1
8309,14,True,13,0,1,8,1,0,7,2,2,1,1,2,d1:1;d2:1
8311,13,True,12,0,1,7,1,0,6,2,2,1,1,2,d1:1;d2:1
8313,28,True,27,0,3,4,9,0,9,4,3,1,2,2,d1:1;d3:1;d4:1
8315,33,True,32,0,6,4,17,0,16,3,2,1,1,2,d1:1;d3:1
8317,11,True,10,0,1,3,2,0,1,4,2,1,1,2,d2:1;d4:1
8319,14,True,13,0,3,1,2,0,0,7,4,1,3,2,d1:1;d2:1;d4:1;d6:1
8321,11,True,10,0,0,-1,0,0,-1,0,0,0,0,0,none
8323,13,True,12,0,1,7,1,0,6,2,2,1,1,2,d1:1;d2:1
8325,14,True,13,0,1,8,1,0,7,2,2,1,1,2,d1:1;d2:1
8327,13,True,12,0,1,7,1,0,6,2,2,1,1,2,d1:1;d2:1
8329,28,True,27,0,4,5,9,0,6,8,5,1,4,2,d1:1;d2:1;d4:1;d6:1;d8:1
8331,28,True,27,0,3,8,9,0,19,6,3,2,1,3,d2:1;d4:1;d5:1
8333,21,True,20,0,4,16,12,0,12,6,3,2,1,3,d2:1;d4:1;d5:1
8335,19,True,18,0,2,4,6,0,10,6,3,2,1,3,d2:1;d4:1;d5:1
8337,27,True,26,0,3,4,9,0,18,6,3,2,1,3,d2:1;d4:1;d5:1
8339,26,True,25,0,3,6,9,0,17,6,3,2,1,3,d2:1;d4:1;d5:1
8341,20,True,19,0,5,2,13,0,11,6,3,2,1,3,d2:1;d4:1;d5:1
8343,19,True,18,0,4,14,12,0,10,6,3,2,1,3,d2:1;d4:1;d5:1
8345,22,True,21,0,2,11,6,0,6,3,2,1,1,2,d1:1;d2:1
8347,12,True,11,0,1,2,1,0,1,4,2,1,1,2,d1:1;d3:1
8349,20,True,19,0,2,9,6,0,4,2,2,1,1,2,d1:1;d2:1
8351,39,True,38,0,4,5,12,0,30,6,3,2,1,3,d2:1;d4:1;d5:1
8353,15,True,14,0,1,6,3,0,3,3,2,1,1,2,d1:1;d2:1
8355,19,True,18,0,5,15,13,0,10,6,3,2,1,3,d2:1;d4:1;d5:1
8357,13,True,12,0,2,4,3,0,1,5,3,1,2,2,d1:1;d3:1;d5:1
8359,26,True,25,0,5,9,7,0,3,5,3,2,1,3,d1:1;d2:1;d4:1
8361,18,True,17,0,3,3,2,0,1,7,4,1,3,2,d2:1;d3:1;d5:1;d7:1
8363,15,True,14,0,1,9,1,0,8,2,2,1,1,2,d1:1;d2:1
8365,9,True,8,0,0,-1,0,0,-1,0,0,0,0,0,none
8367,25,True,24,0,3,1,9,0,16,6,3,2,1,3,d2:1;d4:1;d5:1
8369,9,True,8,0,0,-1,0,0,-1,0,0,0,0,0,none
8371,8,True,7,0,0,-1,0,0,-1,0,0,0,0,0,none
8373,22,True,21,0,4,17,12,0,13,6,3,2,1,3,d2:1;d4:1;d5:1
8375,11,True,10,0,1,5,1,0,4,2,2,1,1,2,d1:1;d2:1
8377,30,True,29,0,3,7,9,0,21,6,3,2,1,3,d2:1;d4:1;d5:1
8379,29,True,28,0,3,24,9,0,20,6,3,2,1,3,d2:1;d4:1;d5:1
8381,21,True,20,0,1,2,1,0,1,3,2,1,1,2,d1:1;d3:1
8383,26,True,25,0,3,1,9,0,17,6,3,2,1,3,d2:1;d4:1;d5:1
8385,15,True,14,0,1,6,2,0,4,4,2,1,1,2,d2:1;d3:1
8387,13,True,12,0,1,4,2,0,2,3,2,1,1,2,d2:1;d3:1
8389,13,True,12,0,0,-1,0,0,-1,0,0,0,0,0,none
8391,13,True,12,0,0,-1,0,0,-1,0,0,0,0,0,none
8393,20,True,19,0,4,15,12,0,11,6,3,2,1,3,d2:1;d4:1;d5:1
8395,13,True,12,0,0,-1,0,0,-1,0,0,0,0,0,none
8397,14,True,13,0,0,-1,0,0,-1,0,0,0,0,0,none
8399,12,True,11,0,1,2,1,0,1,3,2,1,1,2,d1:1;d2:1
8401,13,True,12,0,0,-1,0,0,-1,0,0,0,0,0,none
8403,12,True,11,0,0,-1,0,0,-1,0,0,0,0,0,none
8405,7,True,6,0,1,4,1,0,3,3,2,1,1,2,d2:1;d3:1
8407,11,True,10,0,0,-1,0,0,-1,0,0,0,0,0,none
8409,13,True,12,0,0,-1,0,0,-1,0,0,0,0,0,none
8411,12,True,11,0,0,-1,0,0,-1,0,0,0,0,0,none
8413,18,True,17,0,4,4,2,0,9,7,5,1,4,2,d1:1;d2:1;d4:1;d6:1;d7:1
8415,20,True,19,0,2,6,3,0,3,6,4,2,2,3,d1:1;d3:1;d5:1;d6:1
8417,27,True,26,0,3,5,9,0,2,7,4,1,3,2,d1:1;d3:1;d4:1;d6:1
8419,6,True,5,0,1,3,1,0,2,3,2,1,1,2,d2:1;d3:1
8421,22,True,21,0,4,17,12,0,13,6,3,2,1,3,d2:1;d4:1;d5:1
8423,12,True,11,0,1,2,1,0,1,3,2,1,1,2,d1:1;d3:1
8425,32,True,31,0,5,2,13,0,23,6,3,2,1,3,d2:1;d4:1;d5:1
8427,28,True,27,0,3,4,9,0,19,6,3,2,1,3,d2:1;d4:1;d5:1
8429,24,True,23,0,3,7,9,0,5,4,3,1,2,2,d1:1;d3:1;d4:1
8431,15,True,14,0,4,1,2,0,6,7,5,1,4,2,d1:1;d2:1;d4:1;d6:1;d7:1
8433,15,True,14,0,2,10,6,0,6,6,3,2,1,3,d2:1;d4:1;d5:1
8435,11,True,10,0,1,4,2,0,2,3,2,1,1,2,d1:1;d3:1
8437,13,True,12,0,2,8,6,0,4,6,3,2,1,3,d2:1;d4:1;d5:1
8439,24,True,23,0,3,7,9,0,15,6,3,2,1,3,d2:1;d4:1;d5:1
8441,12,True,11,0,1,7,4,0,3,3,2,1,1,2,d2:1;d3:1
8443,19,True,18,0,3,6,4,0,3,3,2,1,1,2,d2:1;d3:1
8445,26,True,25,0,4,6,9,0,9,3,2,1,1,2,d1:1;d3:1
8447,21,True,20,0,3,3,9,0,12,6,3,2,1,3,d2:1;d4:1;d5:1
8449,12,True,11,0,1,6,1,0,5,2,2,1,1,2,d1:1;d2:1
8451,10,True,9,0,1,6,1,0,5,4,3,2,1,3,d1:1;d2:1;d4:1
8453,14,True,13,0,2,9,6,0,5,6,3,2,1,3,d2:1;d4:1;d5:1
8455,35,True,34,0,5,10,13,0,26,6,3,2,1,3,d2:1;d4:1;d5:1
8457,10,True,9,0,1,2,1,0,1,3,2,1,1,2,d1:1;d3:1
8459,15,True,14,0,2,10,6,0,6,6,3,2,1,3,d2:1;d4:1;d5:1
8461,14,True,13,0,1,7,2,0,5,6,3,2,1,3,d2:1;d4:1;d5:1
8463,6,True,5,0,0,-1,0,0,-1,0,0,0,0,0,none
8465,15,True,14,0,1,8,2,0,6,6,3,2,1,3,d2:1;d4:1;d5:1
8467,33,True,32,0,4,4,12,0,3,8,5,2,3,3,d1:1;d3:1;d5:1;d6:1;d8:1
8469,7,True,6,0,1,4,1,0,3,3,2,1,1,2,d2:1;d3:1
8471,9,True,8,0,1,3,1,0,2,2,2,1,1,2,d1:1;d2:1
8473,10,True,9,0,1,6,1,0,5,2,2,1,1,2,d1:1;d2:1
8475,20,True,19,0,2,2,2,0,7,5,3,1,2,2,d1:1;d3:1;d4:1
8477,16,True,15,0,2,11,4,0,7,4,3,1,2,2,d1:1;d3:1;d4:1
8479,13,True,12,0,1,1,2,0,0,5,2,1,1,2,d2:1;d4:1
8481,19,True,18,0,4,7,4,0,8,8,5,1,4,2,d1:1;d3:1;d4:1;d6:1;d8:1
8483,18,True,17,0,4,6,4,0,7,8,5,1,4,2,d1:1;d3:1;d4:1;d6:1;d8:1
8485,18,True,17,0,4,4,2,0,7,8,5,1,4,2,d1:1;d3:1;d4:1;d6:1;d8:1
8487,26,True,25,0,3,7,5,0,9,4,2,1,1,2,d1:1;d3:1
8489,13,True,12,0,1,4,3,0,1,5,3,2,1,3,d1:1;d3:1;d5:1
8491,19,True,18,0,4,5,2,0,8,8,5,1,4,2,d1:1;d3:1;d4:1;d6:1;d8:1
8493,7,True,6,0,1,4,1,0,3,3,2,1,1,2,d2:1;d3:1
8495,15,True,14,0,1,1,2,0,0,4,2,1,1,2,d1:1;d3:1
8497,23,True,22,0,3,18,9,0,14,6,3,2,1,3,d2:1;d4:1;d5:1
8499,23,True,22,0,3,18,9,0,14,6,3,2,1,3,d2:1;d4:1;d5:1
8501,21,True,20,0,3,16,9,0,12,6,3,2,1,3,d2:1;d4:1;d5:1
8503,16,True,15,0,1,2,2,0,1,3,2,1,1,2,d1:1;d3:1
8505,17,True,16,0,1,4,2,0,3,3,2,1,1,2,d1:1;d2:1
8507,16,True,15,0,1,13,1,0,12,3,2,1,1,2,d2:1;d3:1
8509,16,True,15,0,1,13,1,0,12,3,2,1,1,2,d2:1;d3:1
8511,30,True,29,0,8,4,7,0,8,4,2,1,1,2,d1:1;d3:1
8513,22,True,21,0,3,17,9,0,13,6,3,2,1,3,d2:1;d4:1;d5:1
8515,7,True,6,0,1,3,1,0,2,3,2,1,1,2,d1:1;d2:1
8517,20,True,19,0,3,15,9,0,11,6,3,2,1,3,d2:1;d4:1;d5:1
8519,26,True,25,0,3,4,9,0,17,6,3,2,1,3,d2:1;d4:1;d5:1
8521,17,True,16,0,1,14,1,0,13,3,2,1,1,2,d2:1;d3:1
8523,20,True,19,0,3,15,9,0,11,6,3,2,1,3,d2:1;d4:1;d5:1
8525,16,True,15,0,1,3,1,0,2,4,2,1,1,2,d1:1;d3:1
8527,22,True,21,0,5,5,7,0,9,4,3,1,2,2,d1:1;d2:1;d4:1
8529,15,True,14,0,1,12,1,0,11,3,2,1,1,2,d2:1;d3:1
8531,30,True,29,0,5,3,13,0,21,6,3,2,1,3,d2:1;d4:1;d5:1
8533,7,True,6,0,0,-1,0,0,-1,0,0,0,0,0,none
8535,20,True,19,0,3,15,9,0,11,6,3,2,1,3,d2:1;d4:1;d5:1
8537,30,True,29,0,5,4,13,0,21,6,3,2,1,3,d2:1;d4:1;d5:1
8539,19,True,18,0,3,14,9,0,10,6,3,2,1,3,d2:1;d4:1;d5:1
8541,13,True,12,0,4,6,2,0,4,7,5,1,4,2,d1:1;d2:1;d4:1;d6:1;d7:1
8543,27,True,26,0,5,3,13,0,18,6,3,2,1,3,d2:1;d4:1;d5:1
8545,23,True,22,0,3,18,9,0,14,6,3,2,1,3,d2:1;d4:1;d5:1
8547,12,True,11,0,4,5,2,0,3,7,5,1,4,2,d1:1;d2:1;d4:1;d6:1;d7:1
8549,12,True,11,0,4,5,2,0,3,7,5,1,4,2,d1:1;d2:1;d4:1;d6:1;d7:1
8551,13,True,12,0,1,10,1,0,9,3,2,1,1,2,d2:1;d3:1
8553,10,True,9,0,0,-1,0,0,-1,0,0,0,0,0,none
8555,12,True,11,0,0,-1,0,0,-1,0,0,0,0,0,none
8557,14,True,13,0,1,4,1,0,3,5,3,2,1,3,d2:1;d4:1;d5:1
8559,13,True,12,0,1,1,1,0,0,4,2,1,1,2,d1:1;d3:1
8561,6,True,5,0,0,-1,0,0,-1,0,0,0,0,0,none
8563,21,True,20,0,3,16,9,0,12,6,3,2,1,3,d2:1;d4:1;d5:1
8565,5,True,4,0,0,-1,0,0,-1,0,0,0,0,0,none
8567,19,True,18,0,3,14,9,0,10,6,3,2,1,3,d2:1;d4:1;d5:1
8569,15,True,14,0,1,3,1,0,2,6,4,3,1,4,d1:1;d3:1;d4:1;d6:1
8571,29,True,28,0,5,8,13,0,20,6,3,2,1,3,d2:1;d4:1;d5:1
8573,29,True,28,0,4,7,12,0,20,6,3,2,1,3,d2:1;d4:1;d5:1
8575,19,True,18,0,3,14,9,0,10,6,3,2,1,3,d2:1;d4:1;d5:1
8577,14,True,13,0,3,6,1,0,5,6,4,1,3,2,d1:1;d2:1;d4:1;d6:1
8579,18,True,17,0,1,6,3,0,3,3,2,1,1,2,d1:1;d2:1
8581,18,True,17,0,1,6,3,0,3,2,2,1,1,2,d1:1;d2:1
8583,17,True,16,0,1,5,3,0,2,3,2,1,1,2,d1:1;d2:1
8585,31,True,30,0,4,2,12,0,22,6,3,2,1,3,d2:1;d4:1;d5:1
8587,20,True,19,0,3,3,9,0,11,6,3,2,1,3,d2:1;d4:1;d5:1
8589,4,True,3,0,0,-1,0,0,-1,0,0,0,0,0,none
8591,17,True,16,0,1,14,1,0,13,3,2,1,1,2,d2:1;d3:1
8593,6,True,5,0,0,-1,0,0,-1,0,0,0,0,0,none
8595,4,True,3,0,0,-1,0,0,-1,0,0,0,0,0,none
8597,4,True,3,0,0,-1,0,0,-1,0,0,0,0,0,none
8599,11,True,10,0,0,-1,0,0,-1,0,0,0,0,0,none
8601,13,True,12,0,0,-1,0,0,-1,0,0,0,0,0,none
8603,29,True,28,0,5,25,13,0,20,6,3,2,1,3,d2:1;d4:1;d5:1
8605,22,True,21,0,4,12,10,0,5,4,2,1,1,2,d1:1;d3:1
8607,30,True,29,0,4,5,12,0,21,6,3,2,1,3,d2:1;d4:1;d5:1
8609,29,True,28,0,4,24,12,0,20,6,3,2,1,3,d2:1;d4:1;d5:1
8611,14,True,13,0,4,5,2,0,3,8,5,1,4,2,d1:1;d3:1;d4:1;d6:1;d8:1
8613,14,True,13,0,4,5,2,0,3,8,5,1,4,2,d1:1;d3:1;d4:1;d6:1;d8:1
8615,18,True,17,0,1,6,1,0,5,2,2,1,1,2,d1:1;d2:1
8617,28,True,27,0,4,5,12,0,19,6,3,2,1,3,d2:1;d4:1;d5:1
8619,23,True,22,0,4,10,3,0,12,3,2,1,1,2,d1:1;d3:1
8621,32,True,31,0,7,18,14,0,6,6,3,1,2,2,d1:1;d3:1;d5:1
8623,13,True,12,0,2,1,1,0,3,9,5,3,2,4,d2:1;d4:1;d5:1;d7:1;d9:1
8625,12,True,11,0,1,5,2,0,3,3,2,1,1,2,d2:1;d3:1
8627,11,True,10,0,1,4,2,0,2,3,2,1,1,2,d2:1;d3:1
8629,10,True,9,0,0,-1,0,0,-1,0,0,0,0,0,none
8631,24,True,23,0,3,19,9,0,15,6,3,2,1,3,d2:1;d4:1;d5:1
8633,12,True,11,0,0,-1,0,0,-1,0,0,0,0,0,none
8635,29,True,28,0,5,11,13,0,20,6,3,2,1,3,d2:1;d4:1;d5:1
8637,22,True,21,0,3,4,9,0,13,6,3,2,1,3,d2:1;d4:1;d5:1
8639,19,True,18,0,4,5,5,0,4,3,2,1,1,2,d1:1;d2:1
8641,28,True,27,0,5,5,13,0,19,6,3,2,1,3,d2:1;d4:1;d5:1
8643,25,True,24,0,5,7,13,0,16,6,3,2,1,3,d2:1;d4:1;d5:1
8645,7,True,6,0,0,-1,0,0,-1,0,0,0,0,0,none
8647,12,True,11,0,0,-1,0,0,-1,0,0,0,0,0,none
8649,11,True,10,0,0,-1,0,0,-1,0,0,0,0,0,none
8651,11,True,10,0,0,-1,0,0,-1,0,0,0,0,0,none
8653,27,True,26,0,5,23,13,0,18,6,3,2,1,3,d2:1;d4:1;d5:1
8655,27,True,26,0,5,23,13,0,18,6,3,2,1,3,d2:1;d4:1;d5:1
8657,26,True,25,0,5,22,13,0,17,6,3,2,1,3,d2:1;d4:1;d5:1
8659,10,True,9,0,1,2,1,0,1,3,2,1,1,2,d1:1;d2:1
8661,10,True,9,0,1,7,1,0,6,3,2,1,1,2,d2:1;d3:1
8663,21,True,20,0,3,3,9,0,12,6,3,2,1,3,d2:1;d4:1;d5:1
8665,24,True,23,0,5,20,13,0,15,6,3,2,1,3,d2:1;d4:1;d5:1
8667,22,True,21,0,2,4,6,0,13,6,3,2,1,3,d2:1;d4:1;d5:1
8669,24,True,23,0,5,20,13,0,15,6,3,2,1,3,d2:1;d4:1;d5:1
8671,11,True,10,0,1,2,2,0,0,5,3,2,1,3,d1:1;d2:1;d4:1
8673,24,True,23,0,5,20,13,0,15,6,3,2,1,3,d2:1;d4:1;d5:1
8675,10,True,9,0,1,7,1,0,6,3,2,1,1,2,d2:1;d3:1
8677,14,True,13,0,1,3,1,0,2,3,2,1,1,2,d2:1;d3:1
8679,27,True,26,0,5,3,13,0,18,6,3,2,1,3,d2:1;d4:1;d5:1
8681,13,True,12,0,2,2,1,0,1,4,3,1,2,2,d1:1;d2:1;d4:1
8683,21,True,20,0,4,8,6,0,3,4,3,1,2,2,d1:1;d2:1;d4:1
8685,11,True,10,0,0,-1,0,0,-1,0,0,0,0,0,none
8687,18,True,17,0,2,4,4,0,1,3,2,1,1,2,d1:1;d3:1
8689,10,True,9,0,1,7,1,0,6,3,2,1,1,2,d2:1;d3:1
8691,9,True,8,0,0,-1,0,0,-1,0,0,0,0,0,none
8693,24,True,23,0,5,3,13,0,15,6,3,2,1,3,d2:1;d4:1;d5:1
8695,30,True,29,0,4,7,5,0,19,8,5,1,4,2,d1:1;d3:1;d4:1;d6:1;d8:1
8697,34,True,33,0,6,3,9,0,8,6,3,1,2,2,d1:1;d3:1;d5:1
8699,33,True,32,0,5,12,9,0,7,6,3,1,2,2,d1:1;d3:1;d5:1
8701,13,True,12,0,3,4,3,0,1,6,4,1,3,2,d1:1;d3:1;d4:1;d6:1
8703,17,True,16,0,4,5,5,0,0,9,5,1,4,2,d1:1;d3:1;d5:1;d6:1;d8:1
8705,31,True,30,0,4,6,12,0,22,6,3,2,1,3,d2:1;d4:1;d5:1
8707,25,True,24,0,4,20,12,0,16,6,3,2,1,3,d2:1;d4:1;d5:1
8709,24,True,23,0,4,19,12,0,15,6,3,2,1,3,d2:1;d4:1;d5:1
8711,22,True,21,0,1,6,1,0,5,2,2,1,1,2,d1:1;d2:1
8713,24,True,23,0,4,2,12,0,15,6,3,2,1,3,d2:1;d4:1;d5:1
8715,24,True,23,0,4,19,12,0,15,6,3,2,1,3,d2:1;d4:1;d5:1
8717,11,True,10,0,1,8,1,0,7,3,2,1,1,2,d2:1;d3:1
8719,27,True,26,0,4,2,12,0,18,6,3,2,1,3,d2:1;d4:1;d5:1
8721,11,True,10,0,1,8,1,0,7,3,2,1,1,2,d2:1;d3:1
8723,25,True,24,0,5,21,13,0,16,6,3,2,1,3,d2:1;d4:1;d5:1
8725,11,True,10,0,1,8,1,0,7,3,2,1,1,2,d2:1;d3:1
8727,23,True,22,0,4,18,12,0,14,6,3,2,1,3,d2:1;d4:1;d5:1
8729,23,True,22,0,4,18,12,0,14,6,3,2,1,3,d2:1;d4:1;d5:1
8731,19,True,18,0,2,14,6,0,10,6,3,2,1,3,d2:1;d4:1;d5:1
8733,24,True,23,0,4,19,12,0,15,6,3,2,1,3,d2:1;d4:1;d5:1
8735,23,True,22,0,5,2,13,0,14,6,3,2,1,3,d2:1;d4:1;d5:1
8737,25,True,24,0,4,20,12,0,16,6,3,2,1,3,d2:1;d4:1;d5:1
8739,11,True,10,0,1,8,1,0,7,3,2,1,1,2,d2:1;d3:1
8741,17,True,16,0,4,4,3,0,6,3,2,1,1,2,d1:1;d3:1
8743,17,True,16,0,4,4,3,0,6,3,2,1,1,2,d1:1;d3:1
8745,9,True,8,0,2,3,2,0,1,5,3,1,2,2,d2:1;d3:1;d5:1
8747,11,True,10,0,1,8,1,0,7,3,2,1,1,2,d2:1;d3:1
8749,16,True,15,0,1,4,1,0,3,2,2,1,1,2,d1:1;d2:1
8751,9,True,8,0,2,4,4,0,3,3,2,1,1,2,d1:1;d3:1
8753,15,True,14,0,1,9,1,0,8,2,2,1,1,2,d1:1;d2:1
8755,15,True,14,0,1,9,1,0,8,2,2,1,1,2,d1:1;d2:1
8757,8,True,7,0,0,-1,0,0,-1,0,0,0,0,0,none
8759,34,True,33,0,6,3,17,0,17,3,2,1,1,2,d1:1;d3:1
8761,13,True,12,0,0,-1,0,0,-1,0,0,0,0,0,none
8763,10,True,9,0,1,7,1,0,6,3,2,1,1,2,d2:1;d3:1
8765,16,True,15,0,1,10,1,0,9,2,2,1,1,2,d1:1;d2:1
8767,14,True,13,0,1,8,1,0,7,2,2,1,1,2,d1:1;d2:1
8769,24,True,23,0,5,6,13,0,15,6,3,2,1,3,d2:1;d4:1;d5:1
8771,22,True,21,0,5,4,13,0,13,6,3,2,1,3,d2:1;d4:1;d5:1
8773,23,True,22,0,5,5,13,0,14,6,3,2,1,3,d2:1;d4:1;d5:1
8775,23,True,22,0,4,18,12,0,14,6,3,2,1,3,d2:1;d4:1;d5:1
8777,23,True,22,0,4,18,12,0,14,6,3,2,1,3,d2:1;d4:1;d5:1
8779,22,True,21,0,5,4,13,0,13,6,3,2,1,3,d2:1;d4:1;d5:1
8781,23,True,22,0,5,19,13,0,14,6,3,2,1,3,d2:1;d4:1;d5:1
8783,28,True,27,0,3,8,9,0,19,6,3,2,1,3,d2:1;d4:1;d5:1
8785,23,True,22,0,4,4,12,0,14,6,3,2,1,3,d2:1;d4:1;d5:1
8787,22,True,21,0,4,17,12,0,13,6,3,2,1,3,d2:1;d4:1;d5:1
8789,15,True,14,0,3,10,9,0,6,6,3,2,1,3,d2:1;d4:1;d5:1
8791,21,True,20,0,2,3,6,0,5,2,2,1,1,2,d1:1;d2:1
8793,21,True,20,0,2,3,6,0,2,6,4,2,2,3,d1:1;d3:1;d5:1;d6:1
8795,22,True,21,0,2,3,6,0,6,2,2,1,1,2,d1:1;d2:1
8797,7,True,6,0,0,-1,0,0,-1,0,0,0,0,0,none
8799,16,True,15,0,1,7,3,0,4,3,2,1,1,2,d1:1;d2:1
8801,16,True,15,0,2,7,3,0,4,5,3,1,2,2,d1:1;d3:1;d5:1
8803,24,True,23,0,4,19,12,0,15,6,3,2,1,3,d2:1;d4:1;d5:1
8805,25,True,24,0,4,20,12,0,16,6,3,2,1,3,d2:1;d4:1;d5:1
8807,13,True,12,0,1,7,1,0,6,2,2,1,1,2,d1:1;d2:1
8809,17,True,16,0,1,3,2,0,1,4,3,2,1,3,d1:1;d2:1;d4:1
8811,12,True,11,0,1,3,1,0,2,2,2,1,1,2,d1:1;d2:1
8813,11,True,10,0,1,3,1,0,2,4,2,1,1,2,d2:1;d3:1
8815,10,True,9,0,1,3,3,0,0,4,2,1,1,2,d1:1;d3:1
8817,16,True,15,0,2,4,6,0,7,6,3,2,1,3,d2:1;d4:1;d5:1
8819,14,True,13,0,1,5,2,0,3,3,2,1,1,2,d1:1;d3:1
8821,9,True,8,0,1,6,1,0,5,3,2,1,1,2,d2:1;d3:1
8823,9,True,8,0,1,6,1,0,5,3,2,1,1,2,d2:1;d3:1
8825,23,True,22,0,4,18,12,0,14,6,3,2,1,3,d2:1;d4:1;d5:1
8827,23,True,22,0,1,4,1,0,3,4,2,1,1,2,d1:1;d3:1
8829,28,True,27,0,4,6,9,0,2,6,3,1,2,2,d1:1;d3:1;d5:1
8831,22,True,21,0,3,3,3,0,0,7,4,1,3,2,d1:1;d3:1;d4:1;d6:1
8833,16,True,15,0,1,7,2,0,5,3,2,1,1,2,d2:1;d3:1
8835,16,True,15,0,2,4,6,0,7,6,3,2,1,3,d2:1;d4:1;d5:1
8837,16,True,15,0,0,-1,0,0,-1,0,0,0,0,0,none
8839,16,True,15,0,0,-1,0,0,-1,0,0,0,0,0,none
8841,22,True,21,0,4,3,12,0,13,6,3,2,1,3,d2:1;d4:1;d5:1
8843,16,True,15,0,0,-1,0,0,-1,0,0,0,0,0,none
8845,16,True,15,0,2,11,6,0,7,6,3,2,1,3,d2:1;d4:1;d5:1
8847,13,True,12,0,2,3,2,0,2,3,2,1,1,2,d1:1;d2:1
8849,11,True,10,0,1,4,1,0,3,2,2,1,1,2,d1:1;d2:1
8851,10,True,9,0,1,7,1,0,6,3,2,1,1,2,d2:1;d3:1
8853,23,True,22,0,4,4,12,0,14,6,3,2,1,3,d2:1;d4:1;d5:1
8855,15,True,14,0,2,10,6,0,6,6,3,2,1,3,d2:1;d4:1;d5:1
8857,21,True,20,0,4,7,2,0,12,7,5,1,4,2,d1:1;d2:1;d4:1;d6:1;d7:1
8859,13,True,12,0,1,2,1,0,1,4,2,1,1,2,d2:1;d3:1
8861,23,True,22,0,4,10,8,0,6,6,4,2,2,3,d1:1;d3:1;d5:1;d6:1
8863,14,True,13,0,2,2,2,0,0,5,3,1,2,2,d1:1;d2:1;d4:1
8865,30,True,29,0,3,8,9,0,5,7,4,1,3,2,d1:1;d3:1;d4:1;d6:1
8867,23,True,22,0,4,2,12,0,14,6,3,2,1,3,d2:1;d4:1;d5:1
8869,13,True,12,0,4,4,3,0,2,3,2,1,1,2,d1:1;d3:1
8871,15,True,14,0,1,3,2,0,1,2,2,1,1,2,d1:1;d2:1
8873,24,True,23,0,4,7,9,0,1,9,5,1,4,2,d2:1;d4:1;d6:1;d7:1;d9:1
8875,18,True,17,0,2,13,6,0,9,6,3,2,1,3,d2:1;d4:1;d5:1
8877,17,True,16,0,2,12,6,0,8,6,3,2,1,3,d2:1;d4:1;d5:1
8879,26,True,25,0,3,1,9,0,7,4,3,1,2,2,d1:1;d3:1;d4:1
8881,30,True,29,0,6,21,17,0,13,3,2,1,1,2,d1:1;d3:1
8883,29,True,28,0,6,20,17,0,12,3,2,1,1,2,d1:1;d3:1
8885,8,True,7,0,0,-1,0,0,-1,0,0,0,0,0,none
8887,15,True,14,0,2,2,6,0,6,6,3,2,1,3,d2:1;d4:1;d5:1
8889,30,True,29,0,5,21,17,0,13,3,2,1,1,2,d1:1;d3:1
8891,14,True,13,0,1,9,4,0,5,3,2,1,1,2,d2:1;d3:1
8893,28,True,27,0,4,2,9,0,11,3,2,1,1,2,d1:1;d3:1
8895,11,True,10,0,3,5,5,0,2,4,2,1,1,2,d1:1;d3:1
8897,8,True,7,0,0,-1,0,0,-1,0,0,0,0,0,none
8899,13,True,12,0,1,2,1,0,1,3,2,1,1,2,d1:1;d2:1
8901,24,True,23,0,3,4,9,0,15,6,3,2,1,3,d2:1;d4:1;d5:1
8903,17,True,16,0,2,12,6,0,8,6,3,2,1,3,d2:1;d4:1;d5:1
8905,17,True,16,0,1,10,2,0,8,6,3,2,1,3,d2:1;d4:1;d5:1
8907,16,True,15,0,1,9,2,0,7,6,3,2,1,3,d2:1;d4:1;d5:1
8909,24,True,23,0,3,4,9,0,15,6,3,2,1,3,d2:1;d4:1;d5:1
8911,15,True,14,0,2,10,6,0,6,6,3,2,1,3,d2:1;d4:1;d5:1
8913,11,True,10,0,1,8,1,0,7,3,2,1,1,2,d2:1;d3:1
8915,9,True,8,0,1,6,1,0,5,3,2,1,1,2,d2:1;d3:1
8917,10,True,9,0,1,4,1,0,3,2,2,1,1,2,d1:1;d2:1
8919,9,True,8,0,1,6,1,0,5,3,2,1,1,2,d2:1;d3:1
8921,24,True,23,0,3,6,9,0,15,6,3,2,1,3,d2:1;d4:1;d5:1
8923,11,True,10,0,1,5,1,0,4,2,2,1,1,2,d1:1;d2:1
8925,18,True,17,0,2,7,5,0,9,4,3,1,2,2,d1:1;d3:1;d4:1
8927,8,True,7,0,1,1,1,0,0,5,3,2,1,3,d1:1;d2:1;d4:1
8929,16,True,15,0,2,3,2,0,2,5,3,1,2,2,d1:1;d3:1;d4:1
8931,9,True,8,0,1,3,1,0,2,2,2,1,1,2,d1:1;d2:1
8933,23,True,22,0,3,5,9,0,14,6,3,2,1,3,d2:1;d4:1;d5:1
8935,18,True,17,0,4,5,4,0,3,6,3,1,2,2,d2:1;d4:1;d5:1
8937,17,True,16,0,2,4,4,0,1,4,3,1,2,2,d1:1;d2:1;d4:1
8939,21,True,20,0,4,7,2,0,10,8,5,1,4,2,d1:1;d3:1;d4:1;d6:1;d8:1
8941,9,True,8,0,1,4,1,0,3,3,2,1,1,2,d1:1;d3:1
8943,26,True,25,0,4,4,10,0,9,4,2,1,1,2,d1:1;d3:1
8945,10,True,9,0,1,4,1,0,3,2,2,1,1,2,d1:1;d2:1
8947,17,True,16,0,3,7,5,0,2,6,4,1,3,2,d1:1;d3:1;d5:1;d6:1
8949,18,True,17,0,1,4,3,0,1,3,2,1,1,2,d1:1;d3:1
8951,26,True,25,0,3,21,9,0,17,6,3,2,1,3,d2:1;d4:1;d5:1
8953,24,True,23,0,3,19,9,0,15,6,3,2,1,3,d2:1;d4:1;d5:1
8955,19,True,18,0,1,3,2,0,2,3,2,1,1,2,d1:1;d3:1
8957,22,True,21,0,3,2,9,0,13,6,3,2,1,3,d2:1;d4:1;d5:1
8959,41,True,40,0,4,16,16,0,32,6,3,2,1,3,d2:1;d4:1;d5:1
8961,12,True,11,0,0,-1,0,0,-1,0,0,0,0,0,none
8963,10,True,9,0,0,-1,0,0,-1,0,0,0,0,0,none
8965,11,True,10,0,0,-1,0,0,-1,0,0,0,0,0,none
8967,24,True,23,0,3,19,9,0,15,6,3,2,1,3,d2:1;d4:1;d5:1
8969,10,True,9,0,1,3,2,0,1,3,2,1,1,2,d1:1;d3:1
8971,22,True,21,0,3,17,9,0,13,6,3,2,1,3,d2:1;d4:1;d5:1
8973,10,True,9,0,0,-1,0,0,-1,0,0,0,0,0,none
8975,8,True,7,0,0,-1,0,0,-1,0,0,0,0,0,none
8977,11,True,10,0,0,-1,0,0,-1,0,0,0,0,0,none
8979,18,True,17,0,1,5,1,0,4,4,2,1,1,2,d1:1;d3:1
8981,9,True,8,0,0,-1,0,0,-1,0,0,0,0,0,none
8983,31,True,30,0,5,5,13,0,22,6,3,2,1,3,d2:1;d4:1;d5:1
8985,32,True,31,0,5,6,13,0,23,6,3,2,1,3,d2:1;d4:1;d5:1
8987,18,True,17,0,2,4,3,0,1,7,4,2,2,3,d1:1;d3:1;d5:1;d6:1
8989,17,True,16,0,4,10,2,0,8,7,5,1,4,2,d1:1;d2:1;d4:1;d6:1;d7:1
8991,22,True,21,0,3,1,9,0,13,6,3,2,1,3,d2:1;d4:1;d5:1
8993,15,True,14,0,4,8,2,0,6,7,5,1,4,2,d1:1;d2:1;d4:1;d6:1;d7:1
8995,10,True,9,0,0,-1,0,0,-1,0,0,0,0,0,none
8997,9,True,8,0,0,-1,0,0,-1,0,0,0,0,0,none
8999,29,True,28,0,5,5,13,0,20,6,3,2,1,3,d2:1;d4:1;d5:1
9001,24,True,23,0,3,19,9,0,15,6,3,2,1,3,d2:1;d4:1;d5:1
9003,16,True,15,0,4,9,2,0,7,7,5,1,4,2,d1:1;d2:1;d4:1;d6:1;d7:1
9005,8,True,7,0,1,4,1,0,3,2,2,1,1,2,d1:1;d2:1
9007,15,True,14,0,4,2,2,0,6,7,5,1,4,2,d1:1;d2:1;d4:1;d6:1;d7:1
9009,8,True,7,0,0,-1,0,0,-1,0,0,0,0,0,none
9011,8,True,7,0,0,-1,0,0,-1,0,0,0,0,0,none
9013,10,True,9,0,0,-1,0,0,-1,0,0,0,0,0,none
9015,15,True,14,0,1,5,1,0,4,5,3,2,1,3,d2:1;d4:1;d5:1
9017,9,True,8,0,0,-1,0,0,-1,0,0,0,0,0,none
9019,7,True,6,0,0,-1,0,0,-1,0,0,0,0,0,none
9021,21,True,20,0,3,3,9,0,12,6,3,2,1,3,d2:1;d4:1;d5:1
9023,24,True,23,0,4,2,9,0,7,3,2,1,1,2,d1:1;d3:1
9025,10,True,9,0,0,-1,0,0,-1,0,0,0,0,0,none
9027,31,True,30,0,4,9,12,0,22,6,3,2,1,3,d2:1;d4:1;d5:1
9029,7,True,6,0,0,-1,0,0,-1,0,0,0,0,0,none
9031,32,True,31,0,5,6,13,0,23,6,3,2,1,3,d2:1;d4:1;d5:1
9033,9,True,8,0,0,-1,0,0,-1,0,0,0,0,0,none
9035,7,True,6,0,0,-1,0,0,-1,0,0,0,0,0,none
9037,7,True,6,0,0,-1,0,0,-1,0,0,0,0,0,none
9039,20,True,19,0,1,8,3,0,5,2,2,1,1,2,d1:1;d2:1
9041,33,True,32,0,4,6,12,0,24,6,3,2,1,3,d2:1;d4:1;d5:1
9043,32,True,31,0,4,3,12,0,23,6,3,2,1,3,d2:1;d4:1;d5:1
9045,4,True,3,0,0,-1,0,0,-1,0,0,0,0,0,none
9047,20,True,19,0,1,4,2,0,2,4,2,1,1,2,d2:1;d4:1
9049,10,True,9,0,0,-1,0,0,-1,0,0,0,0,0,none
9051,18,True,17,0,2,2,2,0,5,5,3,1,2,2,d1:1;d3:1;d4:1
9053,7,True,6,0,1,3,1,0,2,2,2,1,1,2,d1:1;d2:1
9055,5,True,4,0,0,-1,0,0,-1,0,0,0,0,0,none
9057,14,True,13,0,1,3,1,0,2,3,2,1,1,2,d1:1;d2:1
9059,11,True,10,0,2,6,4,0,2,4,3,1,2,2,d1:1;d3:1;d4:1
9061,11,True,10,0,2,6,4,0,2,4,3,1,2,2,d1:1;d3:1;d4:1
9063,17,True,16,0,3,3,2,0,1,6,4,1,3,2,d1:1;d3:1;d5:1;d6:1
9065,23,True,22,0,3,4,5,0,6,4,2,1,1,2,d1:1;d3:1
9067,10,True,9,0,0,-1,0,0,-1,0,0,0,0,0,none
9069,17,True,16,0,4,8,2,0,6,8,5,1,4,2,d1:1;d3:1;d4:1;d6:1;d8:1
9071,16,True,15,0,4,1,2,0,5,8,5,1,4,2,d1:1;d3:1;d4:1;d6:1;d8:1
9073,11,True,10,0,1,4,2,0,2,6,3,2,1,3,d2:1;d4:1;d5:1
9075,12,True,11,0,1,5,2,0,3,3,2,1,1,2,d1:1;d3:1
9077,11,True,10,0,1,4,2,0,2,5,3,2,1,3,d2:1;d4:1;d5:1
9079,34,True,33,0,7,20,14,0,8,6,3,1,2,2,d1:1;d3:1;d5:1
9081,17,True,16,0,3,8,6,0,6,4,2,1,1,2,d1:1;d3:1
9083,16,True,15,0,2,4,1,0,6,9,5,3,2,4,d2:1;d4:1;d5:1;d7:1;d9:1
9085,13,True,12,0,1,2,2,0,1,4,3,2,1,3,d1:1;d2:1;d4:1
9087,31,True,30,0,6,1,11,0,5,6,3,1,2,2,d1:1;d3:1;d5:1
9089,28,True,27,0,3,6,9,0,19,6,3,2,1,3,d2:1;d4:1;d5:1
9091,23,True,22,0,4,6,9,0,4,3,2,1,1,2,d1:1;d3:1
9093,23,True,22,0,3,6,9,0,2,8,5,2,3,3,d1:1;d2:1;d4:1;d6:1;d7:1
9095,23,True,22,0,3,6,9,0,4,3,2,1,1,2,d1:1;d3:1
9097,23,True,22,0,5,10,9,0,5,5,3,1,2,2,d1:1;d2:1;d4:1
9099,21,True,20,0,6,9,7,0,6,3,2,1,1,2,d1:1;d2:1
9101,4,True,3,0,0,-1,0,0,-1,0,0,0,0,0,none
9103,28,True,27,0,5,10,13,0,19,6,3,2,1,3,d2:1;d4:1;d5:1
9105,31,True,30,0,5,27,13,0,22,6,3,2,1,3,d2:1;d4:1;d5:1
9107,29,True,28,0,5,25,13,0,20,6,3,2,1,3,d2:1;d4:1;d5:1
9109,12,True,11,0,1,9,1,0,8,3,2,1,1,2,d2:1;d3:1
9111,13,True,12,0,1,10,1,0,9,3,2,1,1,2,d2:1;d3:1
9113,14,True,13,0,1,11,1,0,10,3,2,1,1,2,d2:1;d3:1
9115,28,True,27,0,5,24,13,0,19,6,3,2,1,3,d2:1;d4:1;d5:1
9117,28,True,27,0,5,3,13,0,19,6,3,2,1,3,d2:1;d4:1;d5:1
9119,12,True,11,0,2,1,1,0,0,5,3,1,2,2,d1:1;d2:1;d4:1
9121,14,True,13,0,1,11,1,0,10,3,2,1,1,2,d2:1;d3:1
9123,11,True,10,0,1,8,1,0,7,3,2,1,1,2,d2:1;d3:1
9125,26,True,25,0,5,2,13,0,17,6,3,2,1,3,d2:1;d4:1;d5:1
9127,27,True,26,0,5,2,13,0,18,6,3,2,1,3,d2:1;d4:1;d5:1
9129,11,True,10,0,3,4,3,0,1,6,4,1,3,2,d1:1;d3:1;d4:1;d6:1
9131,27,True,26,0,5,23,13,0,18,6,3,2,1,3,d2:1;d4:1;d5:1
9133,14,True,13,0,1,4,1,0,3,3,2,1,1,2,d2:1;d3:1
9135,10,True,9,0,1,1,1,0,0,4,2,1,1,2,d1:1;d3:1
9137,9,True,8,0,0,-1,0,0,-1,0,0,0,0,0,none
9139,8,True,7,0,0,-1,0,0,-1,0,0,0,0,0,none
9141,8,True,7,0,0,-1,0,0,-1,0,0,0,0,0,none
9143,11,True,10,0,1,8,1,0,7,3,2,1,1,2,d2:1;d3:1
9145,13,True,12,0,1,5,2,0,3,3,2,1,1,2,d1:1;d3:1
9147,13,True,12,0,0,-1,0,0,-1,0,0,0,0,0,none
9149,20,True,19,0,4,10,9,0,3,3,2,1,1,2,d1:1;d3:1
9151,13,True,12,0,2,2,2,0,0,6,3,1,2,2,d2:1;d3:1;d5:1
9153,28,True,27,0,5,4,13,0,19,6,3,2,1,3,d2:1;d4:1;d5:1
9155,25,True,24,0,5,4,13,0,16,6,3,2,1,3,d2:1;d4:1;d5:1
9157,19,True,18,0,3,14,9,0,10,6,3,2,1,3,d2:1;d4:1;d5:1
9159,33,True,32,0,4,10,5,0,22,8,5,1,4,2,d1:1;d3:1;d4:1;d6:1;d8:1
9161,25,True,24,0,5,21,13,0,16,6,3,2,1,3,d2:1;d4:1;d5:1
9163,8,True,7,0,0,-1,0,0,-1,0,0,0,0,0,none
9165,27,True,26,0,4,5,12,0,18,6,3,2,1,3,d2:1;d4:1;d5:1
9167,13,True,12,0,1,10,1,0,9,3,2,1,1,2,d2:1;d3:1
9169,27,True,26,0,4,22,12,0,18,6,3,2,1,3,d2:1;d4:1;d5:1
9171,27,True,26,0,4,2,12,0,18,6,3,2,1,3,d2:1;d4:1;d5:1
9173,17,True,16,0,3,12,9,0,8,6,3,2,1,3,d2:1;d4:1;d5:1
9175,23,True,22,0,2,5,4,0,1,5,3,1,2,2,d2:1;d4:1;d5:1
9177,18,True,17,0,3,13,9,0,9,6,3,2,1,3,d2:1;d4:1;d5:1
9179,13,True,12,0,1,10,1,0,9,3,2,1,1,2,d2:1;d3:1
9181,15,True,14,0,1,12,1,0,11,3,2,1,1,2,d2:1;d3:1
9183,28,True,27,0,7,11,11,0,6,5,2,1,1,2,d2:1;d4:1
9185,30,True,29,0,4,4,12,0,21,6,3,2,1,3,d2:1;d4:1;d5:1
9187,17,True,16,0,3,12,9,0,8,6,3,2,1,3,d2:1;d4:1;d5:1
9189,13,True,12,0,1,10,1,0,9,3,2,1,1,2,d2:1;d3:1
9191,12,True,11,0,1,9,1,0,8,3,2,1,1,2,d2:1;d3:1
9193,19,True,18,0,3,6,5,0,2,4,2,1,1,2,d1:1;d3:1
9195,25,True,24,0,4,3,12,0,16,6,3,2,1,3,d2:1;d4:1;d5:1
9197,25,True,24,0,4,20,12,0,16,6,3,2,1,3,d2:1;d4:1;d5:1
9199,13,True,12,0,1,2,2,0,0,4,2,1,1,2,d1:1;d3:1
9201,11,True,10,0,1,3,1,0,2,3,2,1,1,2,d1:1;d2:1
9203,15,True,14,0,1,3,1,0,2,2,2,1,1,2,d1:1;d2:1
9205,9,True,8,0,0,-1,0,0,-1,0,0,0,0,0,none
9207,19,True,18,0,4,6,3,0,8,3,2,1,1,2,d1:1;d3:1
9209,20,True,19,0,4,4,3,0,9,3,2,1,1,2,d1:1;d3:1
9211,20,True,19,0,4,7,3,0,9,3,2,1,1,2,d1:1;d3:1
9213,11,True,10,0,1,2,1,0,1,7,4,3,1,4,d2:1;d4:1;d5:1;d7:1
9215,27,True,26,0,4,10,10,0,1,6,3,1,2,2,d1:1;d3:1;d5:1
9217,12,True,11,0,0,-1,0,0,-1,0,0,0,0,0,none
9219,11,True,10,0,0,-1,0,0,-1,0,0,0,0,0,none
9221,20,True,19,0,3,15,9,0,11,6,3,2,1,3,d2:1;d4:1;d5:1
9223,11,True,10,0,0,-1,0,0,-1,0,0,0,0,0,none
9225,37,True,36,0,6,2,17,0,20,3,2,1,1,2,d1:1;d3:1
9227,19,True,18,0,3,14,9,0,10,6,3,2,1,3,d2:1;d4:1;d5:1
9229,25,True,24,0,5,7,13,0,16,6,3,2,1,3,d2:1;d4:1;d5:1
9231,17,True,16,0,1,11,1,0,10,2,2,1,1,2,d1:1;d2:1
9233,25,True,24,0,5,7,13,0,16,6,3,2,1,3,d2:1;d4:1;d5:1
9235,18,True,17,0,3,13,9,0,9,6,3,2,1,3,d2:1;d4:1;d5:1
9237,7,True,6,0,0,-1,0,0,-1,0,0,0,0,0,none
9239,24,True,23,0,5,20,13,0,15,6,3,2,1,3,d2:1;d4:1;d5:1
9241,25,True,24,0,5,3,13,0,16,6,3,2,1,3,d2:1;d4:1;d5:1
9243,15,True,14,0,2,2,1,0,1,5,3,1,2,2,d1:1;d3:1;d4:1
9245,25,True,24,0,5,21,13,0,16,6,3,2,1,3,d2:1;d4:1;d5:1
9247,31,True,30,0,3,4,9,0,22,6,3,2,1,3,d2:1;d4:1;d5:1
9249,31,True,30,0,3,5,9,0,22,6,3,2,1,3,d2:1;d4:1;d5:1
9251,6,True,5,0,0,-1,0,0,-1,0,0,0,0,0,none
9253,18,True,17,0,3,3,9,0,9,6,3,2,1,3,d2:1;d4:1;d5:1
9255,24,True,23,0,4,5,12,0,15,6,3,2,1,3,d2:1;d4:1;d5:1
9257,43,True,42,0,4,14,13,0,5,2,2,1,1,2,d1:1;d2:1
9259,11,True,10,0,0,-1,0,0,-1,0,0,0,0,0,none
9261,20,True,19,0,2,8,6,0,11,6,3,2,1,3,d2:1;d4:1;d5:1
9263,23,True,22,0,2,2,6,0,4,6,4,2,2,3,d1:1;d3:1;d5:1;d6:1
9265,18,True,17,0,2,6,6,0,9,6,3,2,1,3,d2:1;d4:1;d5:1
9267,18,True,17,0,2,6,6,0,9,6,3,2,1,3,d2:1;d4:1;d5:1
9269,6,True,5,0,0,-1,0,0,-1,0,0,0,0,0,none
9271,16,True,15,0,2,7,3,0,4,5,3,1,2,2,d1:1;d3:1;d5:1
9273,29,True,28,0,4,24,12,0,20,6,3,2,1,3,d2:1;d4:1;d5:1
9275,27,True,26,0,4,22,12,0,18,6,3,2,1,3,d2:1;d4:1;d5:1
9277,10,True,9,0,1,3,1,0,2,4,2,1,1,2,d2:1;d4:1
9279,18,True,17,0,1,4,1,0,3,3,2,1,1,2,d1:1;d3:1
9281,12,True,11,0,1,9,1,0,8,3,2,1,1,2,d2:1;d3:1
9283,11,True,10,0,1,8,1,0,7,3,2,1,1,2,d2:1;d3:1
9285,7,True,6,0,0,-1,0,0,-1,0,0,0,0,0,none
9287,29,True,28,0,4,6,2,0,18,8,5,1,4,2,d1:1;d3:1;d4:1;d6:1;d8:1
9289,16,True,15,0,1,7,2,0,5,3,2,1,1,2,d1:1;d3:1
9291,6,True,5,0,0,-1,0,0,-1,0,0,0,0,0,none
9293,30,True,29,0,5,9,9,0,4,6,3,1,2,2,d1:1;d3:1;d5:1
9295,10,True,9,0,1,7,1,0,6,3,2,1,1,2,d2:1;d3:1
9297,30,True,29,0,4,8,9,0,4,6,3,1,2,2,d1:1;d3:1;d5:1
9299,25,True,24,0,1,4,3,0,1,4,2,1,1,2,d2:1;d3:1
9301,20,True,19,0,5,16,13,0,11,6,3,2,1,3,d2:1;d4:1;d5:1
9303,5,True,4,0,0,-1,0,0,-1,0,0,0,0,0,none
9305,19,True,18,0,1,3,1,0,2,2,2,1,1,2,d1:1;d2:1
9307,17,True,16,0,1,3,2,0,1,3,2,1,1,2,d1:1;d2:1
9309,26,True,25,0,4,3,12,0,17,6,3,2,1,3,d2:1;d4:1;d5:1
9311,17,True,16,0,0,-1,0,0,-1,0,0,0,0,0,none
9313,19,True,18,0,2,14,6,0,10,6,3,2,1,3,d2:1;d4:1;d5:1
9315,24,True,23,0,4,5,12,0,15,6,3,2,1,3,d2:1;d4:1;d5:1
9317,25,True,24,0,4,6,12,0,16,6,3,2,1,3,d2:1;d4:1;d5:1
9319,16,True,15,0,2,2,1,0,1,4,3,1,2,2,d1:1;d3:1;d4:1
9321,13,True,12,0,1,2,1,0,1,4,3,2,1,3,d1:1;d2:1;d4:1
9323,13,True,12,0,1,3,1,0,2,2,2,1,1,2,d1:1;d2:1
9325,17,True,16,0,2,12,6,0,8,6,3,2,1,3,d2:1;d4:1;d5:1
9327,17,True,16,0,2,2,3,0,3,4,3,1,2,2,d1:1;d3:1;d4:1
9329,20,True,19,0,5,16,13,0,11,6,3,2,1,3,d2:1;d4:1;d5:1
9331,26,True,25,0,4,13,8,0,9,6,4,2,2,3,d1:1;d3:1;d5:1;d6:1
9333,7,True,6,0,0,-1,0,0,-1,0,0,0,0,0,none
9335,7,True,6,0,0,-1,0,0,-1,0,0,0,0,0,none
9337,27,True,26,0,4,4,12,0,18,6,3,2,1,3,d2:1;d4:1;d5:1
9339,27,True,26,0,4,6,12,0,18,6,3,2,1,3,d2:1;d4:1;d5:1
9341,15,True,14,0,4,2,3,0,4,3,2,1,1,2,d1:1;d3:1
9343,10,True,9,0,3,3,3,0,0,7,4,1,3,2,d1:1;d3:1;d4:1;d6:1
9345,27,True,26,0,5,10,9,0,4,9,5,1,4,2,d2:1;d4:1;d6:1;d7:1;d9:1
9347,13,True,12,0,1,7,1,0,6,2,2,1,1,2,d1:1;d2:1
9349,13,True,12,0,1,7,1,0,6,2,2,1,1,2,d1:1;d2:1
9351,17,True,16,0,2,12,6,0,8,6,3,2,1,3,d2:1;d4:1;d5:1
9353,27,True,26,0,3,3,9,0,8,4,3,1,2,2,d1:1;d3:1;d4:1
9355,32,True,31,0,6,3,17,0,15,3,2,1,1,2,d1:1;d3:1
9357,13,True,12,0,1,7,1,0,6,2,2,1,1,2,d1:1;d2:1
9359,9,True,8,0,0,-1,0,0,-1,0,0,0,0,0,none
9361,10,True,9,0,0,-1,0,0,-1,0,0,0,0,0,none
9363,9,True,8,0,0,-1,0,0,-1,0,0,0,0,0,none
9365,12,True,11,0,1,6,1,0,5,2,2,1,1,2,d1:1;d2:1
9367,11,True,10,0,1,5,1,0,4,2,2,1,1,2,d1:1;d2:1
9369,13,True,12,0,1,7,1,0,6,2,2,1,1,2,d1:1;d2:1
9371,27,True,26,0,4,3,9,0,5,8,5,1,4,2,d1:1;d2:1;d4:1;d6:1;d8:1
9373,27,True,26,0,3,7,9,0,18,6,3,2,1,3,d2:1;d4:1;d5:1
9375,6,True,5,0,2,1,1,0,0,5,3,1,2,2,d1:1;d2:1;d4:1
9377,20,True,19,0,2,5,6,0,11,6,3,2,1,3,d2:1;d4:1;d5:1
9379,25,True,24,0,3,2,9,0,16,6,3,2,1,3,d2:1;d4:1;d5:1
9381,25,True,24,0,3,2,9,0,16,6,3,2,1,3,d2:1;d4:1;d5:1
9383,17,True,16,0,1,2,2,0,1,2,2,1,1,2,d1:1;d2:1
9385,13,True,12,0,2,5,4,0,1,7,4,2,2,3,d2:1;d4:1;d5:1;d7:1
9387,14,True,13,0,1,8,1,0,7,2,2,1,1,2,d1:1;d2:1
9389,21,True,20,0,2,10,6,0,5,3,2,1,1,2,d1:1;d2:1
9391,11,True,10,0,1,1,1,0,0,4,2,1,1,2,d1:1;d3:1
9393,20,True,19,0,2,9,6,0,4,2,2,1,1,2,d1:1;d2:1
9395,19,True,18,0,2,8,6,0,3,2,2,1,1,2,d1:1;d2:1
9397,20,True,19,0,5,16,13,0,11,6,3,2,1,3,d2:1;d4:1;d5:1
9399,13,True,12,0,1,4,3,0,1,2,2,1,1,2,d1:1;d2:1
9401,11,True,10,0,2,4,1,0,3,5,3,1,2,2,d1:1;d3:1;d5:1
9403,10,True,9,0,2,3,1,0,2,6,4,2,2,3,d1:1;d2:1;d4:1;d6:1
9405,13,True,12,0,1,3,2,0,1,3,2,1,1,2,d1:1;d3:1
9407,17,True,16,0,2,2,2,0,0,6,3,1,2,2,d2:1;d3:1;d5:1
9409,14,True,13,0,1,8,1,0,7,2,2,1,1,2,d1:1;d2:1
9411,11,True,10,0,1,5,1,0,4,2,2,1,1,2,d1:1;d2:1
9413,7,True,6,0,0,-1,0,0,-1,0,0,0,0,0,none
9415,12,True,11,0,1,6,1,0,5,2,2,1,1,2,d1:1;d2:1
9417,20,True,19,0,1,6,3,0,3,4,2,1,1,2,d1:1;d3:1
9419,20,True,19,0,1,6,3,0,3,4,2,1,1,2,d1:1;d3:1
9421,8,True,7,0,0,-1,0,0,-1,0,0,0,0,0,none
9423,10,True,9,0,1,4,1,0,3,2,2,1,1,2,d1:1;d2:1
9425,29,True,28,0,3,6,9,0,20,6,3,2,1,3,d2:1;d4:1;d5:1
9427,28,True,27,0,3,23,9,0,19,6,3,2,1,3,d2:1;d4:1;d5:1
9429,20,True,19,0,4,15,12,0,11,6,3,2,1,3,d2:1;d4:1;d5:1
9431,19,True,18,0,1,2,1,0,1,2,2,1,1,2,d1:1;d2:1
9433,6,True,5,0,0,-1,0,0,-1,0,0,0,0,0,none
9435,24,True,23,0,3,4,9,0,15,6,3,2,1,3,d2:1;d4:1;d5:1
9437,13,True,12,0,1,4,2,0,2,3,2,1,1,2,d2:1;d3:1
9439,21,True,20,0,1,1,1,0,0,5,3,2,1,3,d1:1;d2:1;d4:1
9441,21,True,20,0,2,5,3,0,2,6,3,1,2,2,d2:1;d4:1;d5:1
9443,19,True,18,0,4,14,12,0,10,6,3,2,1,3,d2:1;d4:1;d5:1
9445,12,True,11,0,0,-1,0,0,-1,0,0,0,0,0,none
9447,25,True,24,0,3,3,9,0,16,6,3,2,1,3,d2:1;d4:1;d5:1
9449,12,True,11,0,2,2,1,0,1,4,3,1,2,2,d1:1;d2:1;d4:1
9451,24,True,23,0,3,3,9,0,15,6,3,2,1,3,d2:1;d4:1;d5:1
9453,12,True,11,0,0,-1,0,0,-1,0,0,0,0,0,none
9455,23,True,22,0,3,3,9,0,14,6,3,2,1,3,d2:1;d4:1;d5:1
9457,13,True,12,0,0,-1,0,0,-1,0,0,0,0,0,none
9459,11,True,10,0,0,-1,0,0,-1,0,0,0,0,0,none
9461,12,True,11,0,0,-1,0,0,-1,0,0,0,0,0,none
9463,11,True,10,0,0,-1,0,0,-1,0,0,0,0,0,none
9465,12,True,11,0,0,-1,0,0,-1,0,0,0,0,0,none
9467,20,True,19,0,2,6,3,0,3,6,4,2,2,3,d1:1;d3:1;d5:1;d6:1
9469,17,True,16,0,4,2,2,0,8,7,5,1,4,2,d1:1;d2:1;d4:1;d6:1;d7:1
9471,25,True,24,0,3,3,9,0,16,6,3,2,1,3,d2:1;d4:1;d5:1
9473,13,True,12,0,0,-1,0,0,-1,0,0,0,0,0,none
9475,11,True,10,0,1,3,1,0,2,4,3,2,1,3,d1:1;d3:1;d4:1
9477,21,True,20,0,4,16,12,0,12,6,3,2,1,3,d2:1;d4:1;d5:1
9479,31,True,30,0,5,4,13,0,22,6,3,2,1,3,d2:1;d4:1;d5:1
9481,27,True,26,0,3,3,9,0,18,6,3,2,1,3,d2:1;d4:1;d5:1
9483,11,True,10,0,1,7,1,0,6,2,2,1,1,2,d1:1;d2:1
9485,23,True,22,0,3,6,9,0,4,4,3,1,2,2,d1:1;d3:1;d4:1
9487,11,True,10,0,0,-1,0,0,-1,0,0,0,0,0,none
9489,24,True,23,0,3,7,9,0,5,4,3,1,2,2,d1:1;d3:1;d4:1
9491,10,True,9,0,0,-1,0,0,-1,0,0,0,0,0,none
9493,13,True,12,0,2,8,6,0,4,6,3,2,1,3,d2:1;d4:1;d5:1
9495,22,True,21,0,3,5,9,0,13,6,3,2,1,3,d2:1;d4:1;d5:1
9497,11,True,10,0,1,6,4,0,2,3,2,1,1,2,d2:1;d3:1
9499,18,True,17,0,3,5,4,0,2,3,2,1,1,2,d2:1;d3:1
9501,27,True,26,0,4,7,9,0,10,3,2,1,1,2,d1:1;d3:1
9503,22,True,21,0,3,1,9,0,13,6,3,2,1,3,d2:1;d4:1;d5:1
9505,20,True,19,0,4,15,12,0,11,6,3,2,1,3,d2:1;d4:1;d5:1
9507,9,True,8,0,1,3,1,0,2,2,2,1,1,2,d1:1;d2:1
9509,9,True,8,0,1,5,1,0,4,4,3,2,1,3,d1:1;d2:1;d4:1
9511,9,True,8,0,0,-1,0,0,-1,0,0,0,0,0,none
9513,34,True,33,0,5,9,13,0,25,6,3,2,1,3,d2:1;d4:1;d5:1
9515,9,True,8,0,1,5,1,0,4,4,3,2,1,3,d1:1;d2:1;d4:1
9517,14,True,13,0,2,9,6,0,5,6,3,2,1,3,d2:1;d4:1;d5:1
9519,23,True,22,0,1,2,3,0,0,4,2,1,1,2,d1:1;d3:1
9521,7,True,6,0,0,-1,0,0,-1,0,0,0,0,0,none
9523,7,True,6,0,0,-1,0,0,-1,0,0,0,0,0,none
9525,13,True,12,0,1,6,2,0,4,6,3,2,1,3,d2:1;d4:1;d5:1
9527,32,True,31,0,4,3,12,0,2,8,5,2,3,3,d1:1;d3:1;d5:1;d6:1;d8:1
9529,23,True,22,0,1,7,2,0,5,4,2,1,1,2,d2:1;d4:1
9531,13,True,12,0,1,6,2,0,4,6,3,2,1,3,d2:1;d4:1;d5:1
9533,9,True,8,0,1,5,1,0,4,2,2,1,1,2,d1:1;d2:1
9535,19,True,18,0,2,1,2,0,6,5,3,1,2,2,d1:1;d3:1;d4:1
9537,14,True,13,0,1,7,2,0,5,6,3,2,1,3,d2:1;d4:1;d5:1
9539,14,True,13,0,2,9,4,0,5,4,3,1,2,2,d1:1;d3:1;d4:1
9541,18,True,17,0,4,6,4,0,7,8,5,1,4,2,d1:1;d3:1;d4:1;d6:1;d8:1
9543,9,True,8,0,1,4,2,0,2,4,2,1,1,2,d2:1;d4:1
9545,14,True,13,0,2,9,4,0,5,4,3,1,2,2,d1:1;d3:1;d4:1
9547,18,True,17,0,4,6,4,0,7,8,5,1,4,2,d1:1;d3:1;d4:1;d6:1;d8:1
9549,18,True,17,0,4,4,2,0,7,8,5,1,4,2,d1:1;d3:1;d4:1;d6:1;d8:1
9551,12,True,11,0,0,-1,0,0,-1,0,0,0,0,0,none
9553,18,True,17,0,4,4,2,0,7,8,5,1,4,2,d1:1;d3:1;d4:1;d6:1;d8:1
9555,17,True,16,0,4,3,2,0,6,8,5,1,4,2,d1:1;d3:1;d4:1;d6:1;d8:1
9557,5,True,4,0,1,2,1,0,1,3,2,1,1,2,d2:1;d3:1
9559,14,True,13,0,1,7,2,0,5,5,3,2,1,3,d2:1;d4:1;d5:1
9561,16,True,15,0,1,6,2,0,4,4,2,1,1,2,d1:1;d3:1
9563,37,True,36,0,7,2,14,0,11,6,3,1,2,2,d1:1;d3:1;d5:1
9565,21,True,20,0,3,16,9,0,12,6,3,2,1,3,d2:1;d4:1;d5:1
9567,14,True,13,0,1,4,2,0,2,3,2,1,1,2,d1:1;d3:1
9569,16,True,15,0,1,3,2,0,2,3,2,1,1,2,d1:1;d2:1
9571,15,True,14,0,1,12,1,0,11,3,2,1,1,2,d2:1;d3:1
9573,15,True,14,0,1,12,1,0,11,3,2,1,1,2,d2:1;d3:1
9575,30,True,29,0,8,4,7,0,8,4,2,1,1,2,d1:1;d3:1
9577,25,True,24,0,3,8,9,0,4,8,5,2,3,3,d1:1;d2:1;d4:1;d6:1;d7:1
9579,25,True,24,0,3,8,9,0,4,8,5,2,3,3,d1:1;d2:1;d4:1;d6:1;d7:1
9581,7,True,6,0,1,3,1,0,2,3,2,1,1,2,d1:1;d2:1
9583,24,True,23,0,5,1,9,0,6,5,3,1,2,2,d1:1;d2:1;d4:1
9585,20,True,19,0,3,15,9,0,11,6,3,2,1,3,d2:1;d4:1;d5:1
9587,16,True,15,0,1,13,1,0,12,3,2,1,1,2,d2:1;d3:1
9589,19,True,18,0,3,14,9,0,10,6,3,2,1,3,d2:1;d4:1;d5:1
9591,31,True,30,0,5,27,13,0,22,6,3,2,1,3,d2:1;d4:1;d5:1
9593,22,True,21,0,5,5,7,0,9,4,3,1,2,2,d1:1;d2:1;d4:1
9595,15,True,14,0,1,12,1,0,11,3,2,1,1,2,d2:1;d3:1
9597,14,True,13,0,1,11,1,0,10,3,2,1,1,2,d2:1;d3:1
9599,28,True,27,0,5,1,13,0,19,6,3,2,1,3,d2:1;d4:1;d5:1
9601,31,True,30,0,5,6,13,0,22,6,3,2,1,3,d2:1;d4:1;d5:1
9603,19,True,18,0,3,14,9,0,10,6,3,2,1,3,d2:1;d4:1;d5:1
9605,29,True,28,0,5,3,13,0,20,6,3,2,1,3,d2:1;d4:1;d5:1
9607,18,True,17,0,3,13,9,0,9,6,3,2,1,3,d2:1;d4:1;d5:1
9609,14,True,13,0,1,2,1,0,1,3,2,1,1,2,d1:1;d3:1
9611,28,True,27,0,5,4,13,0,19,6,3,2,1,3,d2:1;d4:1;d5:1
9613,12,True,11,0,4,5,2,0,3,7,5,1,4,2,d1:1;d2:1;d4:1;d6:1;d7:1
9615,20,True,19,0,3,15,9,0,11,6,3,2,1,3,d2:1;d4:1;d5:1
9617,12,True,11,0,0,-1,0,0,-1,0,0,0,0,0,none
9619,10,True,9,0,0,-1,0,0,-1,0,0,0,0,0,none
9621,11,True,10,0,4,4,2,0,2,7,5,1,4,2,d1:1;d2:1;d4:1;d6:1;d7:1
9623,9,True,8,0,0,-1,0,0,-1,0,0,0,0,0,none
9625,11,True,10,0,0,-1,0,0,-1,0,0,0,0,0,none
9627,10,True,9,0,0,-1,0,0,-1,0,0,0,0,0,none
9629,13,True,12,0,1,3,1,0,2,5,3,2,1,3,d2:1;d4:1;d5:1
9631,26,True,25,0,2,6,6,0,0,5,3,1,2,2,d1:1;d2:1;d4:1
9633,12,True,11,0,0,-1,0,0,-1,0,0,0,0,0,none
9635,19,True,18,0,3,14,9,0,10,6,3,2,1,3,d2:1;d4:1;d5:1
9637,18,True,17,0,3,13,9,0,9,6,3,2,1,3,d2:1;d4:1;d5:1
9639,22,True,21,0,3,2,7,0,5,3,2,1,1,2,d1:1;d3:1
9641,14,True,13,0,1,2,1,0,1,6,4,3,1,4,d1:1;d3:1;d4:1;d6:1
9643,28,True,27,0,5,7,13,0,19,6,3,2,1,3,d2:1;d4:1;d5:1
9645,30,True,29,0,4,8,12,0,21,6,3,2,1,3,d2:1;d4:1;d5:1
9647,20,True,19,0,3,1,9,0,11,6,3,2,1,3,d2:1;d4:1;d5:1
9649,13,True,12,0,3,5,1,0,4,6,4,1,3,2,d1:1;d2:1;d4:1;d6:1
9651,12,True,11,0,3,4,1,0,3,6,4,1,3,2,d1:1;d2:1;d4:1;d6:1
9653,17,True,16,0,1,5,3,0,2,3,2,1,1,2,d1:1;d2:1
9655,15,True,14,0,1,12,1,0,11,3,2,1,1,2,d2:1;d3:1
9657,12,True,11,0,3,4,1,0,3,6,4,1,3,2,d1:1;d2:1;d4:1;d6:1
9659,30,True,29,0,4,5,12,0,21,6,3,2,1,3,d2:1;d4:1;d5:1
9661,19,True,18,0,3,2,9,0,10,6,3,2,1,3,d2:1;d4:1;d5:1
9663,28,True,27,0,8,10,10,0,3,7,4,2,2,3,d2:1;d3:1;d5:1;d7:1
9665,18,True,17,0,1,15,1,0,14,3,2,1,1,2,d2:1;d3:1
9667,14,True,13,0,2,3,2,0,1,5,3,1,2,2,d1:1;d3:1;d4:1
9669,4,True,3,0,0,-1,0,0,-1,0,0,0,0,0,none
9671,18,True,17,0,1,15,1,0,14,3,2,1,1,2,d2:1;d3:1
9673,12,True,11,0,2,4,1,0,3,5,3,1,2,2,d1:1;d2:1;d4:1
9675,16,True,15,0,1,13,1,0,12,3,2,1,1,2,d2:1;d3:1
9677,12,True,11,0,0,-1,0,0,-1,0,0,0,0,0,none
9679,28,True,27,0,5,24,13,0,19,6,3,2,1,3,d2:1;d4:1;d5:1
9681,11,True,10,0,0,-1,0,0,-1,0,0,0,0,0,none
9683,21,True,20,0,3,2,5,0,4,4,2,1,1,2,d1:1;d3:1
9685,3,True,2,0,0,-1,0,0,-1,0,0,0,0,0,none
9687,26,True,25,0,4,21,12,0,17,6,3,2,1,3,d2:1;d4:1;d5:1
9689,13,True,12,0,5,4,2,0,2,9,6,1,5,2,d1:1;d3:1;d4:1;d6:1;d8:1;d9:1
9691,10,True,9,0,0,-1,0,0,-1,0,0,0,0,0,none
9693,14,True,13,0,4,5,2,0,3,8,5,1,4,2,d1:1;d3:1;d4:1;d6:1;d8:1
9695,27,True,26,0,4,2,12,0,18,6,3,2,1,3,d2:1;d4:1;d5:1
9697,22,True,21,0,4,9,3,0,11,3,2,1,1,2,d1:1;d3:1
9699,3,True,2,0,0,-1,0,0,-1,0,0,0,0,0,none
9701,30,True,29,0,7,16,14,0,4,6,3,1,2,2,d1:1;d3:1;d5:1
9703,22,True,21,0,4,9,3,0,11,3,2,1,1,2,d1:1;d3:1
9705,31,True,30,0,6,13,12,0,6,3,2,1,1,2,d1:1;d3:1
9707,26,True,25,0,8,9,7,0,4,4,2,1,1,2,d1:1;d3:1
9709,24,True,23,0,3,19,9,0,15,6,3,2,1,3,d2:1;d4:1;d5:1
9711,12,True,11,0,2,2,2,0,1,3,2,1,1,2,d1:1;d3:1
9713,11,True,10,0,0,-1,0,0,-1,0,0,0,0,0,none
9715,28,True,27,0,5,10,13,0,19,6,3,2,1,3,d2:1;d4:1;d5:1
9717,9,True,8,0,0,-1,0,0,-1,0,0,0,0,0,none
9719,21,True,20,0,3,3,9,0,12,6,3,2,1,3,d2:1;d4:1;d5:1
9721,28,True,27,0,5,3,13,0,19,6,3,2,1,3,d2:1;d4:1;d5:1
9723,21,True,20,0,1,15,1,0,14,2,2,1,1,2,d1:1;d2:1
9725,25,True,24,0,5,7,13,0,16,6,3,2,1,3,d2:1;d4:1;d5:1
9727,15,True,14,0,4,6,6,0,2,4,3,1,2,2,d1:1;d2:1;d4:1
9729,29,True,28,0,5,5,13,0,20,6,3,2,1,3,d2:1;d4:1;d5:1
9731,10,True,9,0,0,-1,0,0,-1,0,0,0,0,0,none
9733,10,True,9,0,0,-1,0,0,-1,0,0,0,0,0,none
9735,10,True,9,0,1,1,1,0,0,3,2,1,1,2,d1:1;d2:1
9737,27,True,26,0,5,2,13,0,18,6,3,2,1,3,d2:1;d4:1;d5:1
9739,10,True,9,0,0,-1,0,0,-1,0,0,0,0,0,none
9741,25,True,24,0,5,21,13,0,16,6,3,2,1,3,d2:1;d4:1;d5:1
9743,8,True,7,0,0,-1,0,0,-1,0,0,0,0,0,none
9745,25,True,24,0,5,21,13,0,16,6,3,2,1,3,d2:1;d4:1;d5:1
9747,21,True,20,0,3,16,9,0,12,6,3,2,1,3,d2:1;d4:1;d5:1
9749,23,True,22,0,5,19,13,0,14,6,3,2,1,3,d2:1;d4:1;d5:1
9751,21,True,20,0,2,3,6,0,12,6,3,2,1,3,d2:1;d4:1;d5:1
9753,22,True,21,0,2,10,6,0,13,6,3,2,1,3,d2:1;d4:1;d5:1
9755,11,True,10,0,1,2,1,0,1,5,3,2,1,3,d1:1;d3:1;d5:1
9757,24,True,23,0,5,2,13,0,15,6,3,2,1,3,d2:1;d4:1;d5:1
9759,27,True,26,0,2,3,6,0,0,5,3,1,2,2,d1:1;d3:1;d4:1
9761,10,True,9,0,0,-1,0,0,-1,0,0,0,0,0,none
9763,23,True,22,0,5,19,13,0,14,6,3,2,1,3,d2:1;d4:1;d5:1
9765,13,True,12,0,1,2,1,0,1,3,2,1,1,2,d2:1;d3:1
9767,12,True,11,0,1,1,1,0,0,3,2,1,1,2,d1:1;d2:1
9769,20,True,19,0,4,7,6,0,2,4,3,1,2,2,d1:1;d2:1;d4:1
9771,24,True,23,0,5,20,13,0,15,6,3,2,1,3,d2:1;d4:1;d5:1
9773,10,True,9,0,0,-1,0,0,-1,0,0,0,0,0,none
9775,23,True,22,0,4,5,5,0,2,7,4,1,3,2,d1:1;d3:1;d4:1;d6:1
9777,8,True,7,0,0,-1,0,0,-1,0,0,0,0,0,none
9779,8,True,7,0,0,-1,0,0,-1,0,0,0,0,0,none
9781,9,True,8,0,1,6,1,0,5,3,2,1,1,2,d2:1;d3:1
9783,29,True,28,0,4,6,2,0,18,8,5,1,4,2,d1:1;d3:1;d4:1;d6:1;d8:1
9785,33,True,32,0,6,2,9,0,7,6,3,1,2,2,d1:1;d3:1;d5:1
9787,32,True,31,0,5,11,9,0,6,6,3,1,2,2,d1:1;d3:1;d5:1
9789,23,True,22,0,5,19,13,0,14,6,3,2,1,3,d2:1;d4:1;d5:1
9791,11,True,10,0,1,8,1,0,7,3,2,1,1,2,d2:1;d3:1
9793,30,True,29,0,4,5,12,0,21,6,3,2,1,3,d2:1;d4:1;d5:1
9795,28,True,27,0,4,3,12,0,19,6,3,2,1,3,d2:1;d4:1;d5:1
9797,24,True,23,0,4,19,12,0,15,6,3,2,1,3,d2:1;d4:1;d5:1
9799,9,True,8,0,1,1,1,0,0,3,2,1,1,2,d1:1;d2:1
9801,21,True,20,0,1,5,1,0,4,2,2,1,1,2,d1:1;d2:1
9803,23,True,22,0,4,18,12,0,14,6,3,2,1,3,d2:1;d4:1;d5:1
9805,23,True,22,0,4,18,12,0,14,6,3,2,1,3,d2:1;d4:1;d5:1
9807,20,True,19,0,1,5,3,0,2,4,2,1,1,2,d1:1;d3:1
9809,28,True,27,0,4,3,12,0,19,6,3,2,1,3,d2:1;d4:1;d5:1
9811,26,True,25,0,4,7,12,0,17,6,3,2,1,3,d2:1;d4:1;d5:1
9813,9,True,8,0,1,6,1,0,5,3,2,1,1,2,d2:1;d3:1
9815,23,True,22,0,5,19,13,0,14,6,3,2,1,3,d2:1;d4:1;d5:1
9817,22,True,21,0,5,18,13,0,13,6,3,2,1,3,d2:1;d4:1;d5:1
9819,15,True,14,0,1,2,1,0,1,3,2,1,1,2,d1:1;d3:1
9821,22,True,21,0,4,17,12,0,13,6,3,2,1,3,d2:1;d4:1;d5:1
9823,18,True,17,0,2,13,6,0,9,6,3,2,1,3,d2:1;d4:1;d5:1
9825,9,True,8,0,0,-1,0,0,-1,0,0,0,0,0,none
9827,22,True,21,0,4,17,12,0,13,6,3,2,1,3,d2:1;d4:1;d5:1
9829,23,True,22,0,4,18,12,0,14,6,3,2,1,3,d2:1;d4:1;d5:1
9831,17,True,16,0,2,3,3,0,2,3,2,1,1,2,d1:1;d2:1
9833,9,True,8,0,1,2,1,0,1,4,3,2,1,3,d1:1;d3:1;d4:1
9835,30,True,29,0,4,7,12,0,21,6,3,2,1,3,d2:1;d4:1;d5:1
9837,17,True,16,0,4,4,3,0,6,3,2,1,1,2,d1:1;d3:1
9839,8,True,7,0,1,2,2,0,0,4,2,1,1,2,d2:1;d3:1
9841,10,True,9,0,1,7,1,0,6,3,2,1,1,2,d2:1;d3:1
9843,17,True,16,0,1,11,1,0,10,2,2,1,1,2,d1:1;d2:1
9845,14,True,13,0,1,2,1,0,1,2,2,1,1,2,d1:1;d2:1
9847,15,True,14,0,1,9,1,0,8,2,2,1,1,2,d1:1;d2:1
9849,15,True,14,0,1,2,1,0,1,2,2,1,1,2,d1:1;d2:1
9851,16,True,15,0,1,10,1,0,9,2,2,1,1,2,d1:1;d2:1
9853,34,True,33,0,6,3,17,0,17,3,2,1,1,2,d1:1;d3:1
9855,17,True,16,0,4,5,5,0,1,3,2,1,1,2,d1:1;d2:1
9857,12,True,11,0,0,-1,0,0,-1,0,0,0,0,0,none
9859,9,True,8,0,1,6,1,0,5,3,2,1,1,2,d2:1;d3:1
9861,16,True,15,0,1,10,1,0,9,2,2,1,1,2,d1:1;d2:1
9863,15,True,14,0,1,1,1,0,0,3,2,1,1,2,d1:1;d2:1
9865,19,True,18,0,2,4,4,0,2,3,2,1,1,2,d1:1;d3:1
9867,15,True,14,0,1,9,1,0,8,2,2,1,1,2,d1:1;d2:1
9869,22,True,21,0,5,4,13,0,13,6,3,2,1,3,d2:1;d4:1;d5:1
9871,28,True,27,0,4,5,9,0,6,8,5,1,4,2,d1:1;d2:1;d4:1;d6:1;d8:1
9873,23,True,22,0,4,18,12,0,14,6,3,2,1,3,d2:1;d4:1;d5:1
9875,22,True,21,0,4,17,12,0,13,6,3,2,1,3,d2:1;d4:1;d5:1
9877,21,True,20,0,5,3,13,0,12,6,3,2,1,3,d2:1;d4:1;d5:1
9879,21,True,20,0,5,3,13,0,12,6,3,2,1,3,d2:1;d4:1;d5:1
9881,28,True,27,0,3,8,9,0,19,6,3,2,1,3,d2:1;d4:1;d5:1
9883,27,True,26,0,3,2,9,0,18,6,3,2,1,3,d2:1;d4:1;d5:1
9885,22,True,21,0,4,3,12,0,13,6,3,2,1,3,d2:1;d4:1;d5:1
9887,40,True,39,0,4,10,12,0,31,6,3,2,1,3,d2:1;d4:1;d5:1
9889,24,True,23,0,2,13,6,0,8,3,2,1,1,2,d1:1;d2:1
9891,20,True,19,0,2,2,6,0,4,2,2,1,1,2,d1:1;d2:1
9893,20,True,19,0,2,2,6,0,1,6,4,2,2,3,d1:1;d3:1;d5:1;d6:1
9895,21,True,20,0,2,2,6,0,5,2,2,1,1,2,d1:1;d2:1
9897,40,True,39,0,4,8,12,0,3,2,2,1,1,2,d1:1;d2:1
9899,17,True,16,0,1,8,3,0,5,3,2,1,1,2,d1:1;d2:1
9901,16,True,15,0,2,7,3,0,4,5,3,1,2,2,d1:1;d3:1;d5:1
9903,13,True,12,0,2,1,1,0,5,5,3,1,2,2,d1:1;d3:1;d5:1
9905,10,True,9,0,1,7,1,0,6,3,2,1,1,2,d2:1;d3:1
9907,9,True,8,0,1,6,1,0,5,3,2,1,1,2,d2:1;d3:1
9909,24,True,23,0,4,19,12,0,15,6,3,2,1,3,d2:1;d4:1;d5:1
9911,16,True,15,0,1,10,1,0,9,2,2,1,1,2,d1:1;d2:1
9913,11,True,10,0,1,2,1,0,1,2,2,1,1,2,d1:1;d2:1
9915,9,True,8,0,0,-1,0,0,-1,0,0,0,0,0,none
9917,10,True,9,0,1,2,1,0,1,3,2,1,1,2,d2:1;d3:1
9919,25,True,24,0,4,2,2,0,14,8,5,1,4,2,d1:1;d3:1;d4:1;d6:1;d8:1
9921,25,True,24,0,4,20,12,0,16,6,3,2,1,3,d2:1;d4:1;d5:1
9923,12,True,11,0,1,3,2,0,1,3,2,1,1,2,d1:1;d3:1
9925,9,True,8,0,1,6,1,0,5,3,2,1,1,2,d2:1;d3:1
9927,23,True,22,0,4,1,12,0,14,6,3,2,1,3,d2:1;d4:1;d5:1
9929,22,True,21,0,4,17,12,0,13,6,3,2,1,3,d2:1;d4:1;d5:1
9931,22,True,21,0,1,3,1,0,2,4,2,1,1,2,d1:1;d3:1
9933,9,True,8,0,1,6,1,0,5,3,2,1,1,2,d2:1;d3:1
9935,27,True,26,0,3,2,9,0,18,6,3,2,1,3,d2:1;d4:1;d5:1
9937,16,True,15,0,1,7,2,0,5,3,2,1,1,2,d2:1;d3:1
9939,14,True,13,0,1,5,2,0,3,3,2,1,1,2,d2:1;d3:1
9941,15,True,14,0,2,3,6,0,6,6,3,2,1,3,d2:1;d4:1;d5:1
9943,13,True,12,0,0,-1,0,0,-1,0,0,0,0,0,none
9945,15,True,14,0,0,-1,0,0,-1,0,0,0,0,0,none
9947,21,True,20,0,4,16,12,0,12,6,3,2,1,3,d2:1;d4:1;d5:1
9949,15,True,14,0,0,-1,0,0,-1,0,0,0,0,0,none
9951,14,True,13,0,1,1,1,0,0,5,3,2,1,3,d1:1;d3:1;d4:1
9953,14,True,13,0,2,4,2,0,3,3,2,1,1,2,d1:1;d2:1
9955,14,True,13,0,2,2,6,0,5,6,3,2,1,3,d2:1;d4:1;d5:1
9957,9,True,8,0,1,2,1,0,1,2,2,1,1,2,d1:1;d2:1
9959,12,True,11,0,1,3,3,0,0,3,2,1,1,2,d1:1;d2:1
9961,15,True,14,0,2,4,3,0,1,4,3,1,2,2,d1:1;d3:1;d4:1
9963,13,True,12,0,0,-1,0,0,-1,0,0,0,0,0,none
9965,20,True,19,0,4,6,2,0,11,7,5,1,4,2,d1:1;d2:1;d4:1;d6:1;d7:1
9967,12,True,11,0,1,1,1,0,0,4,2,1,1,2,d2:1;d3:1
9969,16,True,15,0,2,11,6,0,7,6,3,2,1,3,d2:1;d4:1;d5:1
9971,22,True,21,0,3,9,7,0,5,6,4,2,2,3,d1:1;d3:1;d5:1;d6:1
9973,23,True,22,0,4,4,12,0,14,6,3,2,1,3,d2:1;d4:1;d5:1
9975,28,True,27,0,3,6,9,0,3,7,4,1,3,2,d1:1;d3:1;d4:1;d6:1
9977,8,True,7,0,1,2,1,0,1,2,2,1,1,2,d1:1;d2:1
9979,14,True,13,0,0,-1,0,0,-1,0,0,0,0,0,none
9981,13,True,12,0,3,3,2,0,2,3,2,1,1,2,d1:1;d3:1
9983,23,True,22,0,3,3,9,0,0,8,4,1,3,2,d2:1;d4:1;d6:1;d7:1
9985,17,True,16,0,2,12,6,0,8,6,3,2,1,3,d2:1;d4:1;d5:1
9987,25,True,24,0,3,8,9,0,6,4,3,1,2,2,d1:1;d3:1;d4:1
9989,15,True,14,0,2,10,6,0,6,6,3,2,1,3,d2:1;d4:1;d5:1
9991,25,True,24,0,3,1,9,0,6,4,3,1,2,2,d1:1;d3:1;d4:1
9993,14,True,13,0,1,3,2,0,1,3,2,1,1,2,d2:1;d3:1
9995,13,True,12,0,1,6,2,0,4,3,2,1,1,2,d1:1;d3:1
9997,28,True,27,0,6,19,17,0,11,3,2,1,1,2,d1:1;d3:1
9999,13,True,12,0,2,8,6,0,4,6,3,2,1,3,d2:1;d4:1;d5:1
10001,29,True,28,0,5,20,17,0,12,3,2,1,1,2,d1:1;d3:1
10003,13,True,12,0,1,8,4,0,4,3,2,1,1,2,d2:1;d3:1
10005,6,True,5,0,0,-1,0,0,-1,0,0,0,0,0,none
10007,26,True,25,0,4,6,9,0,9,3,2,1,1,2,d1:1;d3:1
10009,24,True,23,0,3,3,9,0,2,7,4,1,3,2,d1:1;d2:1;d4:1;d6:1
10011,32,True,31,0,5,10,13,0,1,10,6,1,5,2,d1:1;d3:1;d4:1;d6:1;d8:1;d10:1
10013,13,True,12,0,1,2,1,0,1,2,2,1,1,2,d1:1;d2:1
10015,11,True,10,0,2,1,1,0,0,5,3,1,2,2,d1:1;d3:1;d4:1
10017,16,True,15,0,2,11,6,0,7,6,3,2,1,3,d2:1;d4:1;d5:1
10019,16,True,15,0,1,9,2,0,7,6,3,2,1,3,d2:1;d4:1;d5:1
10021,15,True,14,0,1,8,2,0,6,6,3,2,1,3,d2:1;d4:1;d5:1
10023,11,True,10,0,1,1,1,0,0,3,2,1,1,2,d1:1;d2:1
10025,15,True,14,0,2,10,6,0,6,6,3,2,1,3,d2:1;d4:1;d5:1
10027,16,True,15,0,1,9,2,0,7,6,3,2,1,3,d2:1;d4:1;d5:1
10029,10,True,9,0,1,7,1,0,6,3,2,1,1,2,d2:1;d3:1
10031,9,True,8,0,1,2,2,0,0,4,2,1,1,2,d2:1;d3:1
10033,9,True,8,0,1,6,1,0,5,3,2,1,1,2,d2:1;d3:1
10035,9,True,8,0,1,6,1,0,5,3,2,1,1,2,d2:1;d3:1
10037,23,True,22,0,3,5,9,0,14,6,3,2,1,3,d2:1;d4:1;d5:1
10039,10,True,9,0,1,4,1,0,3,2,2,1,1,2,d1:1;d2:1
10041,12,True,11,0,1,2,1,0,1,2,2,1,1,2,d1:1;d2:1
10043,8,True,7,0,1,5,1,0,4,3,2,1,1,2,d2:1;d3:1
10045,17,True,16,0,2,12,4,0,8,4,3,1,2,2,d1:1;d3:1;d4:1
10047,14,True,13,0,1,1,2,0,0,6,3,2,1,3,d2:1;d4:1;d5:1
10049,23,True,22,0,3,5,9,0,14,6,3,2,1,3,d2:1;d4:1;d5:1
10051,20,True,19,0,4,8,4,0,9,8,5,1,4,2,d1:1;d3:1;d4:1;d6:1;d8:1
10053,22,True,21,0,3,4,9,0,13,6,3,2,1,3,d2:1;d4:1;d5:1
10055,16,True,15,0,2,1,4,0,7,4,3,1,2,2,d1:1;d3:1;d4:1
10057,20,True,19,0,4,6,2,0,9,8,5,1,4,2,d1:1;d3:1;d4:1;d6:1;d8:1
10059,22,True,21,0,3,4,9,0,13,6,3,2,1,3,d2:1;d4:1;d5:1
10061,8,True,7,0,1,3,1,0,2,3,2,1,1,2,d1:1;d3:1
10063,20,True,19,0,4,6,2,0,9,8,5,1,4,2,d1:1;d3:1;d4:1;d6:1;d8:1
10065,7,True,6,0,1,4,1,0,3,3,2,1,1,2,d2:1;d3:1
10067,16,True,15,0,2,5,4,0,1,5,3,1,2,2,d1:1;d3:1;d5:1
10069,8,True,7,0,1,2,1,0,1,2,2,1,1,2,d1:1;d2:1
10071,24,True,23,0,3,19,9,0,15,6,3,2,1,3,d2:1;d4:1;d5:1
10073,23,True,22,0,3,18,9,0,14,6,3,2,1,3,d2:1;d4:1;d5:1
10075,18,True,17,0,1,2,2,0,1,3,2,1,1,2,d1:1;d3:1
10077,17,True,16,0,1,14,1,0,13,3,2,1,1,2,d2:1;d3:1
10079,20,True,19,0,3,15,9,0,11,6,3,2,1,3,d2:1;d4:1;d5:1
10081,18,True,17,0,1,3,1,0,2,3,2,1,1,2,d1:1;d3:1
10083,9,True,8,0,0,-1,0,0,-1,0,0,0,0,0,none
10085,9,True,8,0,0,-1,0,0,-1,0,0,0,0,0,none
10087,37,True,36,0,6,17,17,0,3,5,3,1,2,2,d1:1;d3:1;d4:1
10089,22,True,21,0,3,17,9,0,13,6,3,2,1,3,d2:1;d4:1;d5:1
10091,9,True,8,0,1,5,1,0,4,3,2,1,1,2,d1:1;d2:1
10093,21,True,20,0,3,16,9,0,12,6,3,2,1,3,d2:1;d4:1;d5:1
10095,26,True,25,0,5,1,9,0,8,5,3,1,2,2,d1:1;d2:1;d4:1
10097,9,True,8,0,0,-1,0,0,-1,0,0,0,0,0,none
10099,17,True,16,0,2,5,2,0,3,5,3,1,2,2,d1:1;d3:1;d5:1
10101,9,True,8,0,0,-1,0,0,-1,0,0,0,0,0,none
10103,17,True,16,0,1,4,1,0,3,4,2,1,1,2,d1:1;d3:1
10105,24,True,23,0,5,3,7,0,11,4,3,1,2,2,d1:1;d2:1;d4:1
10107,18,True,17,0,1,15,1,0,14,3,2,1,1,2,d2:1;d3:1
10109,31,True,30,0,5,5,13,0,22,6,3,2,1,3,d2:1;d4:1;d5:1
10111,17,True,16,0,2,3,3,0,0,7,4,2,2,3,d1:1;d3:1;d5:1;d6:1
10113,24,True,23,0,3,19,9,0,15,6,3,2,1,3,d2:1;d4:1;d5:1
10115,15,True,14,0,4,8,2,0,6,7,5,1,4,2,d1:1;d2:1;d4:1;d6:1;d7:1
10117,14,True,13,0,4,7,2,0,5,7,5,1,4,2,d1:1;d2:1;d4:1;d6:1;d7:1
10119,15,True,14,0,4,1,2,0,6,7,5,1,4,2,d1:1;d2:1;d4:1;d6:1;d7:1
10121,32,True,31,0,5,3,13,0,23,6,3,2,1,3,d2:1;d4:1;d5:1
10123,30,True,29,0,5,3,13,0,21,6,3,2,1,3,d2:1;d4:1;d5:1
10125,9,True,8,0,0,-1,0,0,-1,0,0,0,0,0,none
10127,23,True,22,0,3,18,9,0,14,6,3,2,1,3,d2:1;d4:1;d5:1
10129,15,True,14,0,4,8,2,0,6,7,5,1,4,2,d1:1;d2:1;d4:1;d6:1;d7:1
10131,13,True,12,0,4,6,2,0,4,7,5,1,4,2,d1:1;d2:1;d4:1;d6:1;d7:1
10133,6,True,5,0,1,2,1,0,1,2,2,1,1,2,d1:1;d2:1
10135,7,True,6,0,0,-1,0,0,-1,0,0,0,0,0,none
10137,8,True,7,0,0,-1,0,0,-1,0,0,0,0,0,none
10139,12,True,11,0,0,-1,0,0,-1,0,0,0,0,0,none
10141,15,True,14,0,1,2,1,0,1,2,2,1,1,2,d1:1;d2:1
10143,20,True,19,0,2,2,2,0,0,5,3,1,2,2,d1:1;d3:1;d4:1
10145,8,True,7,0,0,-1,0,0,-1,0,0,0,0,0,none
10147,6,True,5,0,0,-1,0,0,-1,0,0,0,0,0,none
10149,20,True,19,0,3,3,9,0,11,6,3,2,1,3,d2:1;d4:1;d5:1
10151,24,True,23,0,4,2,9,0,7,3,2,1,1,2,d1:1;d3:1
10153,10,True,9,0,4,3,2,0,2,4,2,1,1,2,d2:1;d3:1
10155,17,True,16,0,1,5,1,0,4,6,4,3,1,4,d1:1;d3:1;d4:1;d6:1
10157,31,True,30,0,4,9,12,0,22,6,3,2,1,3,d2:1;d4:1;d5:1
10159,31,True,30,0,4,1,12,0,22,6,3,2,1,3,d2:1;d4:1;d5:1
10161,9,True,8,0,0,-1,0,0,-1,0,0,0,0,0,none
10163,8,True,7,0,0,-1,0,0,-1,0,0,0,0,0,none
10165,6,True,5,0,0,-1,0,0,-1,0,0,0,0,0,none
10167,19,True,18,0,1,7,3,0,4,3,2,1,1,2,d1:1;d2:1
10169,20,True,19,0,1,2,3,0,1,2,2,1,1,2,d1:1;d2:1
10171,19,True,18,0,1,7,3,0,4,2,2,1,1,2,d1:1;d2:1
10173,32,True,31,0,4,5,12,0,23,6,3,2,1,3,d2:1;d4:1;d5:1
10175,30,True,29,0,4,1,12,0,21,6,3,2,1,3,d2:1;d4:1;d5:1
10177,6,True,5,0,0,-1,0,0,-1,0,0,0,0,0,none
10179,19,True,18,0,1,3,2,0,1,4,2,1,1,2,d2:1;d4:1
10181,9,True,8,0,0,-1,0,0,-1,0,0,0,0,0,none
10183,17,True,16,0,2,1,2,0,4,5,3,1,2,2,d1:1;d3:1;d4:1
10185,5,True,4,0,0,-1,0,0,-1,0,0,0,0,0,none
10187,6,True,5,0,0,-1,0,0,-1,0,0,0,0,0,none
10189,7,True,6,0,0,-1,0,0,-1,0,0,0,0,0,none
10191,12,True,11,0,0,-1,0,0,-1,0,0,0,0,0,none
10193,7,True,6,0,0,-1,0,0,-1,0,0,0,0,0,none
10195,30,True,29,0,5,4,13,0,21,6,3,2,1,3,d2:1;d4:1;d5:1
10197,10,True,9,0,2,5,4,0,1,4,3,1,2,2,d1:1;d3:1;d4:1
10199,22,True,21,0,3,3,5,0,5,4,2,1,1,2,d1:1;d3:1
10201,9,True,8,0,0,-1,0,0,-1,0,0,0,0,0,none
10203,29,True,28,0,4,24,12,0,20,6,3,2,1,3,d2:1;d4:1;d5:1
10205,16,True,15,0,4,7,2,0,5,8,5,1,4,2,d1:1;d3:1;d4:1;d6:1;d8:1
10207,14,True,13,0,5,1,2,0,3,9,6,1,5,2,d1:1;d3:1;d4:1;d6:1;d8:1;d9:1
10209,20,True,19,0,1,4,2,0,2,4,2,1,1,2,d2:1;d4:1
10211,10,True,9,0,1,3,2,0,1,3,2,1,1,2,d1:1;d3:1
10213,33,True,32,0,7,3,14,0,7,6,3,1,2,2,d1:1;d3:1;d5:1
10215,23,True,22,0,4,1,3,0,12,3,2,1,1,2,d1:1;d3:1
10217,16,True,15,0,3,7,6,0,5,4,2,1,1,2,d1:1;d3:1
10219,15,True,14,0,2,3,1,0,5,9,5,3,2,4,d2:1;d4:1;d5:1;d7:1;d9:1
10221,13,True,12,0,1,6,2,0,4,3,2,1,1,2,d2:1;d3:1
10223,31,True,30,0,6,1,11,0,5,6,3,1,2,2,d1:1;d3:1;d5:1
10225,11,True,10,0,0,-1,0,0,-1,0,0,0,0,0,none
10227,26,True,25,0,3,21,9,0,17,6,3,2,1,3,d2:1;d4:1;d5:1
10229,22,True,21,0,4,5,9,0,3,3,2,1,1,2,d1:1;d3:1
10231,13,True,12,0,0,-1,0,0,-1,0,0,0,0,0,none
10233,31,True,30,0,5,3,13,0,22,6,3,2,1,3,d2:1;d4:1;d5:1
10235,22,True,21,0,4,9,6,0,4,5,3,1,2,2,d1:1;d2:1;d4:1
10237,20,True,19,0,6,8,7,0,5,3,2,1,1,2,d1:1;d2:1
10239,34,True,33,0,5,6,9,0,0,11,6,1,5,2,d2:1;d4:1;d5:1;d7:1;d9:1;d10:1
10241,29,True,28,0,5,11,13,0,20,6,3,2,1,3,d2:1;d4:1;d5:1
10243,9,True,8,0,0,-1,0,0,-1,0,0,0,0,0,none
10245,29,True,28,0,5,25,13,0,20,6,3,2,1,3,d2:1;d4:1;d5:1
10247,8,True,7,0,1,1,1,0,0,3,2,1,1,2,d1:1;d2:1
10249,14,True,13,0,1,2,1,0,1,3,2,1,1,2,d2:1;d3:1
10251,28,True,27,0,5,24,13,0,19,6,3,2,1,3,d2:1;d4:1;d5:1
10253,13,True,12,0,1,10,1,0,9,3,2,1,1,2,d2:1;d3:1
10255,27,True,26,0,5,23,13,0,18,6,3,2,1,3,d2:1;d4:1;d5:1
10257,13,True,12,0,1,10,1,0,9,3,2,1,1,2,d2:1;d3:1
10259,27,True,26,0,5,23,13,0,18,6,3,2,1,3,d2:1;d4:1;d5:1
10261,11,True,10,0,1,8,1,0,7,3,2,1,1,2,d2:1;d3:1
10263,11,True,10,0,1,8,1,0,7,3,2,1,1,2,d2:1;d3:1
10265,24,True,23,0,3,6,9,0,15,6,3,2,1,3,d2:1;d4:1;d5:1
10267,25,True,24,0,5,2,13,0,16,6,3,2,1,3,d2:1;d4:1;d5:1
10269,26,True,25,0,5,2,13,0,17,6,3,2,1,3,d2:1;d4:1;d5:1
10271,10,True,9,0,2,2,2,0,0,5,3,1,2,2,d1:1;d3:1;d4:1
10273,26,True,25,0,5,22,13,0,17,6,3,2,1,3,d2:1;d4:1;d5:1
10275,10,True,9,0,1,7,1,0,6,3,2,1,1,2,d2:1;d3:1
10277,12,True,11,0,1,2,1,0,1,3,2,1,1,2,d2:1;d3:1
10279,24,True,23,0,5,1,13,0,15,6,3,2,1,3,d2:1;d4:1;d5:1
10281,22,True,21,0,2,4,6,0,1,5,3,1,2,2,d2:1;d4:1;d5:1
10283,16,True,15,0,1,5,1,0,4,3,2,1,1,2,d2:1;d3:1
10285,12,True,11,0,1,9,1,0,8,3,2,1,1,2,d2:1;d3:1
10287,25,True,24,0,5,3,13,0,16,6,3,2,1,3,d2:1;d4:1;d5:1
10289,12,True,11,0,1,4,2,0,2,3,2,1,1,2,d1:1;d3:1
10291,12,True,11,0,0,-1,0,0,-1,0,0,0,0,0,none
10293,7,True,6,0,0,-1,0,0,-1,0,0,0,0,0,none
10295,19,True,18,0,2,5,4,0,2,3,2,1,1,2,d1:1;d3:1
10297,12,True,11,0,1,2,1,0,1,2,2,1,1,2,d1:1;d2:1
10299,10,True,9,0,0,-1,0,0,-1,0,0,0,0,0,none
10301,25,True,24,0,5,4,13,0,16,6,3,2,1,3,d2:1;d4:1;d5:1
10303,14,True,13,0,1,2,3,0,1,4,3,2,1,3,d1:1;d3:1;d4:1
10305,25,True,24,0,5,21,13,0,16,6,3,2,1,3,d2:1;d4:1;d5:1
10307,24,True,23,0,5,20,13,0,15,6,3,2,1,3,d2:1;d4:1;d5:1
10309,7,True,6,0,0,-1,0,0,-1,0,0,0,0,0,none
10311,17,True,16,0,1,1,2,0,0,3,2,1,1,2,d1:1;d2:1
10313,13,True,12,0,1,10,1,0,9,3,2,1,1,2,d2:1;d3:1
10315,6,True,5,0,0,-1,0,0,-1,0,0,0,0,0,none
10317,26,True,25,0,4,21,12,0,17,6,3,2,1,3,d2:1;d4:1;d5:1
10319,26,True,25,0,4,21,12,0,17,6,3,2,1,3,d2:1;d4:1;d5:1
10321,25,True,24,0,4,20,12,0,16,6,3,2,1,3,d2:1;d4:1;d5:1
10323,23,True,22,0,1,2,1,0,1,4,2,1,1,2,d2:1;d4:1
10325,17,True,16,0,3,12,9,0,8,6,3,2,1,3,d2:1;d4:1;d5:1
10327,12,True,11,0,1,9,1,0,8,3,2,1,1,2,d2:1;d3:1
10329,12,True,11,0,1,9,1,0,8,3,2,1,1,2,d2:1;d3:1
10331,28,True,27,0,7,11,10,0,6,5,2,1,1,2,d2:1;d4:1
10333,13,True,12,0,1,10,1,0,9,3,2,1,1,2,d2:1;d3:1
10335,27,True,26,0,4,8,12,0,18,6,3,2,1,3,d2:1;d4:1;d5:1
10337,27,True,26,0,5,23,13,0,18,6,3,2,1,3,d2:1;d4:1;d5:1
10339,11,True,10,0,1,8,1,0,7,3,2,1,1,2,d2:1;d3:1
10341,12,True,11,0,1,9,1,0,8,3,2,1,1,2,d2:1;d3:1
10343,18,True,17,0,2,4,4,0,1,4,2,1,1,2,d1:1;d3:1
10345,24,True,23,0,4,2,12,0,15,6,3,2,1,3,d2:1;d4:1;d5:1
10347,21,True,20,0,2,16,6,0,12,6,3,2,1,3,d2:1;d4:1;d5:1
10349,24,True,23,0,4,19,12,0,15,6,3,2,1,3,d2:1;d4:1;d5:1
10351,21,True,20,0,2,6,6,0,2,3,2,1,1,2,d2:1;d3:1
10353,17,True,16,0,3,12,9,0,8,6,3,2,1,3,d2:1;d4:1;d5:1
10355,14,True,13,0,1,11,1,0,10,3,2,1,1,2,d2:1;d3:1
10357,10,True,9,0,1,2,1,0,1,2,2,1,1,2,d1:1;d2:1
10359,18,True,17,0,4,5,3,0,7,3,2,1,1,2,d1:1;d3:1
10361,19,True,18,0,4,3,3,0,8,3,2,1,1,2,d1:1;d3:1
10363,19,True,18,0,4,6,3,0,8,3,2,1,1,2,d1:1;d3:1
10365,12,True,11,0,2,3,2,0,1,4,3,1,2,2,d1:1;d3:1;d4:1
10367,28,True,27,0,4,11,11,0,2,6,3,1,2,2,d1:1;d3:1;d5:1
10369,17,True,16,0,1,5,1,0,4,2,2,1,1,2,d1:1;d2:1
10371,9,True,8,0,0,-1,0,0,-1,0,0,0,0,0,none
10373,10,True,9,0,0,-1,0,0,-1,0,0,0,0,0,none
10375,16,True,15,0,1,1,1,0,0,3,2,1,1,2,d1:1;d2:1
10377,18,True,17,0,2,4,3,0,2,4,3,2,1,3,d1:1;d2:1;d4:1
10379,36,True,35,0,6,5,17,0,19,3,2,1,1,2,d1:1;d3:1
10381,18,True,17,0,3,13,9,0,9,6,3,2,1,3,d2:1;d4:1;d5:1
10383,13,True,12,0,0,-1,0,0,-1,0,0,0,0,0,none
10385,18,True,17,0,1,12,1,0,11,2,2,1,1,2,d1:1;d2:1
10387,17,True,16,0,1,11,1,0,10,2,2,1,1,2,d1:1;d2:1
10389,23,True,22,0,5,5,13,0,14,6,3,2,1,3,d2:1;d4:1;d5:1
10391,16,True,15,0,3,11,9,0,7,6,3,2,1,3,d2:1;d4:1;d5:1
10393,25,True,24,0,5,7,13,0,16,6,3,2,1,3,d2:1;d4:1;d5:1
10395,16,True,15,0,1,2,1,0,1,4,2,1,1,2,d2:1;d4:1
10397,24,True,23,0,5,2,13,0,15,6,3,2,1,3,d2:1;d4:1;d5:1
10399,14,True,13,0,2,1,1,0,0,5,3,1,2,2,d1:1;d3:1;d4:1
10401,25,True,24,0,4,20,12,0,16,6,3,2,1,3,d2:1;d4:1;d5:1
10403,23,True,22,0,5,19,13,0,14,6,3,2,1,3,d2:1;d4:1;d5:1
10405,29,True,28,0,3,6,9,0,20,6,3,2,1,3,d2:1;d4:1;d5:1
10407,19,True,18,0,2,7,7,0,2,4,2,1,1,2,d2:1;d3:1
10409,14,True,13,0,4,3,2,0,1,7,5,1,4,2,d1:1;d2:1;d4:1;d6:1;d7:1
10411,25,True,24,0,4,6,12,0,16,6,3,2,1,3,d2:1;d4:1;d5:1
10413,18,True,17,0,3,13,9,0,9,6,3,2,1,3,d2:1;d4:1;d5:1
10415,42,True,41,0,4,1,12,0,33,6,3,2,1,3,d2:1;d4:1;d5:1
10417,10,True,9,0,0,-1,0,0,-1,0,0,0,0,0,none
10419,9,True,8,0,0,-1,0,0,-1,0,0,0,0,0,none
10421,18,True,17,0,2,6,6,0,9,6,3,2,1,3,d2:1;d4:1;d5:1
10423,23,True,22,0,2,4,6,0,7,2,2,1,1,2,d1:1;d2:1
10425,9,True,8,0,1,2,1,0,1,2,2,1,1,2,d1:1;d2:1
10427,19,True,18,0,1,4,3,0,2,3,2,1,1,2,d1:1;d3:1
10429,17,True,16,0,2,3,3,0,5,5,3,1,2,2,d1:1;d3:1;d5:1
10431,16,True,15,0,2,1,3,0,0,6,3,1,2,2,d2:1;d4:1;d5:1
10433,28,True,27,0,4,23,12,0,19,6,3,2,1,3,d2:1;d4:1;d5:1
10435,26,True,25,0,4,21,12,0,17,6,3,2,1,3,d2:1;d4:1;d5:1
10437,10,True,9,0,1,3,1,0,2,4,2,1,1,2,d2:1;d4:1
10439,19,True,18,0,1,1,1,0,0,3,2,1,1,2,d1:1;d2:1
10441,17,True,16,0,2,5,6,0,8,6,3,2,1,3,d2:1;d4:1;d5:1
10443,12,True,11,0,1,4,1,0,3,4,2,1,1,2,d2:1;d3:1
10445,11,True,10,0,1,8,1,0,7,3,2,1,1,2,d2:1;d3:1
10447,11,True,10,0,1,4,3,0,1,3,2,1,1,2,d1:1;d3:1
10449,16,True,15,0,1,7,2,0,5,3,2,1,1,2,d1:1;d3:1
10451,15,True,14,0,1,6,2,0,4,3,2,1,1,2,d1:1;d3:1
10453,5,True,4,0,0,-1,0,0,-1,0,0,0,0,0,none
10455,10,True,9,0,1,7,1,0,6,3,2,1,1,2,d2:1;d3:1
10457,10,True,9,0,1,7,1,0,6,3,2,1,1,2,d2:1;d3:1
10459,24,True,23,0,4,19,12,0,15,6,3,2,1,3,d2:1;d4:1;d5:1
10461,29,True,28,0,4,7,9,0,3,6,3,1,2,2,d1:1;d3:1;d5:1
10463,24,True,23,0,1,1,1,0,0,5,3,2,1,3,d1:1;d3:1;d4:1
10465,24,True,23,0,4,6,4,0,2,8,5,1,4,2,d1:1;d3:1;d4:1;d6:1;d8:1
10467,4,True,3,0,0,-1,0,0,-1,0,0,0,0,0,none
10469,18,True,17,0,1,2,1,0,1,2,2,1,1,2,d1:1;d2:1
10471,16,True,15,0,1,2,2,0,0,3,2,1,1,2,d1:1;d2:1
10473,17,True,16,0,2,2,1,0,1,4,3,1,2,2,d1:1;d3:1;d4:1
10475,18,True,17,0,0,-1,0,0,-1,0,0,0,0,0,none
10477,18,True,17,0,2,13,6,0,9,6,3,2,1,3,d2:1;d4:1;d5:1
10479,23,True,22,0,3,4,4,0,1,5,3,1,2,2,d2:1;d3:1;d5:1
10481,26,True,25,0,4,7,12,0,17,6,3,2,1,3,d2:1;d4:1;d5:1
10483,16,True,15,0,2,6,2,0,5,3,2,1,1,2,d1:1;d2:1
10485,24,True,23,0,4,5,12,0,15,6,3,2,1,3,d2:1;d4:1;d5:1
10487,12,True,11,0,1,5,1,0,4,2,2,1,1,2,d1:1;d2:1
10489,12,True,11,0,1,2,1,0,1,2,2,1,1,2,d1:1;d2:1
10491,14,True,13,0,1,5,3,0,2,5,3,2,1,3,d2:1;d3:1;d5:1
10493,16,True,15,0,2,11,6,0,7,6,3,2,1,3,d2:1;d4:1;d5:1
10495,15,True,14,0,2,2,2,0,0,8,5,3,2,4,d1:1;d2:1;d4:1;d6:1;d7:1
10497,27,True,26,0,4,8,12,0,18,6,3,2,1,3,d2:1;d4:1;d5:1
10499,24,True,23,0,4,11,8,0,7,6,4,2,2,3,d1:1;d3:1;d5:1;d6:1
10501,7,True,6,0,0,-1,0,0,-1,0,0,0,0,0,none
10503,24,True,23,0,3,1,7,0,7,6,4,2,2,3,d1:1;d3:1;d5:1;d6:1
10505,26,True,25,0,4,3,12,0,17,6,3,2,1,3,d2:1;d4:1;d5:1
10507,26,True,25,0,4,5,12,0,17,6,3,2,1,3,d2:1;d4:1;d5:1
10509,6,True,5,0,0,-1,0,0,-1,0,0,0,0,0,none
10511,13,True,12,0,4,4,3,0,2,3,2,1,1,2,d1:1;d3:1
10513,7,True,6,0,0,-1,0,0,-1,0,0,0,0,0,none
10515,25,True,24,0,4,8,9,0,2,9,5,1,4,2,d2:1;d4:1;d6:1;d7:1;d9:1
10517,12,True,11,0,1,6,1,0,5,2,2,1,1,2,d1:1;d2:1
10519,17,True,16,0,2,12,6,0,8,6,3,2,1,3,d2:1;d4:1;d5:1
10521,17,True,16,0,2,12,6,0,8,6,3,2,1,3,d2:1;d4:1;d5:1
10523,26,True,25,0,3,9,9,0,7,4,3,1,2,2,d1:1;d3:1;d4:1
10525,31,True,30,0,6,2,17,0,14,3,2,1,1,2,d1:1;d3:1
10527,15,True,14,0,2,1,2,0,0,5,3,1,2,2,d1:1;d3:1;d4:1
10529,10,True,9,0,0,-1,0,0,-1,0,0,0,0,0,none
10531,8,True,7,0,0,-1,0,0,-1,0,0,0,0,0,none
10533,8,True,7,0,0,-1,0,0,-1,0,0,0,0,0,none
10535,31,True,30,0,5,1,17,0,14,3,2,1,1,2,d1:1;d3:1
10537,15,True,14,0,1,2,4,0,1,5,3,2,1,3,d2:1;d4:1;d5:1
10539,30,True,29,0,4,4,9,0,13,3,2,1,1,2,d1:1;d3:1
10541,12,True,11,0,1,6,1,0,5,2,2,1,1,2,d1:1;d2:1
10543,26,True,25,0,4,2,9,0,4,8,5,1,4,2,d1:1;d2:1;d4:1;d6:1;d8:1
10545,26,True,25,0,3,6,9,0,17,6,3,2,1,3,d2:1;d4:1;d5:1
10547,26,True,25,0,3,6,9,0,17,6,3,2,1,3,d2:1;d4:1;d5:1
10549,12,True,11,0,1,6,1,0,5,2,2,1,1,2,d1:1;d2:1
10551,18,True,17,0,2,13,6,0,9,6,3,2,1,3,d2:1;d4:1;d5:1
10553,19,True,18,0,1,2,2,0,1,2,2,1,1,2,d1:1;d2:1
10555,24,True,23,0,3,4,9,0,15,6,3,2,1,3,d2:1;d4:1;d5:1
10557,25,True,24,0,3,5,9,0,16,6,3,2,1,3,d2:1;d4:1;d5:1
10559,12,True,11,0,1,2,2,0,0,6,3,2,1,3,d2:1;d4:1;d5:1
10561,13,True,12,0,1,7,1,0,6,2,2,1,1,2,d1:1;d2:1
10563,10,True,9,0,1,7,1,0,6,3,2,1,1,2,d2:1;d3:1
10565,19,True,18,0,2,8,6,0,3,3,2,1,1,2,d1:1;d2:1
10567,10,True,9,0,1,1,1,0,0,3,2,1,1,2,d1:1;d2:1
10569,12,True,11,0,1,9,1,0,8,3,2,1,1,2,d2:1;d3:1
10571,19,True,18,0,2,8,5,0,10,4,3,1,2,2,d1:1;d3:1;d4:1
10573,19,True,18,0,2,8,5,0,10,4,3,1,2,2,d1:1;d3:1;d4:1
10575,12,True,11,0,1,6,1,0,5,2,2,1,1,2,d1:1;d2:1
10577,10,True,9,0,2,3,1,0,2,5,3,1,2,2,d1:1;d3:1;d5:1
10579,9,True,8,0,2,2,1,0,1,6,4,2,2,3,d1:1;d2:1;d4:1;d6:1
10581,18,True,17,0,5,14,13,0,9,6,3,2,1,3,d2:1;d4:1;d5:1
10583,11,True,10,0,1,5,1,0,4,2,2,1,1,2,d1:1;d2:1
10585,25,True,24,0,3,7,9,0,16,6,3,2,1,3,d2:1;d4:1;d5:1
10587,23,True,22,0,4,2,4,0,12,8,5,1,4,2,d1:1;d3:1;d4:1;d6:1;d8:1
10589,11,True,10,0,1,5,1,0,4,2,2,1,1,2,d1:1;d2:1
10591,22,True,21,0,3,4,9,0,13,6,3,2,1,3,d2:1;d4:1;d5:1
10593,23,True,22,0,4,3,2,0,12,8,5,1,4,2,d1:1;d3:1;d4:1;d6:1;d8:1
10595,19,True,18,0,1,5,3,0,2,4,2,1,1,2,d1:1;d3:1
10597,19,True,18,0,1,5,3,0,2,4,2,1,1,2,d1:1;d3:1
10599,27,True,26,0,4,5,10,0,10,4,2,1,1,2,d1:1;d3:1
10601,10,True,9,0,1,4,1,0,3,2,2,1,1,2,d1:1;d2:1
10603,19,True,18,0,3,9,5,0,4,6,4,1,3,2,d1:1;d3:1;d5:1;d6:1
10605,28,True,27,0,3,5,9,0,19,6,3,2,1,3,d2:1;d4:1;d5:1
10607,9,True,8,0,1,1,1,0,0,4,2,1,1,2,d2:1;d3:1
10609,6,True,5,0,0,-1,0,0,-1,0,0,0,0,0,none
10611,19,True,18,0,1,16,1,0,15,3,2,1,1,2,d2:1;d3:1
10613,5,True,4,0,0,-1,0,0,-1,0,0,0,0,0,none
10615,23,True,22,0,3,3,9,0,14,6,3,2,1,3,d2:1;d4:1;d5:1
10617,43,True,42,0,4,20,19,0,2,8,4,1,3,2,d2:1;d4:1;d5:1;d7:1
10619,21,True,20,0,1,6,1,0,5,3,2,1,1,2,d1:1;d3:1
10621,11,True,10,0,0,-1,0,0,-1,0,0,0,0,0,none
10623,18,True,17,0,1,15,1,0,14,3,2,1,1,2,d2:1;d3:1
10625,13,True,12,0,0,-1,0,0,-1,0,0,0,0,0,none
10627,12,True,11,0,0,-1,0,0,-1,0,0,0,0,0,none
10629,11,True,10,0,0,-1,0,0,-1,0,0,0,0,0,none
10631,11,True,10,0,1,1,1,0,0,3,2,1,1,2,d1:1;d2:1
10633,23,True,22,0,3,2,9,0,14,6,3,2,1,3,d2:1;d4:1;d5:1
10635,11,True,10,0,0,-1,0,0,-1,0,0,0,0,0,none
10637,11,True,10,0,0,-1,0,0,-1,0,0,0,0,0,none
10639,11,True,10,0,0,-1,0,0,-1,0,0,0,0,0,none
10641,12,True,11,0,0,-1,0,0,-1,0,0,0,0,0,none
10643,10,True,9,0,0,-1,0,0,-1,0,0,0,0,0,none
10645,11,True,10,0,0,-1,0,0,-1,0,0,0,0,0,none
10647,9,True,8,0,0,-1,0,0,-1,0,0,0,0,0,none
10649,11,True,10,0,0,-1,0,0,-1,0,0,0,0,0,none
10651,19,True,18,0,2,5,3,0,2,6,4,2,2,3,d1:1;d3:1;d5:1;d6:1
10653,17,True,16,0,4,2,2,0,8,7,5,1,4,2,d1:1;d2:1;d4:1;d6:1;d7:1
10655,25,True,24,0,3,3,9,0,16,6,3,2,1,3,d2:1;d4:1;d5:1
10657,17,True,16,0,4,10,2,0,8,7,5,1,4,2,d1:1;d2:1;d4:1;d6:1;d7:1
10659,10,True,9,0,0,-1,0,0,-1,0,0,0,0,0,none
10661,10,True,9,0,1,2,1,0,1,4,3,2,1,3,d1:1;d3:1;d4:1
10663,11,True,10,0,1,2,2,0,0,3,2,1,1,2,d1:1;d2:1
10665,30,True,29,0,5,3,13,0,21,6,3,2,1,3,d2:1;d4:1;d5:1
10667,26,True,25,0,3,21,9,0,17,6,3,2,1,3,d2:1;d4:1;d5:1
10669,10,True,9,0,1,6,1,0,5,2,2,1,1,2,d1:1;d2:1
10671,15,True,14,0,4,1,2,0,6,7,5,1,4,2,d1:1;d2:1;d4:1;d6:1;d7:1
10673,12,True,11,0,0,-1,0,0,-1,0,0,0,0,0,none
10675,11,True,10,0,0,-1,0,0,-1,0,0,0,0,0,none
10677,22,True,21,0,3,5,9,0,3,4,3,1,2,2,d1:1;d3:1;d4:1
10679,9,True,8,0,0,-1,0,0,-1,0,0,0,0,0,none
10681,12,True,11,0,1,2,1,0,1,2,2,1,1,2,d1:1;d2:1
10683,17,True,16,0,1,7,1,0,6,5,3,2,1,3,d2:1;d4:1;d5:1
10685,10,True,9,0,1,5,4,0,1,3,2,1,1,2,d2:1;d3:1
10687,17,True,16,0,3,4,4,0,1,3,2,1,1,2,d2:1;d3:1
10689,23,True,22,0,3,5,9,0,14,6,3,2,1,3,d2:1;d4:1;d5:1
10691,25,True,24,0,4,5,9,0,8,3,2,1,1,2,d1:1;d3:1
10693,19,True,18,0,4,14,12,0,10,6,3,2,1,3,d2:1;d4:1;d5:1
10695,13,True,12,0,4,1,2,0,5,4,2,1,1,2,d2:1;d3:1
10697,33,True,32,0,4,11,12,0,24,6,3,2,1,3,d2:1;d4:1;d5:1
10699,9,True,8,0,0,-1,0,0,-1,0,0,0,0,0,none
10701,9,True,8,0,1,5,1,0,4,4,3,2,1,3,d1:1;d2:1;d4:1
10703,33,True,32,0,5,7,13,0,24,6,3,2,1,3,d2:1;d4:1;d5:1
10705,8,True,7,0,1,4,1,0,3,4,3,2,1,3,d1:1;d2:1;d4:1
10707,8,True,7,0,1,2,1,0,1,3,2,1,1,2,d1:1;d3:1
10709,12,True,11,0,2,7,6,0,3,6,3,2,1,3,d2:1;d4:1;d5:1
10711,21,True,20,0,1,3,3,0,2,2,2,1,1,2,d1:1;d2:1
10713,6,True,5,0,0,-1,0,0,-1,0,0,0,0,0,none
10715,33,True,32,0,4,6,12,0,24,6,3,2,1,3,d2:1;d4:1;d5:1
10717,6,True,5,0,0,-1,0,0,-1,0,0,0,0,0,none
10719,31,True,30,0,4,2,12,0,22,6,3,2,1,3,d2:1;d4:1;d5:1
10721,22,True,21,0,1,6,2,0,4,4,2,1,1,2,d2:1;d4:1
10723,12,True,11,0,1,5,2,0,3,6,3,2,1,3,d2:1;d4:1;d5:1
10725,8,True,7,0,1,2,1,0,1,2,2,1,1,2,d1:1;d2:1
10727,19,True,18,0,2,1,2,0,6,5,3,1,2,2,d1:1;d3:1;d4:1
10729,7,True,6,0,2,3,2,0,1,4,3,1,2,2,d1:1;d3:1;d4:1
10731,7,True,6,0,0,-1,0,0,-1,0,0,0,0,0,none
10733,14,True,13,0,2,9,4,0,5,4,3,1,2,2,d1:1;d3:1;d4:1
10735,15,True,14,0,2,2,2,0,1,3,2,1,1,2,d1:1;d3:1
10737,13,True,12,0,1,6,2,0,4,6,3,2,1,3,d2:1;d4:1;d5:1
10739,13,True,12,0,2,8,4,0,4,4,3,1,2,2,d1:1;d3:1;d4:1
10741,17,True,16,0,4,5,4,0,6,8,5,1,4,2,d1:1;d3:1;d4:1;d6:1;d8:1
10743,24,True,23,0,3,5,5,0,7,4,2,1,1,2,d1:1;d3:1
10745,12,True,11,0,1,3,2,0,1,2,2,1,1,2,d1:1;d2:1
10747,18,True,17,0,4,9,2,0,7,8,5,1,4,2,d1:1;d3:1;d4:1;d6:1;d8:1
10749,17,True,16,0,4,3,2,0,6,8,5,1,4,2,d1:1;d3:1;d4:1;d6:1;d8:1
10751,30,True,29,0,4,6,12,0,0,9,5,1,4,2,d2:1;d3:1;d5:1;d7:1;d8:1
10753,15,True,14,0,1,8,2,0,6,3,2,1,1,2,d1:1;d3:1
10755,13,True,12,0,1,6,2,0,4,5,3,2,1,3,d2:1;d4:1;d5:1
10757,15,True,14,0,1,5,2,0,3,4,2,1,1,2,d1:1;d3:1
10759,36,True,35,0,7,1,14,0,10,6,3,1,2,2,d1:1;d3:1;d5:1
10761,13,True,12,0,1,2,2,0,1,3,2,1,1,2,d2:1;d3:1
10763,15,True,14,0,1,5,2,0,3,3,2,1,1,2,d1:1;d3:1
10765,20,True,19,0,3,15,9,0,11,6,3,2,1,3,d2:1;d4:1;d5:1
10767,13,True,12,0,1,2,2,0,1,4,3,2,1,3,d1:1;d2:1;d4:1
10769,20,True,19,0,3,15,9,0,11,6,3,2,1,3,d2:1;d4:1;d5:1
10771,29,True,28,0,3,7,9,0,20,6,3,2,1,3,d2:1;d4:1;d5:1
10773,14,True,13,0,1,11,1,0,10,3,2,1,1,2,d2:1;d3:1
10775,24,True,23,0,3,7,9,0,3,8,5,2,3,3,d1:1;d2:1;d4:1;d6:1;d7:1
10777,24,True,23,0,3,7,9,0,3,8,5,2,3,3,d1:1;d2:1;d4:1;d6:1;d7:1
10779,23,True,22,0,3,6,9,0,4,3,2,1,1,2,d1:1;d3:1
10781,6,True,5,0,1,2,1,0,1,2,2,1,1,2,d1:1;d2:1
10783,24,True,23,0,3,2,9,0,15,6,3,2,1,3,d2:1;d4:1;d5:1
10785,6,True,5,0,0,-1,0,0,-1,0,0,0,0,0,none
10787,14,True,13,0,1,11,1,0,10,3,2,1,1,2,d2:1;d3:1
10789,30,True,29,0,5,2,13,0,21,6,3,2,1,3,d2:1;d4:1;d5:1
10791,31,True,30,0,5,1,13,0,22,6,3,2,1,3,d2:1;d4:1;d5:1
10793,21,True,20,0,5,4,7,0,8,4,3,1,2,2,d1:1;d2:1;d4:1
10795,14,True,13,0,1,11,1,0,10,3,2,1,1,2,d2:1;d3:1
10797,15,True,14,0,1,12,1,0,11,3,2,1,1,2,d2:1;d3:1
10799,29,True,28,0,5,2,13,0,20,6,3,2,1,3,d2:1;d4:1;d5:1
10801,29,True,28,0,5,5,13,0,20,6,3,2,1,3,d2:1;d4:1;d5:1
10803,29,True,28,0,5,4,13,0,20,6,3,2,1,3,d2:1;d4:1;d5:1
10805,18,True,17,0,3,13,9,0,9,6,3,2,1,3,d2:1;d4:1;d5:1
10807,13,True,12,0,2,2,1,0,1,5,3,1,2,2,d1:1;d2:1;d4:1
10809,16,True,15,0,1,2,1,0,1,2,2,1,1,2,d1:1;d2:1
10811,13,True,12,0,1,10,1,0,9,3,2,1,1,2,d2:1;d3:1
10813,27,True,26,0,5,3,13,0,18,6,3,2,1,3,d2:1;d4:1;d5:1
10815,11,True,10,0,1,8,1,0,7,3,2,1,1,2,d2:1;d3:1
10817,21,True,20,0,3,16,9,0,12,6,3,2,1,3,d2:1;d4:1;d5:1
10819,19,True,18,0,3,14,9,0,10,6,3,2,1,3,d2:1;d4:1;d5:1
10821,10,True,9,0,0,-1,0,0,-1,0,0,0,0,0,none
10823,13,True,12,0,1,1,1,0,0,3,2,1,1,2,d1:1;d2:1
10825,14,True,13,0,1,4,1,0,3,3,2,1,1,2,d2:1;d3:1
10827,9,True,8,0,0,-1,0,0,-1,0,0,0,0,0,none
10829,10,True,9,0,0,-1,0,0,-1,0,0,0,0,0,none
10831,9,True,8,0,0,-1,0,0,-1,0,0,0,0,0,none
10833,13,True,12,0,1,3,1,0,2,3,2,1,1,2,d1:1;d3:1
10835,12,True,11,0,1,9,1,0,8,3,2,1,1,2,d2:1;d3:1
10837,10,True,9,0,4,3,2,0,1,7,5,1,4,2,d1:1;d2:1;d4:1;d6:1;d7:1
10839,9,True,8,0,0,-1,0,0,-1,0,0,0,0,0,none
10841,21,True,20,0,4,11,9,0,4,3,2,1,1,2,d1:1;d3:1
10843,28,True,27,0,5,5,13,0,19,6,3,2,1,3,d2:1;d4:1;d5:1
10845,18,True,17,0,3,13,9,0,9,6,3,2,1,3,d2:1;d4:1;d5:1
10847,13,True,12,0,1,3,1,0,2,2,2,1,1,2,d1:1;d2:1
10849,27,True,26,0,5,6,13,0,18,6,3,2,1,3,d2:1;d4:1;d5:1
10851,27,True,26,0,4,5,12,0,18,6,3,2,1,3,d2:1;d4:1;d5:1
10853,28,True,27,0,4,6,12,0,19,6,3,2,1,3,d2:1;d4:1;d5:1
10855,33,True,32,0,4,1,5,0,22,8,5,1,4,2,d1:1;d3:1;d4:1;d6:1;d8:1
10857,26,True,25,0,5,2,13,0,17,6,3,2,1,3,d2:1;d4:1;d5:1
10859,10,True,9,0,0,-1,0,0,-1,0,0,0,0,0,none
10861,15,True,14,0,1,6,4,0,2,4,2,1,1,2,d2:1;d4:1
10863,16,True,15,0,3,3,3,0,4,6,4,1,3,2,d1:1;d3:1;d4:1;d6:1
10865,11,True,10,0,3,3,1,0,2,6,4,1,3,2,d1:1;d2:1;d4:1;d6:1
10867,29,True,28,0,4,4,12,0,20,6,3,2,1,3,d2:1;d4:1;d5:1
10869,16,True,15,0,1,4,3,0,1,2,2,1,1,2,d1:1;d2:1
10871,18,True,17,0,3,13,9,0,9,6,3,2,1,3,d2:1;d4:1;d5:1
10873,25,True,24,0,2,2,4,0,3,5,3,1,2,2,d2:1;d4:1;d5:1
10875,20,True,19,0,3,15,9,0,11,6,3,2,1,3,d2:1;d4:1;d5:1
10877,14,True,13,0,2,3,2,0,1,4,3,1,2,2,d1:1;d3:1;d4:1
10879,21,True,20,0,3,6,6,0,0,7,4,1,3,2,d1:1;d3:1;d5:1;d6:1
10881,31,True,30,0,8,15,12,0,9,5,2,1,1,2,d2:1;d4:1
10883,11,True,10,0,2,3,1,0,2,5,3,1,2,2,d1:1;d2:1;d4:1
10885,15,True,14,0,1,12,1,0,11,3,2,1,1,2,d2:1;d3:1
10887,19,True,18,0,3,1,9,0,10,6,3,2,1,3,d2:1;d4:1;d5:1
10889,28,True,27,0,5,2,13,0,19,6,3,2,1,3,d2:1;d4:1;d5:1
10891,15,True,14,0,1,12,1,0,11,3,2,1,1,2,d2:1;d3:1
10893,10,True,9,0,0,-1,0,0,-1,0,0,0,0,0,none
10895,19,True,18,0,3,6,5,0,2,4,2,1,1,2,d1:1;d3:1
10897,27,True,26,0,4,22,12,0,18,6,3,2,1,3,d2:1;d4:1;d5:1
10899,26,True,25,0,4,21,12,0,17,6,3,2,1,3,d2:1;d4:1;d5:1
10901,12,True,11,0,5,3,2,0,1,9,6,1,5,2,d1:1;d3:1;d4:1;d6:1;d8:1;d9:1
10903,9,True,8,0,0,-1,0,0,-1,0,0,0,0,0,none
10905,17,True,16,0,1,5,1,0,4,2,2,1,1,2,d1:1;d2:1
10907,27,True,26,0,4,2,12,0,18,6,3,2,1,3,d2:1;d4:1;d5:1
10909,21,True,20,0,4,4,3,0,10,3,2,1,1,2,d1:1;d3:1
10911,32,True,31,0,4,7,12,0,23,6,3,2,1,3,d2:1;d4:1;d5:1
10913,22,True,21,0,4,6,3,0,11,3,2,1,1,2,d1:1;d3:1
10915,11,True,10,0,2,2,1,0,1,9,5,3,2,4,d2:1;d4:1;d5:1;d7:1;d9:1
10917,29,True,28,0,7,15,14,0,3,6,3,1,2,2,d1:1;d3:1;d5:1
10919,30,True,29,0,5,12,12,0,5,3,2,1,1,2,d1:1;d3:1
10921,25,True,24,0,8,8,7,0,3,4,2,1,1,2,d1:1;d3:1
10923,14,True,13,0,0,-1,0,0,-1,0,0,0,0,0,none
10925,23,True,22,0,3,18,9,0,14,6,3,2,1,3,d2:1;d4:1;d5:1
10927,12,True,11,0,1,1,1,0,0,4,2,1,1,2,d2:1;d4:1
10929,28,True,27,0,5,10,13,0,19,6,3,2,1,3,d2:1;d4:1;d5:1
10931,27,True,26,0,5,9,13,0,18,6,3,2,1,3,d2:1;d4:1;d5:1
10933,10,True,9,0,0,-1,0,0,-1,0,0,0,0,0,none
10935,20,True,19,0,3,15,9,0,11,6,3,2,1,3,d2:1;d4:1;d5:1
10937,27,True,26,0,5,9,13,0,18,6,3,2,1,3,d2:1;d4:1;d5:1
10939,20,True,19,0,1,14,1,0,13,2,2,1,1,2,d1:1;d2:1
10941,26,True,25,0,5,8,13,0,17,6,3,2,1,3,d2:1;d4:1;d5:1
10943,16,True,15,0,4,7,7,0,3,4,3,1,2,2,d1:1;d2:1;d4:1
10945,10,True,9,0,0,-1,0,0,-1,0,0,0,0,0,none
10947,26,True,25,0,5,2,13,0,17,6,3,2,1,3,d2:1;d4:1;d5:1
10949,9,True,8,0,0,-1,0,0,-1,0,0,0,0,0,none
10951,26,True,25,0,5,1,13,0,17,6,3,2,1,3,d2:1;d4:1;d5:1
10953,8,True,7,0,0,-1,0,0,-1,0,0,0,0,0,none
10955,26,True,25,0,5,22,13,0,17,6,3,2,1,3,d2:1;d4:1;d5:1
10957,9,True,8,0,0,-1,0,0,-1,0,0,0,0,0,none
10959,32,True,31,0,3,5,9,0,23,6,3,2,1,3,d2:1;d4:1;d5:1
10961,9,True,8,0,0,-1,0,0,-1,0,0,0,0,0,none
10963,7,True,6,0,0,-1,0,0,-1,0,0,0,0,0,none
10965,23,True,22,0,5,19,13,0,14,6,3,2,1,3,d2:1;d4:1;d5:1
10967,19,True,18,0,3,14,9,0,10,6,3,2,1,3,d2:1;d4:1;d5:1
10969,8,True,7,0,0,-1,0,0,-1,0,0,0,0,0,none
10971,44,True,43,0,4,3,12,0,35,6,3,2,1,3,d2:1;d4:1;d5:1
10973,21,True,20,0,2,9,6,0,12,6,3,2,1,3,d2:1;d4:1;d5:1
10975,10,True,9,0,1,1,1,0,0,5,3,2,1,3,d1:1;d3:1;d5:1
10977,25,True,24,0,2,5,6,0,2,5,3,1,2,2,d1:1;d3:1;d5:1
10979,22,True,21,0,5,18,13,0,13,6,3,2,1,3,d2:1;d4:1;d5:1
10981,8,True,7,0,0,-1,0,0,-1,0,0,0,0,0,none
10983,19,True,18,0,3,7,7,0,2,4,3,1,2,2,d1:1;d3:1;d4:1
10985,26,True,25,0,5,2,13,0,17,6,3,2,1,3,d2:1;d4:1;d5:1
10987,18,True,17,0,2,9,3,0,6,5,3,1,2,2,d1:1;d3:1;d5:1
10989,13,True,12,0,1,6,1,0,5,4,2,1,1,2,d2:1;d4:1
10991,19,True,18,0,3,5,5,0,1,4,3,1,2,2,d1:1;d2:1;d4:1
10993,23,True,22,0,5,19,13,0,14,6,3,2,1,3,d2:1;d4:1;d5:1
10995,21,True,20,0,2,4,2,0,2,5,3,1,2,2,d1:1;d2:1;d4:1
10997,8,True,7,0,0,-1,0,0,-1,0,0,0,0,0,none
10999,13,True,12,0,1,10,1,0,9,3,2,1,1,2,d2:1;d3:1
11001,13,True,12,0,1,10,1,0,9,3,2,1,1,2,d2:1;d3:1
11003,13,True,12,0,1,5,3,0,2,3,2,1,1,2,d1:1;d3:1
11005,30,True,29,0,4,7,6,0,19,8,5,1,4,2,d1:1;d3:1;d4:1;d6:1;d8:1
11007,12,True,11,0,4,3,3,0,0,8,5,1,4,2,d1:1;d2:1;d4:1;d6:1;d8:1
11009,32,True,31,0,6,11,9,0,6,6,3,1,2,2,d1:1;d3:1;d5:1
11011,31,True,30,0,5,10,9,0,5,6,3,1,2,2,d1:1;d3:1;d5:1
11013,23,True,22,0,5,19,13,0,14,6,3,2,1,3,d2:1;d4:1;d5:1
11015,12,True,11,0,1,1,1,0,0,3,2,1,1,2,d1:1;d3:1
11017,27,True,26,0,4,22,12,0,18,6,3,2,1,3,d2:1;d4:1;d5:1
11019,27,True,26,0,2,6,3,0,3,5,3,1,2,2,d2:1;d3:1;d5:1
11021,28,True,27,0,4,3,12,0,19,6,3,2,1,3,d2:1;d4:1;d5:1
11023,20,True,19,0,5,16,13,0,11,6,3,2,1,3,d2:1;d4:1;d5:1
11025,29,True,28,0,4,6,12,0,20,6,3,2,1,3,d2:1;d4:1;d5:1
11027,20,True,19,0,1,4,1,0,3,2,2,1,1,2,d1:1;d2:1
11029,22,True,21,0,4,17,12,0,13,6,3,2,1,3,d2:1;d4:1;d5:1
11031,26,True,25,0,4,3,12,0,17,6,3,2,1,3,d2:1;d4:1;d5:1
11033,20,True,19,0,1,5,3,0,2,4,2,1,1,2,d1:1;d3:1
11035,17,True,16,0,3,2,1,0,1,7,4,1,3,2,d2:1;d3:1;d5:1;d7:1
11037,27,True,26,0,4,8,12,0,18,6,3,2,1,3,d2:1;d4:1;d5:1
11039,25,True,24,0,3,1,4,0,3,5,3,1,2,2,d2:1;d3:1;d5:1
11041,27,True,26,0,4,8,12,0,18,6,3,2,1,3,d2:1;d4:1;d5:1
11043,22,True,21,0,5,18,13,0,13,6,3,2,1,3,d2:1;d4:1;d5:1
11045,21,True,20,0,5,17,13,0,12,6,3,2,1,3,d2:1;d4:1;d5:1
11047,14,True,13,0,1,1,1,0,0,3,2,1,1,2,d1:1;d3:1
11049,13,True,12,0,1,3,1,0,2,2,2,1,1,2,d1:1;d2:1
11051,19,True,18,0,2,14,6,0,10,6,3,2,1,3,d2:1;d4:1;d5:1
11053,9,True,8,0,0,-1,0,0,-1,0,0,0,0,0,none
11055,19,True,18,0,3,2,3,0,3,6,4,1,3,2,d1:1;d3:1;d5:1;d6:1
11057,9,True,8,0,0,-1,0,0,-1,0,0,0,0,0,none
11059,9,True,8,0,0,-1,0,0,-1,0,0,0,0,0,none
11061,22,True,21,0,4,17,12,0,13,6,3,2,1,3,d2:1;d4:1;d5:1
11063,8,True,7,0,0,-1,0,0,-1,0,0,0,0,0,none
11065,29,True,28,0,4,6,12,0,20,6,3,2,1,3,d2:1;d4:1;d5:1
11067,7,True,6,0,0,-1,0,0,-1,0,0,0,0,0,none
11069,16,True,15,0,4,3,3,0,5,3,2,1,1,2,d1:1;d3:1
11071,21,True,20,0,4,4,4,0,12,7,5,1,4,2,d1:1;d2:1;d4:1;d6:1;d7:1
11073,22,True,21,0,4,17,12,0,13,6,3,2,1,3,d2:1;d4:1;d5:1
11075,15,True,14,0,1,9,1,0,8,2,2,1,1,2,d1:1;d2:1
11077,15,True,14,0,1,9,1,0,8,2,2,1,1,2,d1:1;d2:1
11079,8,True,7,0,1,1,2,0,0,3,2,1,1,2,d1:1;d3:1
11081,14,True,13,0,1,8,1,0,7,2,2,1,1,2,d1:1;d2:1
11083,15,True,14,0,1,9,1,0,8,2,2,1,1,2,d1:1;d2:1
11085,14,True,13,0,1,8,1,0,7,2,2,1,1,2,d1:1;d2:1
11087,33,True,32,0,6,4,17,0,16,3,2,1,1,2,d1:1;d3:1
11089,12,True,11,0,1,4,2,0,2,4,2,1,1,2,d2:1;d4:1
11091,10,True,9,0,0,-1,0,0,-1,0,0,0,0,0,none
11093,8,True,7,0,1,5,1,0,4,3,2,1,1,2,d2:1;d3:1
11095,10,True,9,0,0,-1,0,0,-1,0,0,0,0,0,none
11097,14,True,13,0,1,8,1,0,7,2,2,1,1,2,d1:1;d2:1
11099,18,True,17,0,1,2,4,0,1,3,2,1,1,2,d1:1;d3:1
11101,14,True,13,0,1,8,1,0,7,2,2,1,1,2,d1:1;d2:1
11103,12,True,11,0,1,6,1,0,5,2,2,1,1,2,d1:1;d2:1
11105,29,True,28,0,4,6,9,0,7,8,5,1,4,2,d1:1;d2:1;d4:1;d6:1;d8:1
11107,21,True,20,0,4,16,12,0,12,6,3,2,1,3,d2:1;d4:1;d5:1
11109,21,True,20,0,4,16,12,0,12,6,3,2,1,3,d2:1;d4:1;d5:1
11111,7,True,6,0,2,2,2,0,1,6,3,2,1,3,d2:1;d3:1;d5:1
11113,20,True,19,0,2,5,6,0,11,6,3,2,1,3,d2:1;d4:1;d5:1
11115,27,True,26,0,3,4,9,0,18,6,3,2,1,3,d2:1;d4:1;d5:1
11117,27,True,26,0,3,7,9,0,18,6,3,2,1,3,d2:1;d4:1;d5:1
11119,26,True,25,0,3,1,9,0,17,6,3,2,1,3,d2:1;d4:1;d5:1
11121,21,True,20,0,5,3,13,0,12,6,3,2,1,3,d2:1;d4:1;d5:1
11123,21,True,20,0,4,16,12,0,12,6,3,2,1,3,d2:1;d4:1;d5:1
11125,21,True,20,0,5,17,13,0,12,6,3,2,1,3,d2:1;d4:1;d5:1
11127,22,True,21,0,2,11,6,0,6,3,2,1,1,2,d1:1;d2:1
11129,13,True,12,0,1,3,1,0,2,4,2,1,1,2,d1:1;d3:1
11131,13,True,12,0,1,4,1,0,3,3,2,1,1,2,d1:1;d2:1
11133,20,True,19,0,2,9,6,0,4,2,2,1,1,2,d1:1;d2:1
11135,39,True,38,0,4,5,12,0,30,6,3,2,1,3,d2:1;d4:1;d5:1
11137,16,True,15,0,1,7,3,0,4,3,2,1,1,2,d1:1;d2:1
11139,20,True,19,0,5,16,13,0,11,6,3,2,1,3,d2:1;d4:1;d5:1
11141,14,True,13,0,2,5,3,0,2,5,3,1,2,2,d1:1;d3:1;d5:1
11143,20,True,19,0,5,1,13,0,11,6,3,2,1,3,d2:1;d4:1;d5:1
11145,27,True,26,0,5,10,7,0,4,5,3,2,1,3,d1:1;d2:1;d4:1
11147,13,True,12,0,1,7,1,0,6,2,2,1,1,2,d1:1;d2:1
11149,8,True,7,0,1,5,1,0,4,3,2,1,1,2,d2:1;d3:1
11151,14,True,13,0,1,8,1,0,7,2,2,1,1,2,d1:1;d2:1
11153,10,True,9,0,0,-1,0,0,-1,0,0,0,0,0,none
11155,8,True,7,0,0,-1,0,0,-1,0,0,0,0,0,none
11157,22,True,21,0,4,17,12,0,13,6,3,2,1,3,d2:1;d4:1;d5:1
11159,8,True,7,0,0,-1,0,0,-1,0,0,0,0,0,none
11161,9,True,8,0,0,-1,0,0,-1,0,0,0,0,0,none
11163,20,True,19,0,1,6,3,0,3,4,2,1,1,2,d1:1;d3:1
11165,12,True,11,0,1,6,1,0,5,2,2,1,1,2,d1:1;d2:1
11167,12,True,11,0,2,1,1,0,0,5,3,1,2,2,d1:1;d3:1;d5:1
11169,31,True,30,0,3,8,9,0,22,6,3,2,1,3,d2:1;d4:1;d5:1
11171,21,True,20,0,4,16,12,0,12,6,3,2,1,3,d2:1;d4:1;d5:1
11173,21,True,20,0,1,2,1,0,1,4,2,1,1,2,d1:1;d3:1
11175,21,True,20,0,3,2,5,0,5,3,2,1,1,2,d1:1;d3:1
11177,27,True,26,0,3,2,9,0,18,6,3,2,1,3,d2:1;d4:1;d5:1
11179,8,True,7,0,0,-1,0,0,-1,0,0,0,0,0,none
11181,15,True,14,0,1,6,2,0,4,3,2,1,1,2,d2:1;d3:1
11183,13,True,12,0,1,1,2,0,0,4,2,1,1,2,d2:1;d4:1
11185,14,True,13,0,0,-1,0,0,-1,0,0,0,0,0,none
11187,13,True,12,0,0,-1,0,0,-1,0,0,0,0,0,none
11189,14,True,13,0,0,-1,0,0,-1,0,0,0,0,0,none
11191,20,True,19,0,4,15,12,0,11,6,3,2,1,3,d2:1;d4:1;d5:1
11193,14,True,13,0,0,-1,0,0,-1,0,0,0,0,0,none
11195,14,True,13,0,0,-1,0,0,-1,0,0,0,0,0,none
11197,13,True,12,0,2,3,1,0,2,4,3,1,2,2,d1:1;d2:1;d4:1
11199,12,True,11,0,3,4,4,0,1,2,2,1,1,2,d1:1;d2:1
11201,14,True,13,0,0,-1,0,0,-1,0,0,0,0,0,none
11203,12,True,11,0,0,-1,0,0,-1,0,0,0,0,0,none
11205,8,True,7,0,1,5,1,0,4,3,2,1,1,2,d2:1;d3:1
11207,14,True,13,0,1,1,1,0,0,3,2,1,1,2,d1:1;d3:1
11209,12,True,11,0,0,-1,0,0,-1,0,0,0,0,0,none
11211,14,True,13,0,0,-1,0,0,-1,0,0,0,0,0,none
11213,19,True,18,0,4,5,2,0,10,7,5,1,4,2,d1:1;d2:1;d4:1;d6:1;d7:1
11215,12,True,11,0,0,-1,0,0,-1,0,0,0,0,0,none
11217,19,True,18,0,4,5,2,0,10,7,5,1,4,2,d1:1;d2:1;d4:1;d6:1;d7:1
11219,21,True,20,0,3,8,7,0,4,6,4,2,2,3,d1:1;d3:1;d5:1;d6:1
11221,14,True,13,0,2,9,6,0,5,6,3,2,1,3,d2:1;d4:1;d5:1
11223,26,True,25,0,3,4,9,0,1,7,4,1,3,2,d1:1;d3:1;d4:1;d6:1
11225,7,True,6,0,1,4,1,0,3,3,2,1,1,2,d2:1;d3:1
11227,13,True,12,0,0,-1,0,0,-1,0,0,0,0,0,none
11229,23,True,22,0,4,18,12,0,14,6,3,2,1,3,d2:1;d4:1;d5:1
11231,12,True,11,0,1,2,2,0,0,5,3,2,1,3,d1:1;d3:1;d5:1
11233,33,True,32,0,5,3,13,0,24,6,3,2,1,3,d2:1;d4:1;d5:1
11235,14,True,13,0,2,9,6,0,5,6,3,2,1,3,d2:1;d4:1;d5:1
11237,24,True,23,0,3,7,9,0,5,4,3,1,2,2,d1:1;d3:1;d4:1
11239,11,True,10,0,1,1,1,0,0,3,2,1,1,2,d1:1;d3:1
11241,16,True,15,0,4,2,2,0,7,7,5,1,4,2,d1:1;d2:1;d4:1;d6:1;d7:1
11243,13,True,12,0,0,-1,0,0,-1,0,0,0,0,0,none
11245,12,True,11,0,1,5,2,0,3,3,2,1,1,2,d1:1;d3:1
11247,10,True,9,0,1,2,2,0,0,4,2,1,1,2,d2:1;d4:1
11249,14,True,13,0,2,9,6,0,5,6,3,2,1,3,d2:1;d4:1;d5:1
11251,25,True,24,0,3,8,9,0,16,6,3,2,1,3,d2:1;d4:1;d5:1
11253,27,True,26,0,5,18,17,0,10,3,2,1,1,2,d1:1;d3:1
11255,12,True,11,0,1,7,4,0,3,3,2,1,1,2,d2:1;d3:1
11257,20,True,19,0,3,7,4,0,4,3,2,1,1,2,d2:1;d3:1
11259,12,True,11,0,0,-1,0,0,-1,0,0,0,0,0,none
11261,23,True,22,0,3,2,9,0,1,7,4,1,3,2,d1:1;d2:1;d4:1;d6:1
11263,31,True,30,0,5,9,13,0,0,10,6,1,5,2,d1:1;d3:1;d4:1;d6:1;d8:1;d10:1
11265,13,True,12,0,1,7,1,0,6,2,2,1,1,2,d1:1;d2:1
11267,11,True,10,0,1,7,1,0,6,4,3,2,1,3,d1:1;d2:1;d4:1
11269,15,True,14,0,2,10,6,0,6,6,3,2,1,3,d2:1;d4:1;d5:1
11271,11,True,10,0,1,1,1,0,0,3,2,1,1,2,d1:1;d3:1
11273,36,True,35,0,5,11,13,0,27,6,3,2,1,3,d2:1;d4:1;d5:1
11275,14,True,13,0,2,9,6,0,5,6,3,2,1,3,d2:1;d4:1;d5:1
11277,15,True,14,0,1,8,2,0,6,6,3,2,1,3,d2:1;d4:1;d5:1
11279,14,True,13,0,2,9,6,0,5,6,3,2,1,3,d2:1;d4:1;d5:1
11281,15,True,14,0,1,8,2,0,6,6,3,2,1,3,d2:1;d4:1;d5:1
11283,8,True,7,0,0,-1,0,0,-1,0,0,0,0,0,none
11285,8,True,7,0,1,5,1,0,4,3,2,1,1,2,d2:1;d3:1
11287,14,True,13,0,1,7,2,0,5,6,3,2,1,3,d2:1;d4:1;d5:1
11289,34,True,33,0,4,5,12,0,4,8,5,2,3,3,d1:1;d3:1;d5:1;d6:1;d8:1
11291,28,True,27,0,4,20,19,0,14,5,3,1,2,2,d1:1;d3:1;d5:1
11293,11,True,10,0,1,5,1,0,4,2,2,1,1,2,d1:1;d2:1
11295,9,True,8,0,2,5,5,0,0,5,3,1,2,2,d1:1;d3:1;d5:1
11297,11,True,10,0,1,7,1,0,6,2,2,1,1,2,d1:1;d2:1
11299,7,True,6,0,1,4,1,0,3,3,2,1,1,2,d2:1;d3:1
11301,16,True,15,0,2,11,4,0,7,4,3,1,2,2,d1:1;d3:1;d4:1
11303,14,True,13,0,1,1,2,0,0,3,2,1,1,2,d1:1;d3:1
11305,14,True,13,0,1,2,2,0,1,5,2,1,1,2,d2:1;d4:1
11307,20,True,19,0,4,8,4,0,9,8,5,1,4,2,d1:1;d3:1;d4:1;d6:1;d8:1
11309,20,True,19,0,4,8,4,0,9,8,5,1,4,2,d1:1;d3:1;d4:1;d6:1;d8:1
11311,14,True,13,0,1,2,2,0,0,4,2,1,1,2,d2:1;d4:1
11313,19,True,18,0,4,5,2,0,8,8,5,1,4,2,d1:1;d3:1;d4:1;d6:1;d8:1
11315,19,True,18,0,4,5,2,0,8,8,5,1,4,2,d1:1;d3:1;d4:1;d6:1;d8:1
11317,21,True,20,0,3,3,9,0,12,6,3,2,1,3,d2:1;d4:1;d5:1
11319,13,True,12,0,0,-1,0,0,-1,0,0,0,0,0,none
11321,20,True,19,0,4,6,2,0,9,8,5,1,4,2,d1:1;d3:1;d4:1;d6:1;d8:1
11323,18,True,17,0,4,4,2,0,2,9,6,2,4,3,d1:1;d2:1;d4:1;d6:1;d7:1;d9:1
11325,6,True,5,0,1,3,1,0,2,3,2,1,1,2,d2:1;d3:1
11327,14,True,13,0,1,7,2,0,5,6,3,2,1,3,d2:1;d4:1;d5:1
11329,24,True,23,0,3,19,9,0,15,6,3,2,1,3,d2:1;d4:1;d5:1
11331,23,True,22,0,3,18,9,0,14,6,3,2,1,3,d2:1;d4:1;d5:1
11333,22,True,21,0,3,17,9,0,13,6,3,2,1,3,d2:1;d4:1;d5:1
11335,17,True,16,0,1,1,2,0,0,3,2,1,1,2,d1:1;d3:1
11337,17,True,16,0,1,3,2,0,2,3,2,1,1,2,d1:1;d3:1
11339,21,True,20,0,3,16,9,0,12,6,3,2,1,3,d2:1;d4:1;d5:1
11341,17,True,16,0,1,14,1,0,13,3,2,1,1,2,d2:1;d3:1
11343,16,True,15,0,1,13,1,0,12,3,2,1,1,2,d2:1;d3:1
11345,17,True,16,0,1,14,1,0,13,3,2,1,1,2,d2:1;d3:1
11347,31,True,30,0,8,6,7,0,9,4,2,1,1,2,d1:1;d3:1
11349,8,True,7,0,0,-1,0,0,-1,0,0,0,0,0,none
11351,21,True,20,0,3,16,9,0,12,6,3,2,1,3,d2:1;d4:1;d5:1
11353,8,True,7,0,1,4,1,0,3,3,2,1,1,2,d1:1;d2:1
11355,25,True,24,0,3,3,9,0,6,3,2,1,1,2,d1:1;d3:1
11357,20,True,19,0,3,15,9,0,11,6,3,2,1,3,d2:1;d4:1;d5:1
11359,25,True,24,0,3,3,9,0,16,6,3,2,1,3,d2:1;d4:1;d5:1
11361,18,True,17,0,1,15,1,0,14,3,2,1,1,2,d2:1;d3:1
11363,15,True,14,0,2,3,2,0,1,5,3,1,2,2,d1:1;d3:1;d5:1
11365,16,True,15,0,1,3,1,0,2,4,2,1,1,2,d1:1;d3:1
11367,27,True,26,0,3,5,5,0,2,4,2,1,1,2,d2:1;d4:1
11369,23,True,22,0,5,6,7,0,10,4,3,1,2,2,d1:1;d2:1;d4:1
11371,17,True,16,0,1,14,1,0,13,3,2,1,1,2,d2:1;d3:1
11373,31,True,30,0,5,5,13,0,22,6,3,2,1,3,d2:1;d4:1;d5:1
11375,17,True,16,0,2,3,3,0,2,2,2,1,1,2,d1:1;d2:1
11377,8,True,7,0,0,-1,0,0,-1,0,0,0,0,0,none
11379,22,True,21,0,3,17,9,0,13,6,3,2,1,3,d2:1;d4:1;d5:1
11381,14,True,13,0,4,7,2,0,5,7,5,1,4,2,d1:1;d2:1;d4:1;d6:1;d7:1
11383,30,True,29,0,5,4,13,0,21,6,3,2,1,3,d2:1;d4:1;d5:1
11385,20,True,19,0,3,15,9,0,11,6,3,2,1,3,d2:1;d4:1;d5:1
11387,31,True,30,0,5,5,13,0,22,6,3,2,1,3,d2:1;d4:1;d5:1
11389,29,True,28,0,5,2,13,0,20,6,3,2,1,3,d2:1;d4:1;d5:1
11391,30,True,29,0,5,3,13,0,2,5,3,1,2,2,d1:1;d2:1;d4:1
11393,24,True,23,0,3,19,9,0,15,6,3,2,1,3,d2:1;d4:1;d5:1
11395,13,True,12,0,4,6,2,0,4,7,5,1,4,2,d1:1;d2:1;d4:1;d6:1;d7:1
11397,13,True,12,0,4,6,2,0,4,7,5,1,4,2,d1:1;d2:1;d4:1;d6:1;d7:1
11399,11,True,10,0,1,1,1,0,0,3,2,1,1,2,d1:1;d3:1
11401,14,True,13,0,1,11,1,0,10,3,2,1,1,2,d2:1;d3:1
11403,12,True,11,0,0,-1,0,0,-1,0,0,0,0,0,none
11405,7,True,6,0,0,-1,0,0,-1,0,0,0,0,0,none
11407,11,True,10,0,0,-1,0,0,-1,0,0,0,0,0,none
11409,15,True,14,0,1,5,1,0,4,5,3,2,1,3,d2:1;d4:1;d5:1
11411,14,True,13,0,1,4,1,0,3,5,3,2,1,3,d2:1;d4:1;d5:1
11413,5,True,4,0,0,-1,0,0,-1,0,0,0,0,0,none
11415,5,True,4,0,0,-1,0,0,-1,0,0,0,0,0,none
11417,22,True,21,0,3,17,9,0,13,6,3,2,1,3,d2:1;d4:1;d5:1
11419,14,True,13,0,2,5,4,0,3,3,2,1,1,2,d1:1;d3:1
11421,20,True,19,0,3,15,9,0,11,6,3,2,1,3,d2:1;d4:1;d5:1
11423,9,True,8,0,3,2,2,0,1,4,2,1,1,2,d2:1;d3:1
11425,16,True,15,0,1,4,1,0,3,6,4,3,1,4,d1:1;d3:1;d4:1;d6:1
11427,30,True,29,0,4,2,12,0,21,6,3,2,1,3,d2:1;d4:1;d5:1
11429,29,True,28,0,4,7,12,0,20,6,3,2,1,3,d2:1;d4:1;d5:1
11431,30,True,29,0,5,4,13,0,21,6,3,2,1,3,d2:1;d4:1;d5:1
11433,20,True,19,0,3,15,9,0,11,6,3,2,1,3,d2:1;d4:1;d5:1
11435,15,True,14,0,3,7,1,0,6,6,4,1,3,2,d1:1;d2:1;d4:1;d6:1
11437,20,True,19,0,1,8,3,0,5,3,2,1,1,2,d1:1;d2:1
11439,12,True,11,0,1,1,1,0,0,4,2,1,1,2,d2:1;d4:1
11441,19,True,18,0,1,7,3,0,4,2,2,1,1,2,d1:1;d2:1
11443,18,True,17,0,1,6,3,0,3,2,2,1,1,2,d1:1;d2:1
11445,5,True,4,0,0,-1,0,0,-1,0,0,0,0,0,none
11447,31,True,30,0,4,6,12,0,22,6,3,2,1,3,d2:1;d4:1;d5:1
11449,21,True,20,0,3,4,9,0,12,6,3,2,1,3,d2:1;d4:1;d5:1
11451,20,True,19,0,3,3,9,0,11,6,3,2,1,3,d2:1;d4:1;d5:1
11453,19,True,18,0,1,16,1,0,15,3,2,1,1,2,d2:1;d3:1
11455,26,True,25,0,2,2,4,0,0,6,3,1,2,2,d2:1;d4:1;d6:1
11457,7,True,6,0,0,-1,0,0,-1,0,0,0,0,0,none
11459,4,True,3,0,0,-1,0,0,-1,0,0,0,0,0,none
11461,5,True,4,0,0,-1,0,0,-1,0,0,0,0,0,none
11463,15,True,14,0,2,1,1,0,6,5,3,1,2,2,d1:1;d2:1;d4:1
11465,12,True,11,0,0,-1,0,0,-1,0,0,0,0,0,none
11467,13,True,12,0,0,-1,0,0,-1,0,0,0,0,0,none
11469,6,True,5,0,0,-1,0,0,-1,0,0,0,0,0,none
11471,29,True,28,0,5,25,13,0,20,6,3,2,1,3,d2:1;d4:1;d5:1
11473,23,True,22,0,4,13,10,0,6,4,2,1,1,2,d1:1;d3:1
11475,22,True,21,0,3,3,5,0,5,4,2,1,1,2,d1:1;d3:1
11477,8,True,7,0,0,-1,0,0,-1,0,0,0,0,0,none
11479,28,True,27,0,4,23,12,0,19,6,3,2,1,3,d2:1;d4:1;d5:1
11481,15,True,14,0,4,6,2,0,4,8,5,1,4,2,d1:1;d3:1;d4:1;d6:1;d8:1
11483,14,True,13,0,5,5,2,0,3,9,6,1,5,2,d1:1;d3:1;d4:1;d6:1;d8:1;d9:1
11485,15,True,14,0,4,6,2,0,4,8,5,1,4,2,d1:1;d3:1;d4:1;d6:1;d8:1
11487,18,True,17,0,1,1,1,0,0,5,3,2,1,3,d1:1;d3:1;d5:1
11489,29,True,28,0,4,6,12,0,20,6,3,2,1,3,d2:1;d4:1;d5:1
11491,7,True,6,0,0,-1,0,0,-1,0,0,0,0,0,none
11493,32,True,31,0,7,18,14,0,6,6,3,1,2,2,d1:1;d3:1;d5:1
11495,15,True,14,0,2,5,5,0,4,4,2,1,1,2,d1:1;d3:1
11497,14,True,13,0,2,2,1,0,4,9,5,3,2,4,d2:1;d4:1;d5:1;d7:1;d9:1
11499,24,True,23,0,4,11,3,0,13,3,2,1,1,2,d1:1;d3:1
11501,12,True,11,0,1,5,2,0,3,3,2,1,1,2,d2:1;d3:1
11503,37,True,36,0,4,8,9,0,1,6,4,1,3,2,d1:1;d3:1;d4:1;d6:1
11505,11,True,10,0,0,-1,0,0,-1,0,0,0,0,0,none
11507,25,True,24,0,3,20,9,0,16,6,3,2,1,3,d2:1;d4:1;d5:1
11509,10,True,9,0,0,-1,0,0,-1,0,0,0,0,0,none
11511,12,True,11,0,0,-1,0,0,-1,0,0,0,0,0,none
11513,30,True,29,0,5,12,13,0,21,6,3,2,1,3,d2:1;d4:1;d5:1
11515,21,True,20,0,4,8,6,0,3,5,3,1,2,2,d1:1;d2:1;d4:1
11517,22,True,21,0,3,2,9,0,13,6,3,2,1,3,d2:1;d4:1;d5:1
11519,19,True,18,0,4,5,5,0,4,3,2,1,1,2,d1:1;d2:1
11521,29,True,28,0,5,6,13,0,20,6,3,2,1,3,d2:1;d4:1;d5:1
11523,26,True,25,0,5,8,13,0,17,6,3,2,1,3,d2:1;d4:1;d5:1
11525,8,True,7,0,0,-1,0,0,-1,0,0,0,0,0,none
11527,18,True,17,0,5,1,7,0,5,4,3,1,2,2,d1:1;d2:1;d4:1
11529,13,True,12,0,0,-1,0,0,-1,0,0,0,0,0,none
11531,13,True,12,0,0,-1,0,0,-1,0,0,0,0,0,none
11533,27,True,26,0,5,23,13,0,18,6,3,2,1,3,d2:1;d4:1;d5:1
11535,10,True,9,0,0,-1,0,0,-1,0,0,0,0,0,none
11537,28,True,27,0,5,24,13,0,19,6,3,2,1,3,d2:1;d4:1;d5:1
11539,28,True,27,0,5,3,13,0,19,6,3,2,1,3,d2:1;d4:1;d5:1
11541,11,True,10,0,1,8,1,0,7,3,2,1,1,2,d2:1;d3:1
11543,25,True,24,0,5,21,13,0,16,6,3,2,1,3,d2:1;d4:1;d5:1
11545,11,True,10,0,1,3,1,0,2,3,2,1,1,2,d1:1;d2:1
11547,27,True,26,0,5,6,13,0,18,6,3,2,1,3,d2:1;d4:1;d5:1
11549,23,True,22,0,3,5,9,0,14,6,3,2,1,3,d2:1;d4:1;d5:1
11551,24,True,23,0,5,1,13,0,15,6,3,2,1,3,d2:1;d4:1;d5:1
11553,25,True,24,0,5,21,13,0,16,6,3,2,1,3,d2:1;d4:1;d5:1
11555,24,True,23,0,5,20,13,0,15,6,3,2,1,3,d2:1;d4:1;d5:1
11557,24,True,23,0,5,20,13,0,15,6,3,2,1,3,d2:1;d4:1;d5:1
11559,23,True,22,0,2,1,6,0,14,6,3,2,1,3,d2:1;d4:1;d5:1
11561,12,True,11,0,1,3,2,0,1,5,3,2,1,3,d1:1;d2:1;d4:1
11563,26,True,25,0,5,4,13,0,17,6,3,2,1,3,d2:1;d4:1;d5:1
11565,12,True,11,0,1,9,1,0,8,3,2,1,1,2,d2:1;d3:1
11567,21,True,20,0,2,3,6,0,12,6,3,2,1,3,d2:1;d4:1;d5:1
11569,15,True,14,0,1,4,1,0,3,3,2,1,1,2,d2:1;d3:1
11571,15,True,14,0,1,4,1,0,3,3,2,1,1,2,d2:1;d3:1
11573,10,True,9,0,1,7,1,0,6,3,2,1,1,2,d2:1;d3:1
11575,13,True,12,0,1,2,1,0,1,3,2,1,1,2,d1:1;d2:1
11577,22,True,21,0,4,9,6,0,4,4,3,1,2,2,d1:1;d2:1;d4:1
11579,10,True,9,0,1,7,1,0,6,3,2,1,1,2,d2:1;d3:1
11581,11,True,10,0,0,-1,0,0,-1,0,0,0,0,0,none
11583,18,True,17,0,2,4,4,0,0,6,4,2,2,3,d1:1;d2:1;d4:1;d6:1
11585,11,True,10,0,1,8,1,0,7,3,2,1,1,2,d2:1;d3:1
11587,9,True,8,0,0,-1,0,0,-1,0,0,0,0,0,none
11589,25,True,24,0,5,4,13,0,16,6,3,2,1,3,d2:1;d4:1;d5:1
11591,15,True,14,0,1,1,3,0,0,3,2,1,1,2,d1:1;d3:1
11593,31,True,30,0,4,8,5,0,20,8,5,1,4,2,d1:1;d3:1;d4:1;d6:1;d8:1
11595,25,True,24,0,5,3,13,0,16,6,3,2,1,3,d2:1;d4:1;d5:1
11597,24,True,23,0,5,20,13,0,15,6,3,2,1,3,d2:1;d4:1;d5:1
11599,33,True,32,0,5,12,9,0,7,6,3,1,2,2,d1:1;d3:1;d5:1
11601,14,True,13,0,3,5,3,0,2,6,4,1,3,2,d1:1;d3:1;d4:1;d6:1
11603,12,True,11,0,1,9,1,0,8,3,2,1,1,2,d2:1;d3:1
11605,5,True,4,0,0,-1,0,0,-1,0,0,0,0,0,none
11607,30,True,29,0,4,5,12,0,21,6,3,2,1,3,d2:1;d4:1;d5:1
11609,26,True,25,0,4,21,12,0,17,6,3,2,1,3,d2:1;d4:1;d5:1
11611,24,True,23,0,5,2,13,0,15,6,3,2,1,3,d2:1;d4:1;d5:1
11613,24,True,23,0,4,19,12,0,15,6,3,2,1,3,d2:1;d4:1;d5:1
11615,21,True,20,0,1,5,1,0,4,2,2,1,1,2,d1:1;d2:1
11617,25,True,24,0,4,3,12,0,16,6,3,2,1,3,d2:1;d4:1;d5:1
11619,11,True,10,0,1,8,1,0,7,3,2,1,1,2,d2:1;d3:1
11621,11,True,10,0,1,8,1,0,7,3,2,1,1,2,d2:1;d3:1
11623,27,True,26,0,7,10,10,0,5,5,2,1,1,2,d2:1;d4:1
11625,28,True,27,0,4,3,12,0,19,6,3,2,1,3,d2:1;d4:1;d5:1
11627,28,True,27,0,4,9,12,0,19,6,3,2,1,3,d2:1;d4:1;d5:1
11629,26,True,25,0,5,4,13,0,17,6,3,2,1,3,d2:1;d4:1;d5:1
11631,28,True,27,0,4,1,12,0,19,6,3,2,1,3,d2:1;d4:1;d5:1
11633,12,True,11,0,1,9,1,0,8,3,2,1,1,2,d2:1;d3:1
11635,25,True,24,0,4,20,12,0,16,6,3,2,1,3,d2:1;d4:1;d5:1
11637,11,True,10,0,1,8,1,0,7,3,2,1,1,2,d2:1;d3:1
11639,23,True,22,0,4,18,12,0,14,6,3,2,1,3,d2:1;d4:1;d5:1
11641,20,True,19,0,2,15,6,0,11,6,3,2,1,3,d2:1;d4:1;d5:1
11643,12,True,11,0,0,-1,0,0,-1,0,0,0,0,0,none
11645,23,True,22,0,4,18,12,0,14,6,3,2,1,3,d2:1;d4:1;d5:1
11647,22,True,21,0,5,1,13,0,13,6,3,2,1,3,d2:1;d4:1;d5:1
11649,26,True,25,0,4,21,12,0,17,6,3,2,1,3,d2:1;d4:1;d5:1
11651,12,True,11,0,1,9,1,0,8,3,2,1,1,2,d2:1;d3:1
11653,18,True,17,0,4,5,3,0,7,3,2,1,1,2,d1:1;d3:1
11655,11,True,10,0,1,1,1,0,0,3,2,1,1,2,d1:1;d3:1
11657,18,True,17,0,4,5,3,0,7,3,2,1,1,2,d1:1;d3:1
11659,18,True,17,0,4,5,3,0,7,3,2,1,1,2,d1:1;d3:1
11661,9,True,8,0,0,-1,0,0,-1,0,0,0,0,0,none
11663,10,True,9,0,1,7,1,0,6,3,2,1,1,2,d2:1;d3:1
11665,17,True,16,0,1,5,1,0,4,2,2,1,1,2,d1:1;d2:1
11667,15,True,14,0,1,3,1,0,2,2,2,1,1,2,d1:1;d2:1
11669,8,True,7,0,0,-1,0,0,-1,0,0,0,0,0,none
11671,14,True,13,0,1,8,1,0,7,2,2,1,1,2,d1:1;d2:1
11673,16,True,15,0,1,10,1,0,9,2,2,1,1,2,d1:1;d2:1
11675,17,True,16,0,1,2,1,0,1,4,3,2,1,3,d1:1;d2:1;d4:1
11677,35,True,34,0,6,4,17,0,18,3,2,1,1,2,d1:1;d3:1
11679,15,True,14,0,2,2,2,0,0,5,3,1,2,2,d1:1;d3:1;d5:1
11681,14,True,13,0,0,-1,0,0,-1,0,0,0,0,0,none
11683,17,True,16,0,1,11,1,0,10,2,2,1,1,2,d1:1;d2:1
11685,16,True,15,0,1,10,1,0,9,2,2,1,1,2,d1:1;d2:1
11687,14,True,13,0,1,2,2,0,0,3,2,1,1,2,d1:1;d3:1
11689,15,True,14,0,1,9,1,0,8,2,2,1,1,2,d1:1;d2:1
11691,21,True,20,0,2,6,4,0,4,3,2,1,1,2,d1:1;d3:1
11693,24,True,23,0,5,6,13,0,15,6,3,2,1,3,d2:1;d4:1;d5:1
11695,15,True,14,0,1,1,1,0,0,4,2,1,1,2,d2:1;d4:1
11697,24,True,23,0,5,6,13,0,15,6,3,2,1,3,d2:1;d4:1;d5:1
11699,23,True,22,0,5,5,13,0,14,6,3,2,1,3,d2:1;d4:1;d5:1
11701,23,True,22,0,5,19,13,0,14,6,3,2,1,3,d2:1;d4:1;d5:1
11703,23,True,22,0,4,18,12,0,14,6,3,2,1,3,d2:1;d4:1;d5:1
11705,23,True,22,0,5,5,13,0,14,6,3,2,1,3,d2:1;d4:1;d5:1
11707,24,True,23,0,5,6,13,0,15,6,3,2,1,3,d2:1;d4:1;d5:1
11709,29,True,28,0,3,9,9,0,20,6,3,2,1,3,d2:1;d4:1;d5:1
11711,13,True,12,0,3,2,2,0,0,6,4,1,3,2,d1:1;d2:1;d4:1;d6:1
11713,24,True,23,0,4,5,12,0,15,6,3,2,1,3,d2:1;d4:1;d5:1
11715,22,True,21,0,4,3,12,0,13,6,3,2,1,3,d2:1;d4:1;d5:1
11717,16,True,15,0,3,11,9,0,7,6,3,2,1,3,d2:1;d4:1;d5:1
11719,24,True,23,0,5,1,13,0,15,6,3,2,1,3,d2:1;d4:1;d5:1
11721,22,True,21,0,2,4,6,0,6,2,2,1,1,2,d1:1;d2:1
11723,22,True,21,0,2,4,6,0,3,6,4,2,2,3,d1:1;d3:1;d5:1;d6:1
11725,9,True,8,0,0,-1,0,0,-1,0,0,0,0,0,none
11727,22,True,21,0,2,3,6,0,6,2,2,1,1,2,d1:1;d2:1
11729,8,True,7,0,0,-1,0,0,-1,0,0,0,0,0,none
11731,18,True,17,0,1,3,3,0,1,3,2,1,1,2,d1:1;d3:1
11733,16,True,15,0,2,4,6,0,7,6,3,2,1,3,d2:1;d4:1;d5:1
11735,15,True,14,0,2,6,3,0,3,5,3,1,2,2,d1:1;d3:1;d5:1
11737,25,True,24,0,4,20,12,0,16,6,3,2,1,3,d2:1;d4:1;d5:1
11739,10,True,9,0,1,7,1,0,6,3,2,1,1,2,d2:1;d3:1
11741,26,True,25,0,4,21,12,0,17,6,3,2,1,3,d2:1;d4:1;d5:1
11743,13,True,12,0,1,1,1,0,0,5,3,2,1,3,d1:1;d3:1;d5:1
11745,18,True,17,0,1,4,2,0,2,4,3,2,1,3,d1:1;d2:1;d4:1
11747,16,True,15,0,2,4,6,0,7,6,3,2,1,3,d2:1;d4:1;d5:1
11749,11,True,10,0,1,3,1,0,2,4,2,1,1,2,d2:1;d3:1
11751,10,True,9,0,1,2,2,0,0,3,2,1,1,2,d1:1;d3:1
11753,11,True,10,0,1,4,3,0,1,4,2,1,1,2,d1:1;d3:1
11755,27,True,26,0,4,4,2,0,16,8,5,1,4,2,d1:1;d3:1;d4:1;d6:1;d8:1
11757,15,True,14,0,1,6,2,0,4,3,2,1,1,2,d1:1;d3:1
11759,16,True,15,0,2,5,5,0,1,3,2,1,1,2,d2:1;d3:1
11761,10,True,9,0,1,7,1,0,6,3,2,1,1,2,d2:1;d3:1
11763,10,True,9,0,1,7,1,0,6,3,2,1,1,2,d2:1;d3:1
11765,9,True,8,0,1,6,1,0,5,3,2,1,1,2,d2:1;d3:1
11767,23,True,22,0,4,18,12,0,14,6,3,2,1,3,d2:1;d4:1;d5:1
11769,24,True,23,0,1,5,1,0,4,4,2,1,1,2,d1:1;d3:1
11771,24,True,23,0,1,5,1,0,4,3,2,1,1,2,d1:1;d3:1
11773,28,True,27,0,3,4,9,0,2,5,3,1,2,2,d1:1;d3:1;d5:1
11775,22,True,21,0,3,3,3,0,0,9,5,2,3,3,d2:1;d4:1;d5:1;d7:1;d9:1
11777,17,True,16,0,1,8,2,0,6,3,2,1,1,2,d2:1;d3:1
11779,17,True,16,0,2,5,6,0,8,6,3,2,1,3,d2:1;d4:1;d5:1
11781,17,True,16,0,0,-1,0,0,-1,0,0,0,0,0,none
11783,16,True,15,0,1,1,1,0,0,3,2,1,1,2,d1:1;d3:1
11785,17,True,16,0,0,-1,0,0,-1,0,0,0,0,0,none
11787,17,True,16,0,0,-1,0,0,-1,0,0,0,0,0,none
11789,17,True,16,0,2,12,6,0,8,6,3,2,1,3,d2:1;d4:1;d5:1
11791,15,True,14,0,0,-1,0,0,-1,0,0,0,0,0,none
11793,17,True,16,0,2,12,6,0,8,6,3,2,1,3,d2:1;d4:1;d5:1
11795,15,True,14,0,2,5,2,0,4,3,2,1,1,2,d1:1;d2:1
11797,24,True,23,0,4,5,12,0,15,6,3,2,1,3,d2:1;d4:1;d5:1
11799,10,True,9,0,1,3,1,0,2,2,2,1,1,2,d1:1;d2:1
11801,11,True,10,0,1,8,1,0,7,3,2,1,1,2,d2:1;d3:1
11803,13,True,12,0,1,4,3,0,1,5,3,2,1,3,d2:1;d3:1;d5:1
11805,17,True,16,0,2,12,6,0,8,6,3,2,1,3,d2:1;d4:1;d5:1
11807,16,True,15,0,2,3,3,0,0,5,3,1,2,2,d1:1;d3:1;d5:1
11809,22,True,21,0,4,8,2,0,13,7,5,1,4,2,d1:1;d2:1;d4:1;d6:1;d7:1
11811,24,True,23,0,4,5,12,0,15,6,3,2,1,3,d2:1;d4:1;d5:1
11813,23,True,22,0,4,10,8,0,6,6,4,2,2,3,d1:1;d3:1;d5:1;d6:1
11815,16,True,15,0,2,1,6,0,7,6,3,2,1,3,d2:1;d4:1;d5:1
11817,15,True,14,0,2,3,2,0,1,5,3,1,2,2,d1:1;d2:1;d4:1
11819,25,True,24,0,4,6,12,0,16,6,3,2,1,3,d2:1;d4:1;d5:1
11821,25,True,24,0,4,4,12,0,16,6,3,2,1,3,d2:1;d4:1;d5:1
11823,20,True,19,0,4,3,3,0,11,7,5,1,4,2,d1:1;d2:1;d4:1;d6:1;d7:1
11825,14,True,13,0,4,5,3,0,3,3,2,1,1,2,d1:1;d3:1
11827,14,True,13,0,3,4,2,0,3,3,2,1,1,2,d1:1;d3:1
11829,5,True,4,0,0,-1,0,0,-1,0,0,0,0,0,none
11831,24,True,23,0,3,4,9,0,1,8,4,1,3,2,d2:1;d4:1;d6:1;d7:1
11833,19,True,18,0,2,14,6,0,10,6,3,2,1,3,d2:1;d4:1;d5:1
11835,27,True,26,0,3,10,9,0,8,4,3,1,2,2,d1:1;d3:1;d4:1
11837,16,True,15,0,2,11,6,0,7,6,3,2,1,3,d2:1;d4:1;d5:1
11839,25,True,24,0,3,8,9,0,6,4,3,1,2,2,d1:1;d3:1;d4:1
11841,31,True,30,0,6,22,17,0,14,3,2,1,1,2,d1:1;d3:1
11843,29,True,28,0,6,20,17,0,12,3,2,1,1,2,d1:1;d3:1
11845,9,True,8,0,0,-1,0,0,-1,0,0,0,0,0,none
11847,14,True,13,0,1,1,2,0,0,3,2,1,1,2,d1:1;d3:1
11849,16,True,15,0,2,3,6,0,7,6,3,2,1,3,d2:1;d4:1;d5:1
11851,8,True,7,0,0,-1,0,0,-1,0,0,0,0,0,none
11853,8,True,7,0,0,-1,0,0,-1,0,0,0,0,0,none
11855,14,True,13,0,1,9,4,0,5,3,2,1,1,2,d2:1;d3:1
11857,29,True,28,0,4,3,9,0,12,3,2,1,1,2,d1:1;d3:1
11859,27,True,26,0,4,7,9,0,10,3,2,1,1,2,d1:1;d3:1
11861,10,True,9,0,1,4,1,0,3,2,2,1,1,2,d1:1;d2:1
11863,7,True,6,0,0,-1,0,0,-1,0,0,0,0,0,none
11865,14,True,13,0,1,3,1,0,2,3,2,1,1,2,d1:1;d2:1
11867,14,True,13,0,1,2,1,0,1,3,2,1,1,2,d1:1;d3:1
11869,24,True,23,0,3,4,9,0,15,6,3,2,1,3,d2:1;d4:1;d5:1
11871,16,True,15,0,2,11,6,0,7,6,3,2,1,3,d2:1;d4:1;d5:1
11873,18,True,17,0,1,11,2,0,9,6,3,2,1,3,d2:1;d4:1;d5:1
11875,23,True,22,0,3,3,9,0,14,6,3,2,1,3,d2:1;d4:1;d5:1
11877,24,True,23,0,3,4,9,0,15,6,3,2,1,3,d2:1;d4:1;d5:1
11879,12,True,11,0,1,2,2,0,0,3,2,1,1,2,d1:1;d3:1
11881,16,True,15,0,2,11,6,0,7,6,3,2,1,3,d2:1;d4:1;d5:1
11883,18,True,17,0,1,11,2,0,9,6,3,2,1,3,d2:1;d4:1;d5:1
11885,10,True,9,0,1,7,1,0,6,3,2,1,1,2,d2:1;d3:1
11887,9,True,8,0,2,2,2,0,1,2,2,1,1,2,d1:1;d2:1
11889,11,True,10,0,1,5,1,0,4,2,2,1,1,2,d1:1;d2:1
11891,11,True,10,0,1,8,1,0,7,3,2,1,1,2,d2:1;d3:1
11893,18,True,17,0,2,7,5,0,9,4,3,1,2,2,d1:1;d3:1;d4:1
11895,24,True,23,0,3,6,9,0,15,6,3,2,1,3,d2:1;d4:1;d5:1
11897,12,True,11,0,1,6,1,0,5,2,2,1,1,2,d1:1;d2:1
11899,24,True,23,0,3,6,9,0,15,6,3,2,1,3,d2:1;d4:1;d5:1
11901,9,True,8,0,1,2,1,0,1,4,2,1,1,2,d1:1;d3:1
11903,24,True,23,0,5,7,7,0,1,6,4,2,2,3,d1:1;d2:1;d4:1;d6:1
11905,17,True,16,0,2,4,2,0,3,5,3,1,2,2,d1:1;d3:1;d4:1
11907,10,True,9,0,1,4,1,0,3,2,2,1,1,2,d1:1;d2:1
11909,24,True,23,0,3,6,9,0,15,6,3,2,1,3,d2:1;d4:1;d5:1
11911,22,True,21,0,4,1,4,0,11,8,5,1,4,2,d1:1;d3:1;d4:1;d6:1;d8:1
11913,19,True,18,0,4,6,4,0,4,6,3,1,2,2,d2:1;d4:1;d5:1
11915,23,True,22,0,3,5,9,0,14,6,3,2,1,3,d2:1;d4:1;d5:1
11917,10,True,9,0,1,4,1,0,3,2,2,1,1,2,d1:1;d2:1
11919,20,True,19,0,4,6,2,0,9,8,5,1,4,2,d1:1;d3:1;d4:1;d6:1;d8:1
11921,10,True,9,0,1,5,1,0,4,3,2,1,1,2,d1:1;d3:1
11923,9,True,8,0,1,4,1,0,3,3,2,1,1,2,d1:1;d3:1
11925,18,True,17,0,1,4,3,0,1,4,2,1,1,2,d1:1;d3:1
11927,9,True,8,0,1,3,1,0,2,2,2,1,1,2,d1:1;d2:1
11929,18,True,17,0,3,8,5,0,3,6,4,1,3,2,d1:1;d3:1;d5:1;d6:1
11931,34,True,33,0,5,10,12,0,4,10,6,2,4,3,d1:1;d3:1;d4:1;d6:1;d8:1;d9:1
11933,27,True,26,0,3,22,9,0,18,6,3,2,1,3,d2:1;d4:1;d5:1
11935,17,True,16,0,3,5,5,0,1,3,2,1,1,2,d1:1;d3:1
11937,25,True,24,0,3,20,9,0,16,6,3,2,1,3,d2:1;d4:1;d5:1
11939,17,True,16,0,1,14,1,0,13,3,2,1,1,2,d2:1;d3:1
11941,22,True,21,0,3,2,9,0,13,6,3,2,1,3,d2:1;d4:1;d5:1
11943,19,True,18,0,1,2,2,0,0,3,2,1,1,2,d1:1;d3:1
11945,42,True,41,0,4,17,16,0,33,6,3,2,1,3,d2:1;d4:1;d5:1
11947,20,True,19,0,1,5,1,0,4,3,2,1,1,2,d1:1;d3:1
11949,12,True,11,0,0,-1,0,0,-1,0,0,0,0,0,none
11951,19,True,18,0,1,1,1,0,0,4,2,1,1,2,d2:1;d4:1
11953,12,True,11,0,0,-1,0,0,-1,0,0,0,0,0,none
11955,11,True,10,0,0,-1,0,0,-1,0,0,0,0,0,none
11957,11,True,10,0,0,-1,0,0,-1,0,0,0,0,0,none
11959,10,True,9,0,1,6,1,0,5,3,2,1,1,2,d1:1;d2:1
11961,23,True,22,0,3,18,9,0,14,6,3,2,1,3,d2:1;d4:1;d5:1
11963,22,True,21,0,3,17,9,0,13,6,3,2,1,3,d2:1;d4:1;d5:1
11965,10,True,9,0,0,-1,0,0,-1,0,0,0,0,0,none
11967,23,True,22,0,3,3,9,0,0,6,4,1,3,2,d1:1;d2:1;d4:1;d6:1
11969,12,True,11,0,0,-1,0,0,-1,0,0,0,0,0,none
11971,18,True,17,0,1,2,1,0,1,3,2,1,1,2,d1:1;d3:1
11973,10,True,9,0,0,-1,0,0,-1,0,0,0,0,0,none
11975,11,True,10,0,1,1,1,0,0,3,2,1,1,2,d1:1;d3:1
11977,32,True,31,0,5,6,13,0,23,6,3,2,1,3,d2:1;d4:1;d5:1
11979,32,True,31,0,5,6,13,0,23,6,3,2,1,3,d2:1;d4:1;d5:1
11981,10,True,9,0,0,-1,0,0,-1,0,0,0,0,0,none
11983,18,True,17,0,2,4,3,0,1,6,4,2,2,3,d1:1;d3:1;d5:1;d6:1
11985,18,True,17,0,4,11,2,0,9,7,5,1,4,2,d1:1;d2:1;d4:1;d6:1;d7:1
11987,16,True,15,0,4,9,2,0,7,7,5,1,4,2,d1:1;d2:1;d4:1;d6:1;d7:1
11989,10,True,9,0,0,-1,0,0,-1,0,0,0,0,0,none
11991,14,True,13,0,4,7,2,0,5,7,5,1,4,2,d1:1;d2:1;d4:1;d6:1;d7:1
11993,11,True,10,0,0,-1,0,0,-1,0,0,0,0,0,none
11995,33,True,32,0,5,7,13,0,24,6,3,2,1,3,d2:1;d4:1;d5:1
11997,10,True,9,0,0,-1,0,0,-1,0,0,0,0,0,none
11999,29,True,28,0,5,1,13,0,20,6,3,2,1,3,d2:1;d4:1;d5:1
12001,25,True,24,0,3,20,9,0,16,6,3,2,1,3,d2:1;d4:1;d5:1
12003,9,True,8,0,0,-1,0,0,-1,0,0,0,0,0,none
12005,8,True,7,0,1,4,1,0,3,2,2,1,1,2,d1:1;d2:1
12007,14,True,13,0,2,3,3,0,1,3,2,1,1,2,d1:1;d2:1
12009,16,True,15,0,4,3,2,0,7,7,5,1,4,2,d1:1;d2:1;d4:1;d6:1;d7:1
12011,9,True,8,0,0,-1,0,0,-1,0,0,0,0,0,none
12013,9,True,8,0,0,-1,0,0,-1,0,0,0,0,0,none
12015,14,True,13,0,2,3,3,0,1,4,3,2,1,3,d1:1;d3:1;d4:1
12017,11,True,10,0,0,-1,0,0,-1,0,0,0,0,0,none
12019,16,True,15,0,1,6,1,0,5,5,3,2,1,3,d2:1;d4:1;d5:1
12021,21,True,20,0,3,4,9,0,12,6,3,2,1,3,d2:1;d4:1;d5:1
12023,9,True,8,0,0,-1,0,0,-1,0,0,0,0,0,none
12025,8,True,7,0,0,-1,0,0,-1,0,0,0,0,0,none
12027,24,True,23,0,3,19,9,0,15,6,3,2,1,3,d2:1;d4:1;d5:1
12029,25,True,24,0,4,5,9,0,8,3,2,1,1,2,d1:1;d3:1
12031,16,True,15,0,4,4,4,0,0,8,5,1,4,2,d1:1;d3:1;d4:1;d6:1;d8:1
12033,11,True,10,0,0,-1,0,0,-1,0,0,0,0,0,none
12035,32,True,31,0,4,10,12,0,23,6,3,2,1,3,d2:1;d4:1;d5:1
12037,8,True,7,0,0,-1,0,0,-1,0,0,0,0,0,none
12039,31,True,30,0,4,1,12,0,22,6,3,2,1,3,d2:1;d4:1;d5:1
12041,33,True,32,0,5,7,13,0,24,6,3,2,1,3,d2:1;d4:1;d5:1
12043,10,True,9,0,0,-1,0,0,-1,0,0,0,0,0,none
12045,7,True,6,0,1,3,1,0,2,4,3,2,1,3,d1:1;d2:1;d4:1
12047,6,True,5,0,0,-1,0,0,-1,0,0,0,0,0,none
12049,8,True,7,0,0,-1,0,0,-1,0,0,0,0,0,none
12051,21,True,20,0,1,3,3,0,2,2,2,1,1,2,d1:1;d2:1
12053,5,True,4,0,0,-1,0,0,-1,0,0,0,0,0,none
12055,32,True,31,0,4,5,12,0,23,6,3,2,1,3,d2:1;d4:1;d5:1
12057,33,True,32,0,4,4,12,0,24,6,3,2,1,3,d2:1;d4:1;d5:1
12059,31,True,30,0,4,2,12,0,22,6,3,2,1,3,d2:1;d4:1;d5:1
12061,22,True,21,0,1,6,2,0,4,4,2,1,1,2,d2:1;d4:1
12063,22,True,21,0,3,2,9,0,13,6,3,2,1,3,d2:1;d4:1;d5:1
12065,11,True,10,0,0,-1,0,0,-1,0,0,0,0,0,none
12067,8,True,7,0,1,4,1,0,3,2,2,1,1,2,d1:1;d2:1
12069,7,True,6,0,1,3,1,0,2,2,2,1,1,2,d1:1;d2:1
12071,6,True,5,0,1,1,1,0,0,3,2,1,1,2,d1:1;d3:1
12073,6,True,5,0,0,-1,0,0,-1,0,0,0,0,0,none
12075,9,True,8,0,0,-1,0,0,-1,0,0,0,0,0,none
12077,13,True,12,0,2,8,4,0,4,4,3,1,2,2,d1:1;d3:1;d4:1
12079,7,True,6,0,1,2,2,0,0,4,2,1,1,2,d2:1;d4:1
12081,12,True,11,0,2,7,4,0,3,4,3,1,2,2,d1:1;d3:1;d4:1
12083,12,True,11,0,2,7,4,0,3,4,3,1,2,2,d1:1;d3:1;d4:1
12085,12,True,11,0,1,5,2,0,3,6,3,2,1,3,d2:1;d4:1;d5:1
12087,23,True,22,0,3,4,5,0,6,4,2,1,1,2,d1:1;d3:1
12089,11,True,10,0,0,-1,0,0,-1,0,0,0,0,0,none
12091,17,True,16,0,4,8,2,0,6,8,5,1,4,2,d1:1;d3:1;d4:1;d6:1;d8:1
12093,17,True,16,0,4,8,2,0,6,8,5,1,4,2,d1:1;d3:1;d4:1;d6:1;d8:1
12095,16,True,15,0,4,1,2,0,5,8,5,1,4,2,d1:1;d3:1;d4:1;d6:1;d8:1
12097,12,True,11,0,1,5,2,0,3,6,3,2,1,3,d2:1;d4:1;d5:1
12099,12,True,11,0,1,5,2,0,3,3,2,1,1,2,d1:1;d3:1
12101,12,True,11,0,1,5,2,0,3,5,3,2,1,3,d2:1;d4:1;d5:1
12103,30,True,29,0,4,1,12,0,21,6,3,2,1,3,d2:1;d4:1;d5:1
12105,35,True,34,0,7,21,14,0,9,6,3,1,2,2,d1:1;d3:1;d5:1
12107,12,True,11,0,1,5,2,0,3,5,3,2,1,3,d2:1;d4:1;d5:1
12109,14,True,13,0,1,4,2,0,2,3,2,1,1,2,d1:1;d3:1
12111,16,True,15,0,2,4,1,0,6,9,5,3,2,4,d2:1;d4:1;d5:1;d7:1;d9:1
12113,14,True,13,0,1,3,2,0,2,4,3,2,1,3,d1:1;d2:1;d4:1
12115,32,True,31,0,6,2,11,0,6,6,3,1,2,2,d1:1;d3:1;d5:1
12117,18,True,17,0,3,13,9,0,9,6,3,2,1,3,d2:1;d4:1;d5:1
12119,27,True,26,0,3,5,9,0,18,6,3,2,1,3,d2:1;d4:1;d5:1
12121,24,True,23,0,4,7,9,0,5,3,2,1,1,2,d1:1;d3:1
12123,18,True,17,0,2,5,4,0,3,4,2,1,1,2,d1:1;d3:1
12125,23,True,22,0,3,6,9,0,2,8,5,2,3,3,d1:1;d2:1;d4:1;d6:1;d7:1
12127,22,True,21,0,3,5,9,0,3,3,2,1,1,2,d1:1;d3:1
12129,24,True,23,0,5,11,9,0,6,5,3,1,2,2,d1:1;d2:1;d4:1
12131,4,True,3,0,0,-1,0,0,-1,0,0,0,0,0,none
12133,4,True,3,0,0,-1,0,0,-1,0,0,0,0,0,none
12135,35,True,34,0,6,7,9,0,1,12,7,2,5,3,d1:1;d3:1;d5:1;d6:1;d8:1;d10:1;d11:1
12137,29,True,28,0,5,11,13,0,20,6,3,2,1,3,d2:1;d4:1;d5:1
12139,11,True,10,0,0,-1,0,0,-1,0,0,0,0,0,none
12141,30,True,29,0,5,26,13,0,21,6,3,2,1,3,d2:1;d4:1;d5:1
12143,20,True,19,0,5,3,7,0,7,4,3,1,2,2,d1:1;d2:1;d4:1
12145,13,True,12,0,1,10,1,0,9,3,2,1,1,2,d2:1;d3:1
12147,15,True,14,0,1,12,1,0,11,3,2,1,1,2,d2:1;d3:1
12149,13,True,12,0,1,10,1,0,9,3,2,1,1,2,d2:1;d3:1
12151,14,True,13,0,1,11,1,0,10,3,2,1,1,2,d2:1;d3:1
12153,29,True,28,0,5,25,13,0,20,6,3,2,1,3,d2:1;d4:1;d5:1
12155,31,True,30,0,5,6,13,0,22,6,3,2,1,3,d2:1;d4:1;d5:1
12157,28,True,27,0,5,24,13,0,19,6,3,2,1,3,d2:1;d4:1;d5:1
12159,12,True,11,0,2,1,1,0,0,7,4,2,2,3,d2:1;d3:1;d5:1;d7:1
12161,15,True,14,0,1,12,1,0,11,3,2,1,1,2,d2:1;d3:1
12163,12,True,11,0,1,9,1,0,8,3,2,1,1,2,d2:1;d3:1
12165,27,True,26,0,5,3,13,0,18,6,3,2,1,3,d2:1;d4:1;d5:1
12167,12,True,11,0,1,1,1,0,0,3,2,1,1,2,d1:1;d3:1
12169,28,True,27,0,5,3,13,0,19,6,3,2,1,3,d2:1;d4:1;d5:1
12171,26,True,25,0,5,22,13,0,17,6,3,2,1,3,d2:1;d4:1;d5:1
12173,19,True,18,0,3,14,9,0,10,6,3,2,1,3,d2:1;d4:1;d5:1
12175,26,True,25,0,5,22,13,0,17,6,3,2,1,3,d2:1;d4:1;d5:1
12177,15,True,14,0,1,5,1,0,4,3,2,1,1,2,d2:1;d3:1
12179,13,True,12,0,1,3,1,0,2,3,2,1,1,2,d2:1;d3:1
12181,8,True,7,0,0,-1,0,0,-1,0,0,0,0,0,none
12183,8,True,7,0,0,-1,0,0,-1,0,0,0,0,0,none
12185,9,True,8,0,0,-1,0,0,-1,0,0,0,0,0,none
12187,16,True,15,0,1,5,1,0,4,3,2,1,1,2,d2:1;d3:1
12189,12,True,11,0,1,9,1,0,8,3,2,1,1,2,d2:1;d3:1
12191,29,True,28,0,5,3,13,0,20,6,3,2,1,3,d2:1;d4:1;d5:1
12193,14,True,13,0,1,6,2,0,4,3,2,1,1,2,d1:1;d3:1
12195,8,True,7,0,0,-1,0,0,-1,0,0,0,0,0,none
12197,20,True,19,0,4,10,9,0,3,3,2,1,1,2,d1:1;d3:1
12199,27,True,26,0,5,4,13,0,18,6,3,2,1,3,d2:1;d4:1;d5:1
12201,14,True,13,0,2,3,2,0,1,6,3,1,2,2,d2:1;d3:1;d5:1
12203,14,True,13,0,1,4,1,0,3,2,2,1,1,2,d1:1;d2:1
12205,27,True,26,0,5,6,13,0,18,6,3,2,1,3,d2:1;d4:1;d5:1
12207,27,True,26,0,5,1,13,0,18,6,3,2,1,3,d2:1;d4:1;d5:1
12209,20,True,19,0,3,15,9,0,11,6,3,2,1,3,d2:1;d4:1;d5:1
12211,19,True,18,0,3,14,9,0,10,6,3,2,1,3,d2:1;d4:1;d5:1
12213,27,True,26,0,4,5,12,0,18,6,3,2,1,3,d2:1;d4:1;d5:1
12215,25,True,24,0,5,21,13,0,16,6,3,2,1,3,d2:1;d4:1;d5:1
12217,9,True,8,0,0,-1,0,0,-1,0,0,0,0,0,none
12219,8,True,7,0,0,-1,0,0,-1,0,0,0,0,0,none
12221,14,True,13,0,1,11,1,0,10,3,2,1,1,2,d2:1;d3:1
12223,17,True,16,0,3,7,7,0,0,6,4,1,3,2,d1:1;d2:1;d4:1;d6:1
12225,28,True,27,0,4,23,12,0,19,6,3,2,1,3,d2:1;d4:1;d5:1
12227,27,True,26,0,4,2,12,0,18,6,3,2,1,3,d2:1;d4:1;d5:1
12229,18,True,17,0,3,13,9,0,9,6,3,2,1,3,d2:1;d4:1;d5:1
12231,27,True,26,0,5,1,13,0,18,6,3,2,1,3,d2:1;d4:1;d5:1
12233,24,True,23,0,2,6,4,0,2,5,3,1,2,2,d2:1;d4:1;d5:1
12235,19,True,18,0,3,14,9,0,10,6,3,2,1,3,d2:1;d4:1;d5:1
12237,16,True,15,0,1,13,1,0,12,3,2,1,1,2,d2:1;d3:1
12239,13,True,12,0,1,10,1,0,9,3,2,1,1,2,d2:1;d3:1
12241,16,True,15,0,1,13,1,0,12,3,2,1,1,2,d2:1;d3:1
12243,29,True,28,0,8,13,12,0,7,5,2,1,1,2,d2:1;d4:1
12245,10,True,9,0,2,2,1,0,1,5,3,1,2,2,d1:1;d2:1;d4:1
12247,29,True,28,0,4,3,12,0,20,6,3,2,1,3,d2:1;d4:1;d5:1
12249,18,True,17,0,3,13,9,0,9,6,3,2,1,3,d2:1;d4:1;d5:1
12251,27,True,26,0,5,23,13,0,18,6,3,2,1,3,d2:1;d4:1;d5:1
12253,14,True,13,0,1,11,1,0,10,3,2,1,1,2,d2:1;d3:1
12255,12,True,11,0,1,1,1,0,0,5,3,2,1,3,d1:1;d3:1;d5:1
12257,20,True,19,0,3,7,5,0,3,4,2,1,1,2,d1:1;d3:1
12259,10,True,9,0,2,2,1,0,1,4,3,1,2,2,d1:1;d2:1;d4:1
12261,25,True,24,0,4,20,12,0,16,6,3,2,1,3,d2:1;d4:1;d5:1
12263,21,True,20,0,2,1,6,0,12,6,3,2,1,3,d2:1;d4:1;d5:1
12265,14,True,13,0,1,3,2,0,1,4,2,1,1,2,d1:1;d3:1
12267,23,True,22,0,2,8,6,0,4,3,2,1,1,2,d2:1;d3:1
12269,16,True,15,0,1,4,1,0,3,2,2,1,1,2,d1:1;d2:1
12271,26,True,25,0,4,1,12,0,17,6,3,2,1,3,d2:1;d4:1;d5:1
12273,10,True,9,0,0,-1,0,0,-1,0,0,0,0,0,none
12275,20,True,19,0,4,7,3,0,9,3,2,1,1,2,d1:1;d3:1
12277,12,True,11,0,3,3,2,0,1,7,4,1,3,2,d1:1;d3:1;d4:1;d6:1
12279,20,True,19,0,4,4,3,0,9,3,2,1,1,2,d1:1;d3:1
12281,21,True,20,0,4,8,3,0,10,3,2,1,1,2,d1:1;d3:1
12283,12,True,11,0,1,3,2,0,2,2,2,1,1,2,d1:1;d2:1
12285,29,True,28,0,5,12,11,0,3,6,3,1,2,2,d1:1;d3:1;d5:1
12287,24,True,23,0,7,7,7,0,2,4,2,1,1,2,d1:1;d3:1
12289,13,True,12,0,0,-1,0,0,-1,0,0,0,0,0,none
12291,12,True,11,0,0,-1,0,0,-1,0,0,0,0,0,none
12293,21,True,20,0,3,16,9,0,12,6,3,2,1,3,d2:1;d4:1;d5:1
12295,11,True,10,0,1,1,1,0,0,3,2,1,1,2,d1:1;d3:1
12297,12,True,11,0,0,-1,0,0,-1,0,0,0,0,0,none
12299,20,True,19,0,3,15,9,0,11,6,3,2,1,3,d2:1;d4:1;d5:1
12301,26,True,25,0,5,8,13,0,17,6,3,2,1,3,d2:1;d4:1;d5:1
12303,18,True,17,0,3,13,9,0,9,6,3,2,1,3,d2:1;d4:1;d5:1
12305,26,True,25,0,5,8,13,0,17,6,3,2,1,3,d2:1;d4:1;d5:1
12307,19,True,18,0,1,13,1,0,12,2,2,1,1,2,d1:1;d2:1
12309,8,True,7,0,0,-1,0,0,-1,0,0,0,0,0,none
12311,24,True,23,0,5,6,13,0,15,6,3,2,1,3,d2:1;d4:1;d5:1
12313,19,True,18,0,3,14,9,0,10,6,3,2,1,3,d2:1;d4:1;d5:1
12315,19,True,18,0,2,5,4,0,1,5,3,1,2,2,d2:1;d3:1;d5:1
12317,26,True,25,0,5,22,13,0,17,6,3,2,1,3,d2:1;d4:1;d5:1
12319,19,True,18,0,2,3,3,0,0,5,3,1,2,2,d1:1;d3:1;d5:1
12321,26,True,25,0,5,4,13,0,17,6,3,2,1,3,d2:1;d4:1;d5:1
12323,7,True,6,0,0,-1,0,0,-1,0,0,0,0,0,none
12325,25,True,24,0,5,21,13,0,16,6,3,2,1,3,d2:1;d4:1;d5:1
12327,25,True,24,0,4,1,12,0,16,6,3,2,1,3,d2:1;d4:1;d5:1
12329,32,True,31,0,3,5,9,0,23,6,3,2,1,3,d2:1;d4:1;d5:1
12331,31,True,30,0,3,8,9,0,22,6,3,2,1,3,d2:1;d4:1;d5:1
12333,8,True,7,0,0,-1,0,0,-1,0,0,0,0,0,none
12335,31,True,30,0,3,5,9,0,22,6,3,2,1,3,d2:1;d4:1;d5:1
12337,19,True,18,0,3,4,9,0,10,6,3,2,1,3,d2:1;d4:1;d5:1
12339,19,True,18,0,3,14,9,0,10,6,3,2,1,3,d2:1;d4:1;d5:1
12341,7,True,6,0,0,-1,0,0,-1,0,0,0,0,0,none
12343,43,True,42,0,4,2,12,0,34,6,3,2,1,3,d2:1;d4:1;d5:1
12345,12,True,11,0,0,-1,0,0,-1,0,0,0,0,0,none
12347,10,True,9,0,0,-1,0,0,-1,0,0,0,0,0,none
12349,19,True,18,0,2,7,6,0,10,6,3,2,1,3,d2:1;d4:1;d5:1
12351,22,True,21,0,2,1,6,0,3,6,4,2,2,3,d1:1;d3:1;d5:1;d6:1
12353,19,True,18,0,2,7,6,0,10,6,3,2,1,3,d2:1;d4:1;d5:1
12355,18,True,17,0,2,6,6,0,9,6,3,2,1,3,d2:1;d4:1;d5:1
12357,7,True,6,0,0,-1,0,0,-1,0,0,0,0,0,none
12359,25,True,24,0,5,1,13,0,16,6,3,2,1,3,d2:1;d4:1;d5:1
12361,17,True,16,0,2,8,3,0,5,5,3,1,2,2,d1:1;d3:1;d5:1
12363,6,True,5,0,0,-1,0,0,-1,0,0,0,0,0,none
12365,12,True,11,0,1,5,1,0,4,4,2,1,1,2,d2:1;d4:1
12367,27,True,26,0,4,22,12,0,18,6,3,2,1,3,d2:1;d4:1;d5:1
12369,11,True,10,0,1,4,1,0,3,4,2,1,1,2,d2:1;d4:1
12371,20,True,19,0,2,3,2,0,1,4,3,1,2,2,d1:1;d2:1;d4:1
12373,21,True,20,0,5,17,13,0,12,6,3,2,1,3,d2:1;d4:1;d5:1
12375,11,True,10,0,1,8,1,0,7,3,2,1,1,2,d2:1;d3:1
12377,12,True,11,0,1,9,1,0,8,3,2,1,1,2,d2:1;d3:1
12379,12,True,11,0,1,4,3,0,1,3,2,1,1,2,d1:1;d3:1
12381,7,True,6,0,0,-1,0,0,-1,0,0,0,0,0,none
12383,28,True,27,0,4,5,2,0,17,8,5,1,4,2,d1:1;d3:1;d4:1;d6:1;d8:1
12385,17,True,16,0,1,8,2,0,6,3,2,1,1,2,d1:1;d3:1
12387,29,True,28,0,6,8,9,0,3,6,3,1,2,2,d1:1;d3:1;d5:1
12389,30,True,29,0,5,9,9,0,4,6,3,1,2,2,d1:1;d3:1;d5:1
12391,12,True,11,0,2,2,2,0,1,4,2,1,1,2,d2:1;d3:1
12393,11,True,10,0,1,8,1,0,7,3,2,1,1,2,d2:1;d3:1
12395,26,True,25,0,4,21,12,0,17,6,3,2,1,3,d2:1;d4:1;d5:1
12397,26,True,25,0,2,5,3,0,2,5,3,1,2,2,d2:1;d3:1;d5:1
12399,41,True,40,0,5,17,17,0,11,10,6,2,4,3,d1:1;d3:1;d4:1;d6:1;d8:1;d9:1
12401,21,True,20,0,5,17,13,0,12,6,3,2,1,3,d2:1;d4:1;d5:1
12403,7,True,6,0,0,-1,0,0,-1,0,0,0,0,0,none
12405,27,True,26,0,4,4,12,0,18,6,3,2,1,3,d2:1;d4:1;d5:1
12407,19,True,18,0,1,3,1,0,2,2,2,1,1,2,d1:1;d2:1
12409,18,True,17,0,1,4,2,0,2,3,2,1,1,2,d1:1;d2:1
12411,19,True,18,0,0,-1,0,0,-1,0,0,0,0,0,none
12413,19,True,18,0,1,4,3,0,1,4,2,1,1,2,d1:1;d3:1
12415,16,True,15,0,3,1,1,0,0,7,4,1,3,2,d2:1;d3:1;d5:1;d7:1
12417,20,True,19,0,2,15,6,0,11,6,3,2,1,3,d2:1;d4:1;d5:1
12419,25,True,24,0,4,6,12,0,16,6,3,2,1,3,d2:1;d4:1;d5:1
12421,26,True,25,0,4,7,12,0,17,6,3,2,1,3,d2:1;d4:1;d5:1
12423,17,True,16,0,3,1,5,0,6,3,2,1,1,2,d1:1;d2:1
12425,17,True,16,0,2,3,1,0,2,4,3,1,2,2,d1:1;d3:1;d4:1
12427,14,True,13,0,1,7,1,0,6,2,2,1,1,2,d1:1;d2:1
12429,21,True,20,0,5,17,13,0,12,6,3,2,1,3,d2:1;d4:1;d5:1
12431,12,True,11,0,1,2,1,0,1,2,2,1,1,2,d1:1;d2:1
12433,18,True,17,0,2,13,6,0,9,6,3,2,1,3,d2:1;d4:1;d5:1
12435,17,True,16,0,2,12,6,0,8,6,3,2,1,3,d2:1;d4:1;d5:1
12437,7,True,6,0,0,-1,0,0,-1,0,0,0,0,0,none
12439,19,True,18,0,5,15,13,0,10,6,3,2,1,3,d2:1;d4:1;d5:1
12441,27,True,26,0,4,14,8,0,10,6,4,2,2,3,d1:1;d3:1;d5:1;d6:1
12443,16,True,15,0,2,2,1,0,1,4,3,1,2,2,d1:1;d2:1;d4:1
12445,8,True,7,0,0,-1,0,0,-1,0,0,0,0,0,none
12447,27,True,26,0,7,7,9,0,2,8,5,2,3,3,d1:1;d2:1;d4:1;d6:1;d8:1
12449,28,True,27,0,4,5,12,0,19,6,3,2,1,3,d2:1;d4:1;d5:1
12451,6,True,5,0,0,-1,0,0,-1,0,0,0,0,0,none
12453,15,True,14,0,4,2,3,0,4,3,2,1,1,2,d1:1;d3:1
12455,21,True,20,0,4,4,4,0,12,7,5,1,4,2,d1:1;d2:1;d4:1;d6:1;d7:1
12457,11,True,10,0,3,4,3,0,1,7,4,1,3,2,d1:1;d3:1;d4:1;d6:1
12459,9,True,8,0,0,-1,0,0,-1,0,0,0,0,0,none
12461,15,True,14,0,1,9,1,0,8,2,2,1,1,2,d1:1;d2:1
12463,26,True,25,0,3,1,9,0,3,8,4,1,3,2,d2:1;d4:1;d6:1;d7:1
12465,14,True,13,0,1,8,1,0,7,2,2,1,1,2,d1:1;d2:1
12467,13,True,12,0,1,7,1,0,6,2,2,1,1,2,d1:1;d2:1
12469,14,True,13,0,1,8,1,0,7,2,2,1,1,2,d1:1;d2:1
12471,27,True,26,0,3,10,9,0,8,4,3,1,2,2,d1:1;d3:1;d4:1
12473,33,True,32,0,6,4,17,0,16,3,2,1,1,2,d1:1;d3:1
12475,31,True,30,0,6,22,17,0,14,3,2,1,1,2,d1:1;d3:1
12477,11,True,10,0,0,-1,0,0,-1,0,0,0,0,0,none
12479,14,True,13,0,3,1,2,0,0,6,4,1,3,2,d1:1;d2:1;d4:1;d6:1
12481,11,True,10,0,0,-1,0,0,-1,0,0,0,0,0,none
12483,9,True,8,0,0,-1,0,0,-1,0,0,0,0,0,none
12485,13,True,12,0,1,7,1,0,6,2,2,1,1,2,d1:1;d2:1
12487,17,True,16,0,1,1,4,0,0,3,2,1,1,2,d1:1;d3:1
12489,12,True,11,0,1,6,1,0,5,2,2,1,1,2,d1:1;d2:1
12491,13,True,12,0,1,7,1,0,6,2,2,1,1,2,d1:1;d2:1
12493,14,True,13,0,1,8,1,0,7,2,2,1,1,2,d1:1;d2:1
12495,27,True,26,0,4,3,9,0,5,8,5,1,4,2,d1:1;d2:1;d4:1;d6:1;d8:1
12497,28,True,27,0,3,8,9,0,19,6,3,2,1,3,d2:1;d4:1;d5:1
12499,27,True,26,0,3,7,9,0,18,6,3,2,1,3,d2:1;d4:1;d5:1
12501,20,True,19,0,4,15,12,0,11,6,3,2,1,3,d2:1;d4:1;d5:1
12503,19,True,18,0,2,4,6,0,10,6,3,2,1,3,d2:1;d4:1;d5:1
12505,26,True,25,0,3,3,9,0,17,6,3,2,1,3,d2:1;d4:1;d5:1
12507,20,True,19,0,1,13,2,0,11,6,3,2,1,3,d2:1;d4:1;d5:1
12509,26,True,25,0,3,6,9,0,17,6,3,2,1,3,d2:1;d4:1;d5:1
12511,17,True,16,0,1,2,2,0,0,5,3,2,1,3,d1:1;d3:1;d5:1
12513,14,True,13,0,2,6,4,0,2,7,4,2,2,3,d2:1;d4:1;d5:1;d7:1
12515,19,True,18,0,4,14,12,0,10,6,3,2,1,3,d2:1;d4:1;d5:1
12517,21,True,20,0,2,10,6,0,5,3,2,1,1,2,d1:1;d2:1
12519,13,True,12,0,2,2,2,0,1,3,2,1,1,2,d1:1;d2:1
12521,12,True,11,0,1,2,1,0,1,4,2,1,1,2,d1:1;d3:1
12523,12,True,11,0,1,3,1,0,2,3,2,1,1,2,d1:1;d2:1
12525,20,True,19,0,2,9,6,0,4,2,2,1,1,2,d1:1;d2:1
12527,39,True,38,0,4,5,12,0,30,6,3,2,1,3,d2:1;d4:1;d5:1
12529,21,True,20,0,5,17,13,0,12,6,3,2,1,3,d2:1;d4:1;d5:1
12531,14,True,13,0,1,5,3,0,2,3,2,1,1,2,d1:1;d2:1
12533,19,True,18,0,5,15,13,0,10,6,3,2,1,3,d2:1;d4:1;d5:1
12535,11,True,10,0,2,4,1,0,3,5,3,1,2,2,d1:1;d3:1;d5:1
12537,11,True,10,0,2,4,1,0,3,6,4,2,2,3,d1:1;d2:1;d4:1;d6:1
12539,26,True,25,0,5,9,7,0,3,5,3,2,1,3,d1:1;d2:1;d4:1
12541,12,True,11,0,1,6,1,0,5,2,2,1,1,2,d1:1;d2:1
12543,16,True,15,0,2,1,2,0,2,4,3,1,2,2,d1:1;d3:1;d4:1
12545,15,True,14,0,1,9,1,0,8,2,2,1,1,2,d1:1;d2:1
12547,12,True,11,0,1,6,1,0,5,2,2,1,1,2,d1:1;d2:1
12549,8,True,7,0,0,-1,0,0,-1,0,0,0,0,0,none
12551,25,True,24,0,3,1,9,0,16,6,3,2,1,3,d2:1;d4:1;d5:1
12553,13,True,12,0,1,7,1,0,6,2,2,1,1,2,d1:1;d2:1
12555,22,True,21,0,1,8,3,0,5,4,2,1,1,2,d1:1;d3:1
12557,8,True,7,0,0,-1,0,0,-1,0,0,0,0,0,none
12559,19,True,18,0,1,5,3,0,2,4,2,1,1,2,d1:1;d3:1
12561,9,True,8,0,0,-1,0,0,-1,0,0,0,0,0,none
12563,11,True,10,0,1,5,1,0,4,2,2,1,1,2,d1:1;d2:1
12565,21,True,20,0,4,16,12,0,12,6,3,2,1,3,d2:1;d4:1;d5:1
12567,28,True,27,0,3,5,9,0,19,6,3,2,1,3,d2:1;d4:1;d5:1
12569,29,True,28,0,3,24,9,0,20,6,3,2,1,3,d2:1;d4:1;d5:1
12571,10,True,9,0,2,2,1,0,1,6,4,2,2,3,d1:1;d3:1;d4:1;d6:1
12573,21,True,20,0,1,4,1,0,3,2,2,1,1,2,d1:1;d2:1
12575,26,True,25,0,3,1,9,0,17,6,3,2,1,3,d2:1;d4:1;d5:1
12577,7,True,6,0,0,-1,0,0,-1,0,0,0,0,0,none
12579,13,True,12,0,1,4,2,0,2,4,2,1,1,2,d2:1;d3:1
12581,13,True,12,0,1,4,2,0,2,3,2,1,1,2,d2:1;d3:1
12583,44,True,43,0,4,1,16,0,35,6,3,2,1,3,d2:1;d4:1;d5:1
12585,22,True,21,0,1,2,1,0,1,5,3,2,1,3,d1:1;d2:1;d4:1
12587,13,True,12,0,0,-1,0,0,-1,0,0,0,0,0,none
12589,21,True,20,0,4,16,12,0,12,6,3,2,1,3,d2:1;d4:1;d5:1
12591,36,True,35,0,8,3,7,0,14,4,2,1,1,2,d1:1;d3:1
12593,13,True,12,0,0,-1,0,0,-1,0,0,0,0,0,none
12595,13,True,12,0,0,-1,0,0,-1,0,0,0,0,0,none
12597,13,True,12,0,0,-1,0,0,-1,0,0,0,0,0,none
12599,12,True,11,0,1,2,1,0,1,3,2,1,1,2,d1:1;d2:1
12601,25,True,24,0,3,4,9,0,16,6,3,2,1,3,d2:1;d4:1;d5:1
12603,12,True,11,0,0,-1,0,0,-1,0,0,0,0,0,none
12605,12,True,11,0,0,-1,0,0,-1,0,0,0,0,0,none
12607,23,True,22,0,3,3,9,0,14,6,3,2,1,3,d2:1;d4:1;d5:1
12609,14,True,13,0,0,-1,0,0,-1,0,0,0,0,0,none
12611,11,True,10,0,0,-1,0,0,-1,0,0,0,0,0,none
12613,13,True,12,0,0,-1,0,0,-1,0,0,0,0,0,none
12615,12,True,11,0,1,1,1,0,0,3,2,1,1,2,d1:1;d3:1
12617,12,True,11,0,0,-1,0,0,-1,0,0,0,0,0,none
12619,13,True,12,0,0,-1,0,0,-1,0,0,0,0,0,none
12621,18,True,17,0,4,4,2,0,9,7,5,1,4,2,d1:1;d2:1;d4:1;d6:1;d7:1
12623,20,True,19,0,2,6,3,0,3,6,4,2,2,3,d1:1;d3:1;d5:1;d6:1
12625,18,True,17,0,4,3,2,0,9,7,5,1,4,2,d1:1;d2:1;d4:1;d6:1;d7:1
12627,26,True,25,0,3,4,9,0,1,6,4,1,3,2,d1:1;d3:1;d4:1;d6:1
12629,6,True,5,0,1,3,1,0,2,3,2,1,1,2,d2:1;d3:1
12631,12,True,11,0,0,-1,0,0,-1,0,0,0,0,0,none
12633,12,True,11,0,1,4,1,0,3,4,3,2,1,3,d1:1;d3:1;d4:1
12635,12,True,11,0,1,2,1,0,1,3,2,1,1,2,d1:1;d3:1
12637,21,True,20,0,4,16,12,0,12,6,3,2,1,3,d2:1;d4:1;d5:1
12639,30,True,29,0,5,3,13,0,21,6,3,2,1,3,d2:1;d4:1;d5:1
12641,28,True,27,0,3,4,9,0,19,6,3,2,1,3,d2:1;d4:1;d5:1
12643,23,True,22,0,3,6,9,0,4,4,3,1,2,2,d1:1;d3:1;d4:1
12645,23,True,22,0,3,6,9,0,4,4,3,1,2,2,d1:1;d3:1;d4:1
12647,15,True,14,0,4,1,2,0,6,7,5,1,4,2,d1:1;d2:1;d4:1;d6:1;d7:1
12649,12,True,11,0,0,-1,0,0,-1,0,0,0,0,0,none
12651,13,True,12,0,0,-1,0,0,-1,0,0,0,0,0,none
12653,11,True,10,0,1,4,2,0,2,3,2,1,1,2,d1:1;d3:1
12655,10,True,9,0,1,1,1,0,0,4,2,1,1,2,d2:1;d4:1
12657,14,True,13,0,2,9,6,0,5,6,3,2,1,3,d2:1;d4:1;d5:1
12659,24,True,23,0,3,7,9,0,15,6,3,2,1,3,d2:1;d4:1;d5:1
12661,13,True,12,0,2,8,6,0,4,6,3,2,1,3,d2:1;d4:1;d5:1
12663,11,True,10,0,1,6,4,0,2,3,2,1,1,2,d2:1;d3:1
12665,19,True,18,0,3,6,4,0,3,3,2,1,1,2,d2:1;d3:1
12667,11,True,10,0,0,-1,0,0,-1,0,0,0,0,0,none
12669,26,True,25,0,4,6,9,0,9,3,2,1,1,2,d1:1;d3:1
12671,21,True,20,0,3,3,9,0,12,6,3,2,1,3,d2:1;d4:1;d5:1
12673,21,True,20,0,4,16,12,0,12,6,3,2,1,3,d2:1;d4:1;d5:1
12675,10,True,9,0,1,4,1,0,3,2,2,1,1,2,d1:1;d2:1
12677,10,True,9,0,1,6,1,0,5,4,3,2,1,3,d1:1;d2:1;d4:1
12679,9,True,8,0,1,1,1,0,0,3,2,1,1,2,d1:1;d3:1
12681,10,True,9,0,0,-1,0,0,-1,0,0,0,0,0,none
12683,35,True,34,0,5,10,13,0,26,6,3,2,1,3,d2:1;d4:1;d5:1
12685,13,True,12,0,2,8,6,0,4,6,3,2,1,3,d2:1;d4:1;d5:1
12687,8,True,7,0,1,4,1,0,3,4,3,2,1,3,d1:1;d2:1;d4:1
12689,15,True,14,0,2,10,6,0,6,6,3,2,1,3,d2:1;d4:1;d5:1
12691,13,True,12,0,2,8,6,0,4,6,3,2,1,3,d2:1;d4:1;d5:1
12693,13,True,12,0,1,6,2,0,4,6,3,2,1,3,d2:1;d4:1;d5:1
12695,6,True,5,0,0,-1,0,0,-1,0,0,0,0,0,none
12697,8,True,7,0,0,-1,0,0,-1,0,0,0,0,0,none
12699,34,True,33,0,4,2,12,0,25,6,3,2,1,3,d2:1;d4:1;d5:1
12701,33,True,32,0,4,4,12,0,3,8,5,2,3,3,d1:1;d3:1;d5:1;d6:1;d8:1
12703,27,True,26,0,4,19,19,0,13,5,3,1,2,2,d1:1;d3:1;d5:1
12705,24,True,23,0,1,8,2,0,6,4,2,1,1,2,d2:1;d4:1
12707,9,True,8,0,1,3,1,0,2,2,2,1,1,2,d1:1;d2:1
12709,9,True,8,0,1,5,1,0,4,2,2,1,1,2,d1:1;d2:1
12711,11,True,10,0,1,2,2,0,0,3,2,1,1,2,d1:1;d3:1
12713,20,True,19,0,2,2,2,0,7,5,3,1,2,2,d1:1;d3:1;d4:1
12715,9,True,8,0,2,5,2,0,3,4,3,1,2,2,d1:1;d3:1;d4:1
12717,16,True,15,0,2,11,4,0,7,4,3,1,2,2,d1:1;d3:1;d4:1
12719,13,True,12,0,1,1,2,0,0,4,2,1,1,2,d2:1;d4:1
12721,19,True,18,0,4,7,4,0,8,8,5,1,4,2,d1:1;d3:1;d4:1;d6:1;d8:1
12723,18,True,17,0,4,6,4,0,7,8,5,1,4,2,d1:1;d3:1;d4:1;d6:1;d8:1
12725,18,True,17,0,4,6,4,0,7,8,5,1,4,2,d1:1;d3:1;d4:1;d6:1;d8:1
12727,14,True,13,0,2,9,4,0,5,4,3,1,2,2,d1:1;d3:1;d4:1
12729,19,True,18,0,4,7,4,0,8,8,5,1,4,2,d1:1;d3:1;d4:1;d6:1;d8:1
12731,26,True,25,0,3,7,5,0,9,4,2,1,1,2,d1:1;d3:1
12733,13,True,12,0,1,4,2,0,2,2,2,1,1,2,d1:1;d2:1
12735,15,True,14,0,3,5,5,0,0,6,4,1,3,2,d1:1;d2:1;d4:1;d6:1
12737,19,True,18,0,4,5,2,0,8,8,5,1,4,2,d1:1;d3:1;d4:1;d6:1;d8:1
12739,17,True,16,0,4,3,2,0,1,9,6,2,4,3,d1:1;d2:1;d4:1;d6:1;d7:1;d9:1
12741,6,True,5,0,1,3,1,0,2,3,2,1,1,2,d2:1;d3:1
12743,15,True,14,0,1,1,2,0,0,3,2,1,1,2,d1:1;d3:1
12745,15,True,14,0,1,8,2,0,6,5,3,2,1,3,d2:1;d4:1;d5:1
12747,17,True,16,0,1,7,2,0,5,4,2,1,1,2,d1:1;d3:1
12749,23,True,22,0,3,18,9,0,14,6,3,2,1,3,d2:1;d4:1;d5:1
12751,37,True,36,0,7,2,14,0,11,6,3,1,2,2,d1:1;d3:1;d5:1
12753,22,True,21,0,3,17,9,0,13,6,3,2,1,3,d2:1;d4:1;d5:1
12755,16,True,15,0,1,2,2,0,1,3,2,1,1,2,d1:1;d3:1
12757,20,True,19,0,3,15,9,0,11,6,3,2,1,3,d2:1;d4:1;d5:1
12759,15,True,14,0,1,2,2,0,1,3,2,1,1,2,d1:1;d2:1
12761,16,True,15,0,1,13,1,0,12,3,2,1,1,2,d2:1;d3:1
12763,20,True,19,0,3,15,9,0,11,6,3,2,1,3,d2:1;d4:1;d5:1
12765,16,True,15,0,1,13,1,0,12,3,2,1,1,2,d2:1;d3:1
12767,30,True,29,0,8,4,7,0,8,4,2,1,1,2,d1:1;d3:1
12769,26,True,25,0,3,9,9,0,5,8,5,2,3,3,d1:1;d2:1;d4:1;d6:1;d7:1
12771,20,True,19,0,3,15,9,0,11,6,3,2,1,3,d2:1;d4:1;d5:1
12773,7,True,6,0,1,3,1,0,2,3,2,1,1,2,d1:1;d2:1
12775,24,True,23,0,3,2,9,0,5,3,2,1,1,2,d1:1;d3:1
12777,25,True,24,0,5,2,9,0,7,5,3,1,2,2,d1:1;d2:1;d4:1
12779,26,True,25,0,3,4,9,0,17,6,3,2,1,3,d2:1;d4:1;d5:1
12781,17,True,16,0,1,14,1,0,13,3,2,1,1,2,d2:1;d3:1
12783,33,True,32,0,5,6,13,0,24,6,3,2,1,3,d2:1;d4:1;d5:1
12785,20,True,19,0,3,15,9,0,11,6,3,2,1,3,d2:1;d4:1;d5:1
12787,32,True,31,0,5,28,13,0,23,6,3,2,1,3,d2:1;d4:1;d5:1
12789,15,True,14,0,1,2,1,0,1,4,2,1,1,2,d1:1;d3:1
12791,22,True,21,0,5,5,7,0,9,4,3,1,2,2,d1:1;d2:1;d4:1
12793,16,True,15,0,1,13,1,0,12,3,2,1,1,2,d2:1;d3:1
12795,17,True,16,0,1,14,1,0,13,3,2,1,1,2,d2:1;d3:1
12797,30,True,29,0,5,3,13,0,21,6,3,2,1,3,d2:1;d4:1;d5:1
12799,29,True,28,0,5,1,13,0,20,6,3,2,1,3,d2:1;d4:1;d5:1
12801,32,True,31,0,5,7,13,0,23,6,3,2,1,3,d2:1;d4:1;d5:1
12803,20,True,19,0,3,15,9,0,11,6,3,2,1,3,d2:1;d4:1;d5:1
12805,30,True,29,0,5,4,13,0,21,6,3,2,1,3,d2:1;d4:1;d5:1
12807,15,True,14,0,3,1,3,0,3,6,4,1,3,2,d1:1;d2:1;d4:1;d6:1
12809,19,True,18,0,3,14,9,0,10,6,3,2,1,3,d2:1;d4:1;d5:1
12811,30,True,29,0,5,4,13,0,21,6,3,2,1,3,d2:1;d4:1;d5:1
12813,13,True,12,0,4,6,2,0,4,7,5,1,4,2,d1:1;d2:1;d4:1;d6:1;d7:1
12815,27,True,26,0,5,3,13,0,18,6,3,2,1,3,d2:1;d4:1;d5:1
12817,13,True,12,0,4,6,2,0,4,7,5,1,4,2,d1:1;d2:1;d4:1;d6:1;d7:1
12819,22,True,21,0,3,17,9,0,13,6,3,2,1,3,d2:1;d4:1;d5:1
12821,12,True,11,0,4,5,2,0,3,7,5,1,4,2,d1:1;d2:1;d4:1;d6:1;d7:1
12823,11,True,10,0,0,-1,0,0,-1,0,0,0,0,0,none
12825,11,True,10,0,0,-1,0,0,-1,0,0,0,0,0,none
12827,13,True,12,0,1,10,1,0,9,3,2,1,1,2,d2:1;d3:1
12829,11,True,10,0,0,-1,0,0,-1,0,0,0,0,0,none
12831,13,True,12,0,2,2,2,0,0,5,3,1,2,2,d1:1;d3:1;d5:1
12833,12,True,11,0,0,-1,0,0,-1,0,0,0,0,0,none
12835,12,True,11,0,4,5,2,0,3,7,5,1,4,2,d1:1;d2:1;d4:1;d6:1;d7:1
12837,13,True,12,0,1,3,1,0,2,5,3,2,1,3,d2:1;d4:1;d5:1
12839,13,True,12,0,1,1,1,0,0,3,2,1,1,2,d1:1;d3:1
12841,27,True,26,0,2,7,6,0,1,5,3,1,2,2,d1:1;d2:1;d4:1
12843,12,True,11,0,4,5,2,0,3,7,5,1,4,2,d1:1;d2:1;d4:1;d6:1;d7:1
12845,21,True,20,0,3,16,9,0,12,6,3,2,1,3,d2:1;d4:1;d5:1
12847,13,True,12,0,2,4,4,0,2,3,2,1,1,2,d1:1;d3:1
12849,19,True,18,0,3,14,9,0,10,6,3,2,1,3,d2:1;d4:1;d5:1
12851,19,True,18,0,3,14,9,0,10,6,3,2,1,3,d2:1;d4:1;d5:1
12853,5,True,4,0,0,-1,0,0,-1,0,0,0,0,0,none
12855,14,True,13,0,1,4,1,0,3,2,2,1,1,2,d1:1;d2:1
12857,29,True,28,0,5,8,13,0,20,6,3,2,1,3,d2:1;d4:1;d5:1
12859,29,True,28,0,4,7,12,0,20,6,3,2,1,3,d2:1;d4:1;d5:1
12861,29,True,28,0,4,7,12,0,20,6,3,2,1,3,d2:1;d4:1;d5:1
12863,19,True,18,0,3,14,9,0,10,6,3,2,1,3,d2:1;d4:1;d5:1
12865,14,True,13,0,3,6,1,0,5,6,4,1,3,2,d1:1;d2:1;d4:1;d6:1
12867,12,True,11,0,3,4,1,0,3,6,4,1,3,2,d1:1;d2:1;d4:1;d6:1
12869,18,True,17,0,1,6,3,0,3,3,2,1,1,2,d1:1;d2:1
12871,29,True,28,0,4,1,12,0,20,6,3,2,1,3,d2:1;d4:1;d5:1
12873,16,True,15,0,1,13,1,0,12,3,2,1,1,2,d2:1;d3:1
12875,17,True,16,0,1,5,3,0,2,3,2,1,1,2,d1:1;d2:1
12877,18,True,17,0,1,6,3,0,3,2,2,1,1,2,d1:1;d2:1
12879,30,True,29,0,4,5,12,0,21,6,3,2,1,3,d2:1;d4:1;d5:1
12881,20,True,19,0,3,3,9,0,11,6,3,2,1,3,d2:1;d4:1;d5:1
12883,19,True,18,0,3,2,9,0,10,6,3,2,1,3,d2:1;d4:1;d5:1
12885,3,True,2,0,0,-1,0,0,-1,0,0,0,0,0,none
12887,17,True,16,0,1,14,1,0,13,3,2,1,1,2,d2:1;d3:1
12889,15,True,14,0,2,4,2,0,2,5,3,1,2,2,d1:1;d3:1;d4:1
12891,28,True,27,0,4,4,12,0,19,6,3,2,1,3,d2:1;d4:1;d5:1
12893,4,True,3,0,0,-1,0,0,-1,0,0,0,0,0,none
12895,17,True,16,0,1,14,1,0,13,3,2,1,1,2,d2:1;d3:1
12897,13,True,12,0,2,5,1,0,4,5,3,1,2,2,d1:1;d2:1;d4:1
12899,11,True,10,0,0,-1,0,0,-1,0,0,0,0,0,none
12901,12,True,11,0,0,-1,0,0,-1,0,0,0,0,0,none
12903,19,True,18,0,3,1,9,0,10,6,3,2,1,3,d2:1;d4:1;d5:1
12905,29,True,28,0,5,25,13,0,20,6,3,2,1,3,d2:1;d4:1;d5:1
12907,17,True,16,0,1,14,1,0,13,3,2,1,1,2,d2:1;d3:1
12909,22,True,21,0,4,12,10,0,5,4,2,1,1,2,d1:1;d3:1
12911,30,True,29,0,4,5,12,0,21,6,3,2,1,3,d2:1;d4:1;d5:1
12913,4,True,3,0,0,-1,0,0,-1,0,0,0,0,0,none
12915,28,True,27,0,4,23,12,0,19,6,3,2,1,3,d2:1;d4:1;d5:1
12917,14,True,13,0,4,5,2,0,3,8,5,1,4,2,d1:1;d3:1;d4:1;d6:1;d8:1
12919,13,True,12,0,5,4,2,0,2,9,6,1,5,2,d1:1;d3:1;d4:1;d6:1;d8:1;d9:1
12921,11,True,10,0,0,-1,0,0,-1,0,0,0,0,0,none
12923,18,True,17,0,1,6,1,0,5,2,2,1,1,2,d1:1;d2:1
12925,28,True,27,0,4,5,12,0,19,6,3,2,1,3,d2:1;d4:1;d5:1
12927,14,True,13,0,3,5,5,0,0,7,4,1,3,2,d2:1;d3:1;d5:1;d7:1
12929,23,True,22,0,4,10,3,0,12,3,2,1,1,2,d1:1;d3:1
12931,4,True,3,0,0,-1,0,0,-1,0,0,0,0,0,none
12933,31,True,30,0,7,17,14,0,5,6,3,1,2,2,d1:1;d3:1;d5:1
12935,13,True,12,0,2,1,1,0,3,9,5,3,2,4,d2:1;d4:1;d5:1;d7:1;d9:1
12937,23,True,22,0,4,10,3,0,12,3,2,1,1,2,d1:1;d3:1
12939,31,True,30,0,6,14,11,0,5,6,3,1,2,2,d1:1;d3:1;d5:1
12941,11,True,10,0,1,4,2,0,2,3,2,1,1,2,d2:1;d3:1
12943,25,True,24,0,8,8,7,0,3,4,2,1,1,2,d1:1;d3:1
12945,25,True,24,0,3,20,9,0,16,6,3,2,1,3,d2:1;d4:1;d5:1
12947,24,True,23,0,3,19,9,0,15,6,3,2,1,3,d2:1;d4:1;d5:1
12949,9,True,8,0,0,-1,0,0,-1,0,0,0,0,0,none
12951,10,True,9,0,0,-1,0,0,-1,0,0,0,0,0,none
12953,29,True,28,0,5,11,13,0,20,6,3,2,1,3,d2:1;d4:1;d5:1
12955,20,True,19,0,4,7,6,0,2,5,3,1,2,2,d1:1;d2:1;d4:1
12957,22,True,21,0,3,4,9,0,13,6,3,2,1,3,d2:1;d4:1;d5:1
12959,19,True,18,0,4,5,5,0,4,3,2,1,1,2,d1:1;d2:1
12961,29,True,28,0,5,4,13,0,20,6,3,2,1,3,d2:1;d4:1;d5:1
12963,26,True,25,0,5,3,13,0,17,6,3,2,1,3,d2:1;d4:1;d5:1
12965,25,True,24,0,5,7,13,0,16,6,3,2,1,3,d2:1;d4:1;d5:1
12967,21,True,20,0,1,4,4,0,0,3,2,1,1,2,d1:1;d3:1
12969,16,True,15,0,4,7,6,0,3,4,3,1,2,2,d1:1;d2:1;d4:1
12971,12,True,11,0,0,-1,0,0,-1,0,0,0,0,0,none
12973,12,True,11,0,0,-1,0,0,-1,0,0,0,0,0,none
12975,28,True,27,0,5,1,13,0,19,6,3,2,1,3,d2:1;d4:1;d5:1
12977,11,True,10,0,0,-1,0,0,-1,0,0,0,0,0,none
12979,10,True,9,0,0,-1,0,0,-1,0,0,0,0,0,none
12981,26,True,25,0,5,22,13,0,17,6,3,2,1,3,d2:1;d4:1;d5:1
12983,27,True,26,0,5,23,13,0,18,6,3,2,1,3,d2:1;d4:1;d5:1
12985,11,True,10,0,0,-1,0,0,-1,0,0,0,0,0,none
12987,34,True,33,0,3,7,9,0,25,6,3,2,1,3,d2:1;d4:1;d5:1
12989,10,True,9,0,1,2,1,0,1,3,2,1,1,2,d1:1;d2:1
12991,26,True,25,0,5,5,13,0,17,6,3,2,1,3,d2:1;d4:1;d5:1
12993,26,True,25,0,5,22,13,0,17,6,3,2,1,3,d2:1;d4:1;d5:1
12995,21,True,20,0,3,3,9,0,12,6,3,2,1,3,d2:1;d4:1;d5:1
12997,24,True,23,0,5,20,13,0,15,6,3,2,1,3,d2:1;d4:1;d5:1
12999,10,True,9,0,1,2,2,0,0,3,2,1,1,2,d1:1;d3:1
13001,22,True,21,0,2,4,6,0,13,6,3,2,1,3,d2:1;d4:1;d5:1
13003,22,True,21,0,2,10,6,0,13,6,3,2,1,3,d2:1;d4:1;d5:1
13005,24,True,23,0,5,20,13,0,15,6,3,2,1,3,d2:1;d4:1;d5:1
13007,11,True,10,0,1,2,2,0,0,4,3,2,1,3,d1:1;d2:1;d4:1
13009,25,True,24,0,5,3,13,0,16,6,3,2,1,3,d2:1;d4:1;d5:1
13011,23,True,22,0,5,19,13,0,14,6,3,2,1,3,d2:1;d4:1;d5:1
13013,10,True,9,0,1,7,1,0,6,3,2,1,1,2,d2:1;d3:1
13015,9,True,8,0,0,-1,0,0,-1,0,0,0,0,0,none
13017,24,True,23,0,5,20,13,0,15,6,3,2,1,3,d2:1;d4:1;d5:1
13019,27,True,26,0,5,3,13,0,18,6,3,2,1,3,d2:1;d4:1;d5:1
13021,14,True,13,0,1,7,1,0,6,4,2,1,1,2,d2:1;d4:1
13023,12,True,11,0,1,1,1,0,0,5,3,2,1,3,d2:1;d3:1;d5:1
13025,21,True,20,0,4,8,6,0,3,4,3,1,2,2,d1:1;d2:1;d4:1
13027,9,True,8,0,1,6,1,0,5,3,2,1,1,2,d2:1;d3:1
13029,10,True,9,0,0,-1,0,0,-1,0,0,0,0,0,none
13031,18,True,17,0,2,4,4,0,1,3,2,1,1,2,d1:1;d3:1
13033,24,True,23,0,4,6,5,0,3,7,4,1,3,2,d1:1;d3:1;d4:1;d6:1
13035,15,True,14,0,1,12,1,0,11,3,2,1,1,2,d2:1;d3:1
13037,9,True,8,0,0,-1,0,0,-1,0,0,0,0,0,none
13039,15,True,14,0,3,4,4,0,1,4,2,1,1,2,d1:1;d3:1
13041,10,True,9,0,1,7,1,0,6,3,2,1,1,2,d2:1;d3:1
13043,30,True,29,0,4,7,5,0,19,8,5,1,4,2,d1:1;d3:1;d4:1;d6:1;d8:1
13045,24,True,23,0,5,2,13,0,15,6,3,2,1,3,d2:1;d4:1;d5:1
13047,33,True,32,0,6,12,9,0,7,6,3,1,2,2,d1:1;d3:1;d5:1
13049,33,True,32,0,5,12,9,0,7,6,3,1,2,2,d1:1;d3:1;d5:1
13051,15,True,14,0,1,3,2,0,1,2,2,1,1,2,d1:1;d2:1
13053,13,True,12,0,2,2,1,0,1,5,3,1,2,2,d1:1;d3:1;d4:1
13055,17,True,16,0,4,5,5,0,0,8,5,1,4,2,d1:1;d3:1;d5:1;d6:1;d8:1
13057,31,True,30,0,4,6,12,0,22,6,3,2,1,3,d2:1;d4:1;d5:1
13059,29,True,28,0,4,4,12,0,20,6,3,2,1,3,d2:1;d4:1;d5:1
13061,25,True,24,0,4,20,12,0,16,6,3,2,1,3,d2:1;d4:1;d5:1
13063,23,True,22,0,5,1,13,0,14,6,3,2,1,3,d2:1;d4:1;d5:1
13065,10,True,9,0,1,2,1,0,1,3,2,1,1,2,d1:1;d2:1
13067,22,True,21,0,1,6,1,0,5,2,2,1,1,2,d1:1;d2:1
13069,23,True,22,0,4,18,12,0,14,6,3,2,1,3,d2:1;d4:1;d5:1
13071,22,True,21,0,4,17,12,0,13,6,3,2,1,3,d2:1;d4:1;d5:1
13073,24,True,23,0,4,19,12,0,15,6,3,2,1,3,d2:1;d4:1;d5:1
13075,21,True,20,0,1,2,3,0,1,2,2,1,1,2,d1:1;d2:1
13077,10,True,9,0,1,7,1,0,6,3,2,1,1,2,d2:1;d3:1
13079,27,True,26,0,4,2,12,0,18,6,3,2,1,3,d2:1;d4:1;d5:1
13081,27,True,26,0,4,8,12,0,18,6,3,2,1,3,d2:1;d4:1;d5:1
13083,25,True,24,0,3,6,4,0,3,5,3,1,2,2,d2:1;d3:1;d5:1
13085,25,True,24,0,5,21,13,0,16,6,3,2,1,3,d2:1;d4:1;d5:1
13087,19,True,18,0,3,3,5,0,8,3,2,1,1,2,d1:1;d2:1
13089,23,True,22,0,5,19,13,0,14,6,3,2,1,3,d2:1;d4:1;d5:1
13091,23,True,22,0,4,18,12,0,14,6,3,2,1,3,d2:1;d4:1;d5:1
13093,22,True,21,0,4,17,12,0,13,6,3,2,1,3,d2:1;d4:1;d5:1
13095,14,True,13,0,1,1,1,0,0,3,2,1,1,2,d1:1;d3:1
13097,19,True,18,0,2,14,6,0,10,6,3,2,1,3,d2:1;d4:1;d5:1
13099,11,True,10,0,0,-1,0,0,-1,0,0,0,0,0,none
13101,24,True,23,0,4,19,12,0,15,6,3,2,1,3,d2:1;d4:1;d5:1
13103,23,True,22,0,5,2,13,0,14,6,3,2,1,3,d2:1;d4:1;d5:1
13105,24,True,23,0,4,19,12,0,15,6,3,2,1,3,d2:1;d4:1;d5:1
13107,24,True,23,0,4,19,12,0,15,6,3,2,1,3,d2:1;d4:1;d5:1
13109,11,True,10,0,1,8,1,0,7,3,2,1,1,2,d2:1;d3:1
13111,9,True,8,0,0,-1,0,0,-1,0,0,0,0,0,none
13113,31,True,30,0,4,8,12,0,22,6,3,2,1,3,d2:1;d4:1;d5:1
13115,17,True,16,0,4,4,3,0,6,3,2,1,1,2,d1:1;d3:1
13117,17,True,16,0,4,4,3,0,6,3,2,1,1,2,d1:1;d3:1
13119,8,True,7,0,2,2,2,0,0,6,4,2,2,3,d1:1;d3:1;d4:1;d6:1
13121,11,True,10,0,1,8,1,0,7,3,2,1,1,2,d2:1;d3:1
13123,17,True,16,0,1,2,1,0,1,2,2,1,1,2,d1:1;d2:1
13125,15,True,14,0,1,3,1,0,2,2,2,1,1,2,d1:1;d2:1
13127,9,True,8,0,2,4,4,0,3,3,2,1,1,2,d1:1;d3:1
13129,16,True,15,0,1,10,1,0,9,2,2,1,1,2,d1:1;d2:1
13131,15,True,14,0,1,9,1,0,8,2,2,1,1,2,d1:1;d2:1
13133,15,True,14,0,1,9,1,0,8,2,2,1,1,2,d1:1;d2:1
13135,16,True,15,0,1,1,1,0,0,4,3,2,1,3,d1:1;d2:1;d4:1
13137,35,True,34,0,6,4,17,0,18,3,2,1,1,2,d1:1;d3:1
13139,34,True,33,0,6,3,17,0,17,3,2,1,1,2,d1:1;d3:1
13141,7,True,6,0,0,-1,0,0,-1,0,0,0,0,0,none
13143,11,True,10,0,0,-1,0,0,-1,0,0,0,0,0,none
13145,10,True,9,0,1,7,1,0,6,3,2,1,1,2,d2:1;d3:1
13147,13,True,12,0,1,3,2,0,1,3,2,1,1,2,d2:1;d3:1
13149,16,True,15,0,1,10,1,0,9,2,2,1,1,2,d1:1;d2:1
13151,14,True,13,0,1,8,1,0,7,2,2,1,1,2,d1:1;d2:1
13153,20,True,19,0,2,5,4,0,3,3,2,1,1,2,d1:1;d3:1
13155,22,True,21,0,5,4,13,0,13,6,3,2,1,3,d2:1;d4:1;d5:1
13157,22,True,21,0,5,4,13,0,13,6,3,2,1,3,d2:1;d4:1;d5:1
13159,32,True,31,0,4,4,9,0,15,3,2,1,1,2,d1:1;d3:1
13161,29,True,28,0,4,6,9,0,7,8,5,1,4,2,d1:1;d2:1;d4:1;d6:1;d8:1
13163,23,True,22,0,4,18,12,0,14,6,3,2,1,3,d2:1;d4:1;d5:1
13165,23,True,22,0,4,18,12,0,14,6,3,2,1,3,d2:1;d4:1;d5:1
13167,29,True,28,0,3,2,9,0,20,6,3,2,1,3,d2:1;d4:1;d5:1
13169,22,True,21,0,5,4,13,0,13,6,3,2,1,3,d2:1;d4:1;d5:1
13171,23,True,22,0,5,5,13,0,14,6,3,2,1,3,d2:1;d4:1;d5:1
13173,22,True,21,0,5,18,13,0,13,6,3,2,1,3,d2:1;d4:1;d5:1
13175,28,True,27,0,3,8,9,0,19,6,3,2,1,3,d2:1;d4:1;d5:1
13177,28,True,27,0,3,3,9,0,19,6,3,2,1,3,d2:1;d4:1;d5:1
13179,20,True,19,0,1,2,2,0,1,2,2,1,1,2,d1:1;d2:1
13181,22,True,21,0,4,17,12,0,13,6,3,2,1,3,d2:1;d4:1;d5:1
13183,40,True,39,0,4,10,12,0,31,6,3,2,1,3,d2:1;d4:1;d5:1
13185,25,True,24,0,2,14,6,0,9,3,2,1,1,2,d1:1;d2:1
13187,21,True,20,0,2,3,6,0,5,2,2,1,1,2,d1:1;d2:1
13189,21,True,20,0,2,3,6,0,2,6,4,2,2,3,d1:1;d3:1;d5:1;d6:1
13191,21,True,20,0,2,1,6,0,5,2,2,1,1,2,d1:1;d2:1
13193,22,True,21,0,2,3,6,0,6,2,2,1,1,2,d1:1;d2:1
13195,41,True,40,0,4,9,12,0,4,2,2,1,1,2,d1:1;d2:1
13197,7,True,6,0,0,-1,0,0,-1,0,0,0,0,0,none
13199,16,True,15,0,1,7,3,0,4,3,2,1,1,2,d1:1;d2:1
13201,17,True,16,0,2,8,3,0,5,5,3,1,2,2,d1:1;d3:1;d5:1
13203,15,True,14,0,2,6,3,0,3,5,3,1,2,2,d1:1;d3:1;d5:1
13205,24,True,23,0,4,19,12,0,15,6,3,2,1,3,d2:1;d4:1;d5:1
13207,9,True,8,0,1,6,1,0,5,3,2,1,1,2,d2:1;d3:1
13209,10,True,9,0,1,7,1,0,6,3,2,1,1,2,d2:1;d3:1
13211,13,True,12,0,1,7,1,0,6,2,2,1,1,2,d1:1;d2:1
13213,17,True,16,0,1,3,1,0,2,3,2,1,1,2,d1:1;d3:1
13215,28,True,27,0,3,1,9,0,19,6,3,2,1,3,d2:1;d4:1;d5:1
13217,12,True,11,0,1,3,1,0,2,2,2,1,1,2,d1:1;d2:1
13219,23,True,22,0,4,18,12,0,14,6,3,2,1,3,d2:1;d4:1;d5:1
13221,10,True,9,0,1,2,1,0,1,4,2,1,1,2,d2:1;d3:1
13223,10,True,9,0,1,3,3,0,0,3,2,1,1,2,d1:1;d3:1
13225,26,True,25,0,4,3,2,0,15,8,5,1,4,2,d1:1;d3:1;d4:1;d6:1;d8:1
13227,11,True,10,0,0,-1,0,0,-1,0,0,0,0,0,none
13229,14,True,13,0,1,5,2,0,3,3,2,1,1,2,d1:1;d3:1
13231,23,True,22,0,4,1,12,0,14,6,3,2,1,3,d2:1;d4:1;d5:1
13233,10,True,9,0,1,7,1,0,6,3,2,1,1,2,d2:1;d3:1
13235,9,True,8,0,1,6,1,0,5,3,2,1,1,2,d2:1;d3:1
13237,9,True,8,0,1,6,1,0,5,3,2,1,1,2,d2:1;d3:1
13239,22,True,21,0,4,17,12,0,13,6,3,2,1,3,d2:1;d4:1;d5:1
13241,23,True,22,0,1,4,1,0,3,4,2,1,1,2,d1:1;d3:1
13243,23,True,22,0,1,4,1,0,3,3,2,1,1,2,d1:1;d3:1
13245,28,True,27,0,3,4,9,0,2,6,3,1,2,2,d1:1;d3:1;d5:1
13247,22,True,21,0,3,3,3,0,0,6,4,1,3,2,d1:1;d3:1;d4:1;d6:1
13249,17,True,16,0,1,8,2,0,6,3,2,1,1,2,d2:1;d3:1
13251,14,True,13,0,1,5,2,0,3,3,2,1,1,2,d2:1;d3:1
13253,16,True,15,0,2,4,6,0,7,6,3,2,1,3,d2:1;d4:1;d5:1
13255,47,True,46,0,4,2,16,0,38,6,3,2,1,3,d2:1;d4:1;d5:1
13257,14,True,13,0,0,-1,0,0,-1,0,0,0,0,0,none
13259,16,True,15,0,0,-1,0,0,-1,0,0,0,0,0,none
13261,16,True,15,0,0,-1,0,0,-1,0,0,0,0,0,none
13263,21,True,20,0,4,1,12,0,12,6,3,2,1,3,d2:1;d4:1;d5:1
13265,16,True,15,0,0,-1,0,0,-1,0,0,0,0,0,none
13267,15,True,14,0,1,2,1,0,1,3,2,1,1,2,d2:1;d3:1
13269,15,True,14,0,2,10,6,0,6,6,3,2,1,3,d2:1;d4:1;d5:1
13271,13,True,12,0,2,3,2,0,2,3,2,1,1,2,d1:1;d2:1
13273,15,True,14,0,2,3,6,0,6,6,3,2,1,3,d2:1;d4:1;d5:1
13275,14,True,13,0,0,-1,0,0,-1,0,0,0,0,0,none
13277,10,True,9,0,1,7,1,0,6,3,2,1,1,2,d2:1;d3:1
13279,12,True,11,0,1,3,3,0,0,5,3,2,1,3,d2:1;d3:1;d5:1
13281,16,True,15,0,2,5,3,0,2,4,3,1,2,2,d1:1;d3:1;d4:1
13283,15,True,14,0,2,10,6,0,6,6,3,2,1,3,d2:1;d4:1;d5:1
13285,20,True,19,0,4,6,2,0,11,7,5,1,4,2,d1:1;d2:1;d4:1;d6:1;d7:1
13287,14,True,13,0,1,1,1,0,0,3,2,1,1,2,d1:1;d3:1
13289,13,True,12,0,1,2,1,0,1,4,2,1,1,2,d2:1;d3:1
13291,14,True,13,0,0,-1,0,0,-1,0,0,0,0,0,none
13293,23,True,22,0,4,10,8,0,6,6,4,2,2,3,d1:1;d3:1;d5:1;d6:1
13295,14,True,13,0,2,2,2,0,0,4,3,1,2,2,d1:1;d2:1;d4:1
13297,24,True,23,0,4,5,12,0,15,6,3,2,1,3,d2:1;d4:1;d5:1
13299,29,True,28,0,3,7,9,0,4,7,4,1,3,2,d1:1;d3:1;d4:1;d6:1
13301,23,True,22,0,4,2,12,0,14,6,3,2,1,3,d2:1;d4:1;d5:1
13303,8,True,7,0,1,5,1,0,4,3,2,1,1,2,d2:1;d3:1
13305,15,True,14,0,0,-1,0,0,-1,0,0,0,0,0,none
13307,15,True,14,0,1,3,2,0,1,2,2,1,1,2,d1:1;d2:1
13309,13,True,12,0,2,3,2,0,1,7,4,2,2,3,d1:1;d3:1;d5:1;d6:1
13311,23,True,22,0,4,3,9,0,0,10,6,2,4,3,d1:1;d3:1;d5:1;d7:1;d8:1;d10:1
13313,18,True,17,0,2,13,6,0,9,6,3,2,1,3,d2:1;d4:1;d5:1
13315,26,True,25,0,3,9,9,0,7,4,3,1,2,2,d1:1;d3:1;d4:1
13317,16,True,15,0,2,11,6,0,7,6,3,2,1,3,d2:1;d4:1;d5:1
13319,26,True,25,0,3,1,9,0,7,4,3,1,2,2,d1:1;d3:1;d4:1
13321,26,True,25,0,3,2,9,0,7,4,3,1,2,2,d1:1;d3:1;d4:1
13323,15,True,14,0,2,10,6,0,6,6,3,2,1,3,d2:1;d4:1;d5:1
13325,29,True,28,0,6,20,17,0,12,3,2,1,1,2,d1:1;d3:1
13327,12,True,11,0,1,5,2,0,3,3,2,1,1,2,d1:1;d3:1
13329,29,True,28,0,6,20,17,0,12,3,2,1,1,2,d1:1;d3:1
13331,15,True,14,0,2,2,6,0,6,6,3,2,1,3,d2:1;d4:1;d5:1
13333,7,True,6,0,0,-1,0,0,-1,0,0,0,0,0,none
13335,28,True,27,0,5,19,17,0,11,3,2,1,1,2,d1:1;d3:1
13337,14,True,13,0,1,9,4,0,5,3,2,1,1,2,d2:1;d3:1
13339,24,True,23,0,3,2,9,0,15,6,3,2,1,3,d2:1;d4:1;d5:1
13341,28,True,27,0,4,8,9,0,11,3,2,1,1,2,d1:1;d3:1
13343,11,True,10,0,3,5,5,0,2,4,2,1,1,2,d1:1;d3:1
13345,25,True,24,0,3,4,9,0,3,7,4,1,3,2,d1:1;d2:1;d4:1;d6:1
13347,6,True,5,0,0,-1,0,0,-1,0,0,0,0,0,none
13349,13,True,12,0,1,2,1,0,1,3,2,1,1,2,d1:1;d2:1
13351,13,True,12,0,1,1,1,0,0,3,2,1,1,2,d1:1;d3:1
13353,12,True,11,0,2,2,1,0,1,5,3,1,2,2,d1:1;d3:1;d4:1
13355,17,True,16,0,2,12,6,0,8,6,3,2,1,3,d2:1;d4:1;d5:1
13357,18,True,17,0,1,11,2,0,9,6,3,2,1,3,d2:1;d4:1;d5:1
13359,12,True,11,0,2,2,2,0,0,4,3,1,2,2,d1:1;d2:1;d4:1
13361,16,True,15,0,1,9,2,0,7,6,3,2,1,3,d2:1;d4:1;d5:1
13363,16,True,15,0,1,9,2,0,7,6,3,2,1,3,d2:1;d4:1;d5:1
13365,23,True,22,0,3,3,9,0,14,6,3,2,1,3,d2:1;d4:1;d5:1
13367,15,True,14,0,2,10,6,0,6,6,3,2,1,3,d2:1;d4:1;d5:1
13369,17,True,16,0,1,10,2,0,8,6,3,2,1,3,d2:1;d4:1;d5:1
13371,9,True,8,0,0,-1,0,0,-1,0,0,0,0,0,none
13373,9,True,8,0,1,6,1,0,5,3,2,1,1,2,d2:1;d3:1
13375,8,True,7,0,1,1,1,0,0,6,4,3,1,4,d1:1;d3:1;d4:1;d6:1
13377,10,True,9,0,1,7,1,0,6,3,2,1,1,2,d2:1;d3:1
13379,9,True,8,0,1,6,1,0,5,3,2,1,1,2,d2:1;d3:1
13381,24,True,23,0,3,6,9,0,15,6,3,2,1,3,d2:1;d4:1;d5:1
13383,16,True,15,0,1,3,3,0,0,3,2,1,1,2,d1:1;d3:1
13385,11,True,10,0,1,5,1,0,4,2,2,1,1,2,d1:1;d2:1
13387,23,True,22,0,3,5,9,0,14,6,3,2,1,3,d2:1;d4:1;d5:1
13389,18,True,17,0,2,7,5,0,9,4,3,1,2,2,d1:1;d3:1;d4:1
13391,8,True,7,0,1,1,1,0,0,4,3,2,1,3,d1:1;d2:1;d4:1
13393,18,True,17,0,2,13,4,0,9,4,3,1,2,2,d1:1;d3:1;d4:1
13395,15,True,14,0,2,2,2,0,1,4,3,1,2,2,d1:1;d3:1;d4:1
13397,9,True,8,0,1,3,1,0,2,2,2,1,1,2,d1:1;d2:1
13399,22,True,21,0,3,4,9,0,13,6,3,2,1,3,d2:1;d4:1;d5:1
13401,21,True,20,0,4,9,4,0,10,8,5,1,4,2,d1:1;d3:1;d4:1;d6:1;d8:1
13403,18,True,17,0,4,5,4,0,3,6,3,1,2,2,d2:1;d4:1;d5:1
13405,22,True,21,0,3,4,9,0,13,6,3,2,1,3,d2:1;d4:1;d5:1
13407,15,True,14,0,2,10,4,0,6,4,3,1,2,2,d1:1;d3:1;d4:1
13409,21,True,20,0,4,7,2,0,10,8,5,1,4,2,d1:1;d3:1;d4:1;d6:1;d8:1
13411,7,True,6,0,2,2,1,0,1,4,3,1,2,2,d1:1;d3:1;d4:1
13413,8,True,7,0,1,3,1,0,2,3,2,1,1,2,d1:1;d3:1
13415,26,True,25,0,4,4,10,0,9,4,2,1,1,2,d1:1;d3:1
13417,21,True,20,0,4,7,2,0,10,8,5,1,4,2,d1:1;d3:1;d4:1;d6:1;d8:1
13419,20,True,19,0,4,6,2,0,4,9,6,2,4,3,d1:1;d2:1;d4:1;d6:1;d7:1;d9:1
13421,17,True,16,0,3,7,5,0,2,6,4,1,3,2,d1:1;d3:1;d5:1;d6:1
13423,33,True,32,0,5,9,12,0,3,10,6,2,4,3,d1:1;d3:1;d4:1;d6:1;d8:1;d9:1
13425,9,True,8,0,1,3,1,0,2,2,2,1,1,2,d1:1;d2:1
13427,26,True,25,0,3,21,9,0,17,6,3,2,1,3,d2:1;d4:1;d5:1
13429,18,True,17,0,1,15,1,0,14,3,2,1,1,2,d2:1;d3:1
13431,23,True,22,0,3,18,9,0,14,6,3,2,1,3,d2:1;d4:1;d5:1
13433,19,True,18,0,1,3,2,0,2,3,2,1,1,2,d1:1;d3:1
13435,19,True,18,0,1,2,2,0,1,2,2,1,1,2,d1:1;d2:1
13437,22,True,21,0,3,2,9,0,13,6,3,2,1,3,d2:1;d4:1;d5:1
13439,41,True,40,0,4,16,16,0,32,6,3,2,1,3,d2:1;d4:1;d5:1
13441,19,True,18,0,1,4,1,0,3,3,2,1,1,2,d1:1;d3:1
13443,10,True,9,0,0,-1,0,0,-1,0,0,0,0,0,none
13445,10,True,9,0,0,-1,0,0,-1,0,0,0,0,0,none
13447,32,True,31,0,8,1,7,0,10,4,2,1,1,2,d1:1;d3:1
13449,38,True,37,0,6,18,17,0,4,5,3,1,2,2,d1:1;d3:1;d4:1
13451,24,True,23,0,3,19,9,0,15,6,3,2,1,3,d2:1;d4:1;d5:1
13453,10,True,9,0,0,-1,0,0,-1,0,0,0,0,0,none
13455,8,True,7,0,1,4,1,0,3,3,2,1,1,2,d1:1;d2:1
13457,22,True,21,0,3,17,9,0,13,6,3,2,1,3,d2:1;d4:1;d5:1
13459,21,True,20,0,3,16,9,0,12,6,3,2,1,3,d2:1;d4:1;d5:1
13461,9,True,8,0,0,-1,0,0,-1,0,0,0,0,0,none
13463,8,True,7,0,0,-1,0,0,-1,0,0,0,0,0,none
13465,18,True,17,0,2,6,2,0,4,5,3,1,2,2,d1:1;d3:1;d5:1
13467,18,True,17,0,2,3,2,0,1,4,3,1,2,2,d1:1;d3:1;d4:1
13469,18,True,17,0,1,5,1,0,4,4,2,1,1,2,d1:1;d3:1
13471,15,True,14,0,2,2,2,0,0,5,3,1,2,2,d2:1;d3:1;d5:1
13473,25,True,24,0,5,4,7,0,12,4,3,1,2,2,d1:1;d2:1;d4:1
13475,31,True,30,0,5,5,13,0,22,6,3,2,1,3,d2:1;d4:1;d5:1
13477,31,True,30,0,5,5,13,0,22,6,3,2,1,3,d2:1;d4:1;d5:1
13479,19,True,18,0,1,3,3,0,0,3,2,1,1,2,d1:1;d3:1
13481,18,True,17,0,2,4,3,0,1,7,4,2,2,3,d1:1;d3:1;d5:1;d6:1
13483,10,True,9,0,0,-1,0,0,-1,0,0,0,0,0,none
13485,17,True,16,0,4,10,2,0,8,7,5,1,4,2,d1:1;d2:1;d4:1;d6:1;d7:1
13487,22,True,21,0,3,1,9,0,13,6,3,2,1,3,d2:1;d4:1;d5:1
13489,15,True,14,0,4,8,2,0,6,7,5,1,4,2,d1:1;d2:1;d4:1;d6:1;d7:1
13491,14,True,13,0,4,7,2,0,5,7,5,1,4,2,d1:1;d2:1;d4:1;d6:1;d7:1
13493,10,True,9,0,0,-1,0,0,-1,0,0,0,0,0,none
13495,32,True,31,0,5,6,13,0,23,6,3,2,1,3,d2:1;d4:1;d5:1
13497,31,True,30,0,5,4,13,0,22,6,3,2,1,3,d2:1;d4:1;d5:1
13499,29,True,28,0,5,5,13,0,20,6,3,2,1,3,d2:1;d4:1;d5:1
13501,25,True,24,0,3,2,9,0,16,6,3,2,1,3,d2:1;d4:1;d5:1
13503,29,True,28,0,4,9,9,0,3,7,4,1,3,2,d1:1;d3:1;d5:1;d6:1
13505,16,True,15,0,4,9,2,0,7,7,5,1,4,2,d1:1;d2:1;d4:1;d6:1;d7:1
13507,13,True,12,0,4,6,2,0,4,7,5,1,4,2,d1:1;d2:1;d4:1;d6:1;d7:1
13509,7,True,6,0,1,3,1,0,2,2,2,1,1,2,d1:1;d2:1
13511,15,True,14,0,4,2,2,0,6,7,5,1,4,2,d1:1;d2:1;d4:1;d6:1;d7:1
13513,8,True,7,0,0,-1,0,0,-1,0,0,0,0,0,none
13515,8,True,7,0,0,-1,0,0,-1,0,0,0,0,0,none
13517,8,True,7,0,0,-1,0,0,-1,0,0,0,0,0,none
13519,12,True,11,0,1,1,1,0,0,4,3,2,1,3,d1:1;d2:1;d4:1
13521,16,True,15,0,1,3,1,0,2,2,2,1,1,2,d1:1;d2:1
13523,15,True,14,0,1,5,1,0,4,5,3,2,1,3,d2:1;d4:1;d5:1
13525,9,True,8,0,0,-1,0,0,-1,0,0,0,0,0,none
13527,7,True,6,0,0,-1,0,0,-1,0,0,0,0,0,none
13529,7,True,6,0,0,-1,0,0,-1,0,0,0,0,0,none
13531,23,True,22,0,3,18,9,0,14,6,3,2,1,3,d2:1;d4:1;d5:1
13533,21,True,20,0,3,3,9,0,12,6,3,2,1,3,d2:1;d4:1;d5:1
13535,24,True,23,0,4,2,9,0,7,3,2,1,1,2,d1:1;d3:1
13537,11,True,10,0,4,4,2,0,3,4,2,1,1,2,d2:1;d3:1
13539,8,True,7,0,0,-1,0,0,-1,0,0,0,0,0,none
13541,31,True,30,0,4,9,12,0,22,6,3,2,1,3,d2:1;d4:1;d5:1
13543,16,True,15,0,2,7,7,0,1,3,2,1,1,2,d1:1;d3:1
13545,32,True,31,0,4,2,12,0,23,6,3,2,1,3,d2:1;d4:1;d5:1
13547,32,True,31,0,5,6,13,0,23,6,3,2,1,3,d2:1;d4:1;d5:1
13549,9,True,8,0,0,-1,0,0,-1,0,0,0,0,0,none
13551,37,True,36,0,6,13,13,0,9,7,4,3,1,4,d1:1;d3:1;d4:1;d6:1
13553,7,True,6,0,0,-1,0,0,-1,0,0,0,0,0,none
13555,20,True,19,0,1,8,3,0,5,3,2,1,1,2,d1:1;d2:1
13557,6,True,5,0,0,-1,0,0,-1,0,0,0,0,0,none
13559,20,True,19,0,1,8,3,0,5,2,2,1,1,2,d1:1;d2:1
13561,20,True,19,0,1,8,3,0,5,2,2,1,1,2,d1:1;d2:1
13563,18,True,17,0,1,2,3,0,1,2,2,1,1,2,d1:1;d2:1
13565,32,True,31,0,4,3,12,0,23,6,3,2,1,3,d2:1;d4:1;d5:1
13567,30,True,29,0,4,1,12,0,21,6,3,2,1,3,d2:1;d4:1;d5:1
13569,7,True,6,0,0,-1,0,0,-1,0,0,0,0,0,none
13571,20,True,19,0,1,4,2,0,2,4,2,1,1,2,d2:1;d4:1
13573,10,True,9,0,0,-1,0,0,-1,0,0,0,0,0,none
13575,19,True,18,0,1,1,1,0,0,3,2,1,1,2,d1:1;d3:1
13577,18,True,17,0,2,2,2,0,5,5,3,1,2,2,d1:1;d3:1;d4:1
13579,7,True,6,0,0,-1,0,0,-1,0,0,0,0,0,none
13581,7,True,6,0,1,3,1,0,2,2,2,1,1,2,d1:1;d2:1
13583,5,True,4,0,0,-1,0,0,-1,0,0,0,0,0,none
13585,8,True,7,0,0,-1,0,0,-1,0,0,0,0,0,none
13587,13,True,12,0,1,2,1,0,1,2,2,1,1,2,d1:1;d2:1
13589,11,True,10,0,2,6,4,0,2,4,3,1,2,2,d1:1;d3:1;d4:1
13591,6,True,5,0,0,-1,0,0,-1,0,0,0,0,0,none
13593,31,True,30,0,5,5,13,0,22,6,3,2,1,3,d2:1;d4:1;d5:1
13595,17,True,16,0,3,3,2,0,1,6,4,1,3,2,d1:1;d3:1;d5:1;d6:1
13597,24,True,23,0,3,5,5,0,7,4,2,1,1,2,d1:1;d3:1
13599,23,True,22,0,4,1,10,0,6,4,2,1,1,2,d1:1;d3:1
13601,10,True,9,0,0,-1,0,0,-1,0,0,0,0,0,none
13603,16,True,15,0,4,7,2,0,5,8,5,1,4,2,d1:1;d3:1;d4:1;d6:1;d8:1
13605,16,True,15,0,4,7,2,0,5,8,5,1,4,2,d1:1;d3:1;d4:1;d6:1;d8:1
13607,16,True,15,0,4,1,2,0,5,8,5,1,4,2,d1:1;d3:1;d4:1;d6:1;d8:1
13609,15,True,14,0,5,2,2,0,4,9,6,1,5,2,d1:1;d3:1;d4:1;d6:1;d8:1;d9:1
13611,17,True,16,0,4,8,2,0,6,8,5,1,4,2,d1:1;d3:1;d4:1;d6:1;d8:1
13613,12,True,11,0,1,5,2,0,3,3,2,1,1,2,d1:1;d3:1
13615,21,True,20,0,2,4,4,0,0,4,3,1,2,2,d1:1;d2:1;d4:1
13617,34,True,33,0,7,4,14,0,8,6,3,1,2,2,d1:1;d3:1;d5:1
13619,34,True,33,0,7,20,14,0,8,6,3,1,2,2,d1:1;d3:1;d5:1
13621,11,True,10,0,1,4,2,0,2,5,3,2,1,3,d2:1;d4:1;d5:1
13623,16,True,15,0,2,6,5,0,5,4,2,1,1,2,d1:1;d3:1
13625,16,True,15,0,2,4,1,0,6,9,5,3,2,4,d2:1;d4:1;d5:1;d7:1;d9:1
13627,11,True,10,0,0,-1,0,0,-1,0,0,0,0,0,none
13629,13,True,12,0,1,6,2,0,4,3,2,1,1,2,d2:1;d3:1
13631,31,True,30,0,6,1,11,0,5,6,3,1,2,2,d1:1;d3:1;d5:1
13633,12,True,11,0,0,-1,0,0,-1,0,0,0,0,0,none
13635,26,True,25,0,3,4,9,0,17,6,3,2,1,3,d2:1;d4:1;d5:1
13637,23,True,22,0,4,6,9,0,4,3,2,1,1,2,d1:1;d3:1
13639,17,True,16,0,2,4,4,0,2,4,2,1,1,2,d1:1;d3:1
13641,14,True,13,0,0,-1,0,0,-1,0,0,0,0,0,none
13643,23,True,22,0,3,6,9,0,4,3,2,1,1,2,d1:1;d3:1
13645,23,True,22,0,3,6,9,0,2,7,5,2,3,3,d1:1;d2:1;d4:1;d6:1;d7:1
13647,22,True,21,0,4,1,6,0,4,5,3,1,2,2,d1:1;d2:1;d4:1
13649,21,True,20,0,6,9,7,0,6,3,2,1,1,2,d1:1;d2:1
13651,20,True,19,0,5,7,6,0,5,3,2,1,1,2,d1:1;d2:1
13653,3,True,2,0,0,-1,0,0,-1,0,0,0,0,0,none
13655,28,True,27,0,5,10,13,0,19,6,3,2,1,3,d2:1;d4:1;d5:1
13657,10,True,9,0,0,-1,0,0,-1,0,0,0,0,0,none
13659,28,True,27,0,5,2,13,0,19,6,3,2,1,3,d2:1;d4:1;d5:1
13661,29,True,28,0,5,25,13,0,20,6,3,2,1,3,d2:1;d4:1;d5:1
13663,7,True,6,0,0,-1,0,0,-1,0,0,0,0,0,none
13665,15,True,14,0,1,3,1,0,2,3,2,1,1,2,d2:1;d3:1
13667,13,True,12,0,1,10,1,0,9,3,2,1,1,2,d2:1;d3:1
13669,13,True,12,0,1,10,1,0,9,3,2,1,1,2,d2:1;d3:1
13671,23,True,22,0,3,3,3,0,1,5,3,1,2,2,d1:1;d3:1;d5:1
13673,28,True,27,0,5,24,13,0,19,6,3,2,1,3,d2:1;d4:1;d5:1
13675,30,True,29,0,5,5,13,0,21,6,3,2,1,3,d2:1;d4:1;d5:1
13677,28,True,27,0,5,3,13,0,19,6,3,2,1,3,d2:1;d4:1;d5:1
13679,12,True,11,0,2,1,1,0,0,4,3,1,2,2,d1:1;d2:1;d4:1
13681,12,True,11,0,1,9,1,0,8,3,2,1,1,2,d2:1;d3:1
13683,13,True,12,0,1,10,1,0,9,3,2,1,1,2,d2:1;d3:1
13685,11,True,10,0,1,8,1,0,7,3,2,1,1,2,d2:1;d3:1
13687,24,True,23,0,3,6,9,0,15,6,3,2,1,3,d2:1;d4:1;d5:1
13689,26,True,25,0,5,3,13,0,17,6,3,2,1,3,d2:1;d4:1;d5:1
13691,27,True,26,0,5,2,13,0,18,6,3,2,1,3,d2:1;d4:1;d5:1
13693,25,True,24,0,5,21,13,0,16,6,3,2,1,3,d2:1;d4:1;d5:1
13695,9,True,8,0,1,1,1,0,0,7,4,3,1,4,d2:1;d4:1;d5:1;d7:1
13697,27,True,26,0,5,23,13,0,18,6,3,2,1,3,d2:1;d4:1;d5:1
13699,11,True,10,0,1,8,1,0,7,3,2,1,1,2,d2:1;d3:1
13701,13,True,12,0,1,3,1,0,2,3,2,1,1,2,d2:1;d3:1
13703,10,True,9,0,1,1,1,0,0,3,2,1,1,2,d1:1;d3:1
13705,25,True,24,0,5,2,13,0,16,6,3,2,1,3,d2:1;d4:1;d5:1
13707,12,True,11,0,1,9,1,0,8,3,2,1,1,2,d2:1;d3:1
13709,8,True,7,0,0,-1,0,0,-1,0,0,0,0,0,none
13711,15,True,14,0,1,4,1,0,3,3,2,1,1,2,d2:1;d3:1
13713,13,True,12,0,1,10,1,0,9,3,2,1,1,2,d2:1;d3:1
13715,11,True,10,0,1,8,1,0,7,3,2,1,1,2,d2:1;d3:1
13717,7,True,6,0,0,-1,0,0,-1,0,0,0,0,0,none
13719,11,True,10,0,1,3,2,0,1,3,2,1,1,2,d1:1;d3:1
13721,13,True,12,0,0,-1,0,0,-1,0,0,0,0,0,none
13723,11,True,10,0,1,2,1,0,1,4,3,2,1,3,d1:1;d3:1;d4:1
13725,20,True,19,0,3,8,6,0,3,3,2,1,1,2,d1:1;d3:1
13727,13,True,12,0,2,2,2,0,0,5,3,1,2,2,d2:1;d3:1;d5:1
13729,13,True,12,0,1,3,1,0,2,2,2,1,1,2,d1:1;d2:1
13731,26,True,25,0,5,2,13,0,17,6,3,2,1,3,d2:1;d4:1;d5:1
13733,25,True,24,0,5,4,13,0,16,6,3,2,1,3,d2:1;d4:1;d5:1
13735,11,True,10,0,1,2,2,0,0,3,2,1,1,2,d1:1;d3:1
13737,15,True,14,0,1,3,3,0,2,4,3,2,1,3,d1:1;d3:1;d4:1
13739,33,True,32,0,4,10,5,0,22,8,5,1,4,2,d1:1;d3:1;d4:1;d6:1;d8:1
13741,26,True,25,0,5,22,13,0,17,6,3,2,1,3,d2:1;d4:1;d5:1
13743,35,True,34,0,6,1,9,0,9,6,3,1,2,2,d1:1;d3:1;d5:1
13745,8,True,7,0,0,-1,0,0,-1,0,0,0,0,0,none
13747,7,True,6,0,0,-1,0,0,-1,0,0,0,0,0,none
13749,26,True,25,0,4,4,12,0,17,6,3,2,1,3,d2:1;d4:1;d5:1
13751,13,True,12,0,1,10,1,0,9,3,2,1,1,2,d2:1;d3:1
13753,7,True,6,0,0,-1,0,0,-1,0,0,0,0,0,none
13755,33,True,32,0,4,8,12,0,24,6,3,2,1,3,d2:1;d4:1;d5:1
13757,27,True,26,0,4,2,12,0,18,6,3,2,1,3,d2:1;d4:1;d5:1
13759,18,True,17,0,5,12,12,0,1,5,3,1,2,2,d1:1;d3:1;d4:1
13761,26,True,25,0,4,21,12,0,17,6,3,2,1,3,d2:1;d4:1;d5:1
13763,23,True,22,0,2,5,4,0,1,5,3,1,2,2,d2:1;d4:1;d5:1
13765,18,True,17,0,3,13,9,0,9,6,3,2,1,3,d2:1;d4:1;d5:1
13767,26,True,25,0,4,2,12,0,17,6,3,2,1,3,d2:1;d4:1;d5:1
13769,13,True,12,0,1,10,1,0,9,3,2,1,1,2,d2:1;d3:1
13771,13,True,12,0,1,10,1,0,9,3,2,1,1,2,d2:1;d3:1
13773,15,True,14,0,1,12,1,0,11,3,2,1,1,2,d2:1;d3:1
13775,28,True,27,0,7,11,11,0,6,5,2,1,1,2,d2:1;d4:1
13777,14,True,13,0,1,11,1,0,10,3,2,1,1,2,d2:1;d3:1
13779,29,True,28,0,4,3,12,0,20,6,3,2,1,3,d2:1;d4:1;d5:1
13781,17,True,16,0,3,12,9,0,8,6,3,2,1,3,d2:1;d4:1;d5:1
13783,26,True,25,0,5,22,13,0,17,6,3,2,1,3,d2:1;d4:1;d5:1
13785,12,True,11,0,1,9,1,0,8,3,2,1,1,2,d2:1;d3:1
13787,12,True,11,0,1,9,1,0,8,3,2,1,1,2,d2:1;d3:1
13789,13,True,12,0,1,10,1,0,9,3,2,1,1,2,d2:1;d3:1
13791,18,True,17,0,2,4,4,0,1,3,2,1,1,2,d1:1;d3:1
13793,25,True,24,0,4,3,12,0,16,6,3,2,1,3,d2:1;d4:1;d5:1
13795,17,True,16,0,3,12,9,0,8,6,3,2,1,3,d2:1;d4:1;d5:1
13797,24,True,23,0,4,19,12,0,15,6,3,2,1,3,d2:1;d4:1;d5:1
13799,13,True,12,0,1,2,2,0,0,3,2,1,1,2,d1:1;d3:1
13801,22,True,21,0,2,7,6,0,3,3,2,1,1,2,d2:1;d3:1
13803,24,True,23,0,5,3,13,0,15,6,3,2,1,3,d2:1;d4:1;d5:1
13805,15,True,14,0,1,3,1,0,2,2,2,1,1,2,d1:1;d2:1
13807,12,True,11,0,2,2,2,0,0,4,3,1,2,2,d1:1;d2:1;d4:1
13809,11,True,10,0,1,3,1,0,2,2,2,1,1,2,d1:1;d2:1
13811,19,True,18,0,4,6,3,0,8,3,2,1,1,2,d1:1;d3:1
13813,9,True,8,0,0,-1,0,0,-1,0,0,0,0,0,none
13815,19,True,18,0,4,6,3,0,8,3,2,1,1,2,d1:1;d3:1
13817,20,True,19,0,4,7,3,0,9,3,2,1,1,2,d1:1;d3:1
13819,11,True,10,0,1,2,2,0,1,2,2,1,1,2,d1:1;d2:1
13821,11,True,10,0,1,8,1,0,7,3,2,1,1,2,d2:1;d3:1
13823,27,True,26,0,4,10,10,0,1,6,3,1,2,2,d1:1;d3:1;d5:1
13825,18,True,17,0,1,6,1,0,5,2,2,1,1,2,d1:1;d2:1
13827,10,True,9,0,0,-1,0,0,-1,0,0,0,0,0,none
13829,11,True,10,0,0,-1,0,0,-1,0,0,0,0,0,none
13831,17,True,16,0,1,1,1,0,0,3,2,1,1,2,d1:1;d3:1
13833,17,True,16,0,1,2,1,0,1,3,2,1,1,2,d1:1;d2:1
13835,11,True,10,0,0,-1,0,0,-1,0,0,0,0,0,none
13837,19,True,18,0,3,14,9,0,10,6,3,2,1,3,d2:1;d4:1;d5:1
13839,35,True,34,0,6,4,17,0,18,3,2,1,1,2,d1:1;d3:1
13841,19,True,18,0,3,14,9,0,10,6,3,2,1,3,d2:1;d4:1;d5:1
13843,15,True,14,0,1,2,1,0,1,2,2,1,1,2,d1:1;d2:1
13845,24,True,23,0,5,6,13,0,15,6,3,2,1,3,d2:1;d4:1;d5:1
13847,17,True,16,0,1,11,1,0,10,2,2,1,1,2,d1:1;d2:1
13849,18,True,17,0,1,12,1,0,11,2,2,1,1,2,d1:1;d2:1
13851,15,True,14,0,1,3,2,0,1,5,3,2,1,3,d2:1;d4:1;d5:1
13853,18,True,17,0,3,13,9,0,9,6,3,2,1,3,d2:1;d4:1;d5:1
13855,18,True,17,0,2,4,4,0,0,5,3,1,2,2,d2:1;d3:1;d5:1
13857,26,True,25,0,5,8,13,0,17,6,3,2,1,3,d2:1;d4:1;d5:1
13859,24,True,23,0,5,20,13,0,15,6,3,2,1,3,d2:1;d4:1;d5:1
13861,24,True,23,0,5,2,13,0,15,6,3,2,1,3,d2:1;d4:1;d5:1
13863,24,True,23,0,5,1,13,0,15,6,3,2,1,3,d2:1;d4:1;d5:1
13865,15,True,14,0,2,2,1,0,1,5,3,1,2,2,d1:1;d3:1;d4:1
13867,25,True,24,0,5,21,13,0,16,6,3,2,1,3,d2:1;d4:1;d5:1
13869,25,True,24,0,5,21,13,0,16,6,3,2,1,3,d2:1;d4:1;d5:1
13871,31,True,30,0,3,4,9,0,22,6,3,2,1,3,d2:1;d4:1;d5:1
13873,30,True,29,0,3,7,9,0,21,6,3,2,1,3,d2:1;d4:1;d5:1
13875,30,True,29,0,3,4,9,0,21,6,3,2,1,3,d2:1;d4:1;d5:1
13877,6,True,5,0,0,-1,0,0,-1,0,0,0,0,0,none
13879,14,True,13,0,3,3,2,0,1,6,4,1,3,2,d1:1;d2:1;d4:1;d6:1
13881,26,True,25,0,4,7,12,0,17,6,3,2,1,3,d2:1;d4:1;d5:1
13883,24,True,23,0,4,5,12,0,15,6,3,2,1,3,d2:1;d4:1;d5:1
13885,17,True,16,0,3,12,9,0,8,6,3,2,1,3,d2:1;d4:1;d5:1
13887,41,True,40,0,4,11,12,0,32,6,3,2,1,3,d2:1;d4:1;d5:1
13889,11,True,10,0,0,-1,0,0,-1,0,0,0,0,0,none
13891,9,True,8,0,0,-1,0,0,-1,0,0,0,0,0,none
13893,19,True,18,0,2,7,6,0,10,6,3,2,1,3,d2:1;d4:1;d5:1
13895,23,True,22,0,2,2,6,0,4,6,4,2,2,3,d1:1;d3:1;d5:1;d6:1
13897,24,True,23,0,2,5,6,0,8,2,2,1,1,2,d1:1;d2:1
13899,18,True,17,0,2,6,6,0,9,6,3,2,1,3,d2:1;d4:1;d5:1
13901,18,True,17,0,2,6,6,0,9,6,3,2,1,3,d2:1;d4:1;d5:1
13903,19,True,18,0,1,1,3,0,0,4,3,2,1,3,d1:1;d2:1;d4:1
13905,18,True,17,0,2,4,3,0,6,5,3,1,2,2,d1:1;d3:1;d5:1
13907,16,True,15,0,2,7,3,0,4,5,3,1,2,2,d1:1;d3:1;d5:1
13909,5,True,4,0,0,-1,0,0,-1,0,0,0,0,0,none
13911,27,True,26,0,4,22,12,0,18,6,3,2,1,3,d2:1;d4:1;d5:1
13913,27,True,26,0,4,22,12,0,18,6,3,2,1,3,d2:1;d4:1;d5:1
13915,12,True,11,0,1,2,1,0,1,3,2,1,1,2,d2:1;d3:1
13917,10,True,9,0,1,3,1,0,2,4,2,1,1,2,d2:1;d4:1
13919,18,True,17,0,1,4,1,0,3,3,2,1,1,2,d1:1;d3:1
13921,18,True,17,0,2,6,6,0,9,6,3,2,1,3,d2:1;d4:1;d5:1
13923,10,True,9,0,1,7,1,0,6,3,2,1,1,2,d2:1;d3:1
13925,11,True,10,0,1,8,1,0,7,3,2,1,1,2,d2:1;d3:1
13927,11,True,10,0,1,3,3,0,0,3,2,1,1,2,d1:1;d3:1
13929,12,True,11,0,1,5,3,0,2,3,2,1,1,2,d1:1;d3:1
13931,29,True,28,0,4,6,2,0,18,8,5,1,4,2,d1:1;d3:1;d4:1;d6:1;d8:1
13933,16,True,15,0,1,3,2,0,2,4,3,2,1,3,d1:1;d3:1;d4:1
13935,27,True,26,0,4,2,12,0,18,6,3,2,1,3,d2:1;d4:1;d5:1
13937,6,True,5,0,0,-1,0,0,-1,0,0,0,0,0,none
13939,12,True,11,0,1,9,1,0,8,3,2,1,1,2,d2:1;d3:1
13941,29,True,28,0,5,8,9,0,3,6,3,1,2,2,d1:1;d3:1;d5:1
13943,10,True,9,0,1,7,1,0,6,3,2,1,1,2,d2:1;d3:1
13945,25,True,24,0,4,20,12,0,16,6,3,2,1,3,d2:1;d4:1;d5:1
13947,11,True,10,0,1,2,1,0,1,2,2,1,1,2,d1:1;d2:1
13949,25,True,24,0,1,4,3,0,1,4,2,1,1,2,d2:1;d3:1
13951,12,True,11,0,3,1,1,0,0,7,4,1,3,2,d2:1;d4:1;d5:1;d7:1
13953,25,True,24,0,4,7,4,0,3,8,5,1,4,2,d1:1;d3:1;d4:1;d6:1;d8:1
13955,5,True,4,0,0,-1,0,0,-1,0,0,0,0,0,none
13957,19,True,18,0,1,3,1,0,2,2,2,1,1,2,d1:1;d2:1
13959,19,True,18,0,2,1,6,0,10,6,3,2,1,3,d2:1;d4:1;d5:1
13961,17,True,16,0,1,3,2,0,1,3,2,1,1,2,d1:1;d2:1
13963,18,True,17,0,0,-1,0,0,-1,0,0,0,0,0,none
13965,26,True,25,0,4,3,12,0,17,6,3,2,1,3,d2:1;d4:1;d5:1
13967,17,True,16,0,0,-1,0,0,-1,0,0,0,0,0,none
13969,19,True,18,0,2,14,6,0,10,6,3,2,1,3,d2:1;d4:1;d5:1
13971,18,True,17,0,2,13,6,0,9,6,3,2,1,3,d2:1;d4:1;d5:1
13973,24,True,23,0,4,5,12,0,15,6,3,2,1,3,d2:1;d4:1;d5:1
13975,25,True,24,0,4,6,12,0,16,6,3,2,1,3,d2:1;d4:1;d5:1
13977,17,True,16,0,2,7,2,0,6,3,2,1,1,2,d1:1;d2:1
13979,16,True,15,0,2,2,1,0,1,4,3,1,2,2,d1:1;d3:1;d4:1
13981,13,True,12,0,1,6,1,0,5,2,2,1,1,2,d1:1;d2:1
13983,14,True,13,0,6,6,6,0,2,9,5,2,3,3,d2:1;d3:1;d5:1;d7:1;d9:1
13985,13,True,12,0,1,3,1,0,2,2,2,1,1,2,d1:1;d2:1
13987,17,True,16,0,2,2,6,0,1,4,3,1,2,2,d1:1;d3:1;d4:1
13989,16,True,15,0,2,11,6,0,7,6,3,2,1,3,d2:1;d4:1;d5:1
13991,17,True,16,0,2,2,3,0,3,4,3,1,2,2,d1:1;d3:1;d4:1
13993,16,True,15,0,2,3,2,0,1,8,5,3,2,4,d1:1;d2:1;d4:1;d6:1;d7:1
13995,24,True,23,0,4,10,2,0,15,7,5,1,4,2,d1:1;d2:1;d4:1;d6:1;d7:1
13997,26,True,25,0,4,13,8,0,9,6,4,2,2,3,d1:1;d3:1;d5:1;d6:1
13999,15,True,14,0,2,1,1,0,0,4,3,1,2,2,d1:1;d2:1;d4:1
14001,8,True,7,0,0,-1,0,0,-1,0,0,0,0,0,none
14003,7,True,6,0,0,-1,0,0,-1,0,0,0,0,0,none
14005,7,True,6,0,0,-1,0,0,-1,0,0,0,0,0,none
14007,26,True,25,0,4,7,12,0,17,6,3,2,1,3,d2:1;d4:1;d5:1
14009,27,True,26,0,4,6,12,0,18,6,3,2,1,3,d2:1;d4:1;d5:1
14011,25,True,24,0,4,4,12,0,16,6,3,2,1,3,d2:1;d4:1;d5:1
14013,15,True,14,0,4,2,3,0,4,3,2,1,1,2,d1:1;d3:1
14015,10,True,9,0,3,3,3,0,0,6,4,1,3,2,d1:1;d3:1;d4:1;d6:1
14017,8,True,7,0,0,-1,0,0,-1,0,0,0,0,0,none
14019,25,True,24,0,5,8,9,0,2,9,5,1,4,2,d2:1;d4:1;d6:1;d7:1;d9:1
14021,13,True,12,0,1,7,1,0,6,2,2,1,1,2,d1:1;d2:1
14023,6,True,5,0,1,2,2,0,0,3,2,1,1,2,d1:1;d3:1
14025,18,True,17,0,2,13,6,0,9,6,3,2,1,3,d2:1;d4:1;d5:1
14027,17,True,16,0,2,12,6,0,8,6,3,2,1,3,d2:1;d4:1;d5:1
14029,13,True,12,0,1,7,1,0,6,2,2,1,1,2,d1:1;d2:1
14031,26,True,25,0,3,1,9,0,7,4,3,1,2,2,d1:1;d3:1;d4:1
14033,32,True,31,0,6,3,17,0,15,3,2,1,1,2,d1:1;d3:1
14035,30,True,29,0,6,21,17,0,13,3,2,1,1,2,d1:1;d3:1
14037,12,True,11,0,1,6,1,0,5,2,2,1,1,2,d1:1;d2:1
14039,9,True,8,0,0,-1,0,0,-1,0,0,0,0,0,none
14041,9,True,8,0,0,-1,0,0,-1,0,0,0,0,0,none
14043,17,True,16,0,2,4,6,0,8,6,3,2,1,3,d2:1;d4:1;d5:1
14045,9,True,8,0,0,-1,0,0,-1,0,0,0,0,0,none
14047,31,True,30,0,5,1,17,0,14,3,2,1,1,2,d1:1;d3:1
14049,16,True,15,0,1,3,4,0,2,5,3,2,1,3,d2:1;d4:1;d5:1
14051,11,True,10,0,1,5,1,0,4,2,2,1,1,2,d1:1;d2:1
14053,12,True,11,0,1,6,1,0,5,2,2,1,1,2,d1:1;d2:1
14055,15,True,14,0,3,6,6,0,3,3,2,1,1,2,d1:1;d3:1
14057,27,True,26,0,4,3,9,0,5,8,5,1,4,2,d1:1;d2:1;d4:1;d6:1;d8:1
14059,9,True,8,0,0,-1,0,0,-1,0,0,0,0,0,none
14061,27,True,26,0,3,7,9,0,18,6,3,2,1,3,d2:1;d4:1;d5:1
14063,6,True,5,0,2,1,1,0,0,4,3,1,2,2,d1:1;d2:1;d4:1
14065,13,True,12,0,1,7,1,0,6,2,2,1,1,2,d1:1;d2:1
14067,19,True,18,0,2,4,6,0,10,6,3,2,1,3,d2:1;d4:1;d5:1
14069,25,True,24,0,3,2,9,0,16,6,3,2,1,3,d2:1;d4:1;d5:1
14071,19,True,18,0,1,12,2,0,10,6,3,2,1,3,d2:1;d4:1;d5:1
14073,25,True,24,0,3,5,9,0,16,6,3,2,1,3,d2:1;d4:1;d5:1
14075,17,True,16,0,1,2,2,0,1,2,2,1,1,2,d1:1;d2:1
14077,13,True,12,0,2,5,4,0,1,5,3,1,2,2,d1:1;d3:1;d4:1
14079,13,True,12,0,4,6,6,0,0,8,5,1,4,2,d1:1;d3:1;d5:1;d6:1;d8:1
14081,14,True,13,0,1,8,1,0,7,2,2,1,1,2,d1:1;d2:1
14083,11,True,10,0,1,8,1,0,7,3,2,1,1,2,d2:1;d3:1
14085,20,True,19,0,2,9,6,0,4,3,2,1,1,2,d1:1;d2:1
14087,11,True,10,0,1,1,1,0,0,3,2,1,1,2,d1:1;d3:1
14089,11,True,10,0,1,2,1,0,1,3,2,1,1,2,d1:1;d2:1
14091,13,True,12,0,1,10,1,0,9,3,2,1,1,2,d2:1;d3:1
14093,19,True,18,0,2,8,6,0,3,2,2,1,1,2,d1:1;d2:1
14095,18,True,17,0,2,7,5,0,9,4,3,1,2,2,d1:1;d3:1;d4:1
14097,20,True,19,0,2,9,5,0,11,4,3,1,2,2,d1:1;d3:1;d4:1
14099,13,True,12,0,1,4,3,0,1,2,2,1,1,2,d1:1;d2:1
14101,19,True,18,0,5,15,13,0,10,6,3,2,1,3,d2:1;d4:1;d5:1
14103,9,True,8,0,2,2,1,0,1,5,3,1,2,2,d1:1;d3:1;d5:1
14105,10,True,9,0,2,3,1,0,2,6,4,2,2,3,d1:1;d2:1;d4:1;d6:1
14107,25,True,24,0,5,8,7,0,2,5,3,2,1,3,d1:1;d2:1;d4:1
14109,13,True,12,0,1,7,1,0,6,2,2,1,1,2,d1:1;d2:1
14111,17,True,16,0,2,2,2,0,0,5,3,1,2,2,d2:1;d3:1;d5:1
14113,26,True,25,0,3,8,9,0,17,6,3,2,1,3,d2:1;d4:1;d5:1
14115,12,True,11,0,1,6,1,0,5,2,2,1,1,2,d1:1;d2:1
14117,11,True,10,0,1,5,1,0,4,2,2,1,1,2,d1:1;d2:1
14119,20,True,19,0,4,1,4,0,5,6,3,1,2,2,d2:1;d4:1;d5:1
14121,23,True,22,0,3,5,9,0,14,6,3,2,1,3,d2:1;d4:1;d5:1
14123,12,True,11,0,1,6,1,0,5,2,2,1,1,2,d1:1;d2:1
14125,21,True,20,0,1,7,3,0,4,4,2,1,1,2,d1:1;d3:1
14127,10,True,9,0,2,2,2,0,0,4,3,1,2,2,d1:1;d2:1;d4:1
14129,20,True,19,0,1,6,3,0,3,4,2,1,1,2,d1:1;d3:1
14131,20,True,19,0,1,6,3,0,3,4,2,1,1,2,d1:1;d3:1
14133,7,True,6,0,0,-1,0,0,-1,0,0,0,0,0,none
14135,10,True,9,0,1,4,1,0,3,2,2,1,1,2,d1:1;d2:1
14137,20,True,19,0,3,10,5,0,5,6,4,1,3,2,d1:1;d3:1;d5:1;d6:1
14139,20,True,19,0,1,6,3,0,3,3,2,1,1,2,d1:1;d3:1
14141,28,True,27,0,3,23,9,0,19,6,3,2,1,3,d2:1;d4:1;d5:1
14143,9,True,8,0,2,1,1,0,0,6,4,2,2,3,d1:1;d3:1;d4:1;d6:1
14145,7,True,6,0,0,-1,0,0,-1,0,0,0,0,0,none
14147,19,True,18,0,1,2,1,0,1,2,2,1,1,2,d1:1;d2:1
14149,6,True,5,0,0,-1,0,0,-1,0,0,0,0,0,none
14151,21,True,20,0,1,2,2,0,0,3,2,1,1,2,d1:1;d3:1
14153,24,True,23,0,3,4,9,0,15,6,3,2,1,3,d2:1;d4:1;d5:1
14155,6,True,5,0,0,-1,0,0,-1,0,0,0,0,0,none
14157,13,True,12,0,1,4,2,0,2,3,2,1,1,2,d2:1;d3:1
14159,21,True,20,0,1,1,1,0,0,4,3,2,1,3,d1:1;d2:1;d4:1
14161,12,True,11,0,0,-1,0,0,-1,0,0,0,0,0,none
14163,20,True,19,0,2,4,3,0,1,5,3,1,2,2,d2:1;d4:1;d5:1
14165,19,True,18,0,4,14,12,0,10,6,3,2,1,3,d2:1;d4:1;d5:1
14167,12,True,11,0,0,-1,0,0,-1,0,0,0,0,0,none
14169,13,True,12,0,0,-1,0,0,-1,0,0,0,0,0,none
14171,25,True,24,0,3,3,9,0,16,6,3,2,1,3,d2:1;d4:1;d5:1
14173,11,True,10,0,0,-1,0,0,-1,0,0,0,0,0,none
14175,10,True,9,0,0,-1,0,0,-1,0,0,0,0,0,none
14177,24,True,23,0,3,3,9,0,15,6,3,2,1,3,d2:1;d4:1;d5:1
14179,11,True,10,0,0,-1,0,0,-1,0,0,0,0,0,none
14181,11,True,10,0,0,-1,0,0,-1,0,0,0,0,0,none
14183,23,True,22,0,3,3,9,0,14,6,3,2,1,3,d2:1;d4:1;d5:1
14185,12,True,11,0,0,-1,0,0,-1,0,0,0,0,0,none
14187,20,True,19,0,1,4,1,0,3,3,2,1,1,2,d1:1;d3:1
14189,11,True,10,0,0,-1,0,0,-1,0,0,0,0,0,none
14191,17,True,16,0,2,4,4,0,0,4,3,1,2,2,d1:1;d2:1;d4:1
14193,12,True,11,0,0,-1,0,0,-1,0,0,0,0,0,none
14195,11,True,10,0,0,-1,0,0,-1,0,0,0,0,0,none
14197,12,True,11,0,0,-1,0,0,-1,0,0,0,0,0,none
14199,11,True,10,0,0,-1,0,0,-1,0,0,0,0,0,none
14201,20,True,19,0,2,6,3,0,3,6,4,2,2,3,d1:1;d3:1;d5:1;d6:1
14203,13,True,12,0,1,2,1,0,1,2,2,1,1,2,d1:1;d2:1
14205,17,True,16,0,4,10,2,0,8,7,5,1,4,2,d1:1;d2:1;d4:1;d6:1;d7:1
14207,25,True,24,0,3,3,9,0,16,6,3,2,1,3,d2:1;d4:1;d5:1
14209,18,True,17,0,4,11,2,0,9,7,5,1,4,2,d1:1;d2:1;d4:1;d6:1;d7:1
14211,11,True,10,0,0,-1,0,0,-1,0,0,0,0,0,none
14213,11,True,10,0,1,3,1,0,2,4,3,2,1,3,d1:1;d3:1;d4:1
14215,11,True,10,0,1,1,1,0,0,3,2,1,1,2,d1:1;d3:1
14217,12,True,11,0,1,3,2,0,1,3,2,1,1,2,d1:1;d2:1
14219,31,True,30,0,5,4,13,0,22,6,3,2,1,3,d2:1;d4:1;d5:1
14221,20,True,19,0,4,15,12,0,11,6,3,2,1,3,d2:1;d4:1;d5:1
14223,25,True,24,0,3,20,9,0,16,6,3,2,1,3,d2:1;d4:1;d5:1
14225,11,True,10,0,1,7,1,0,6,2,2,1,1,2,d1:1;d2:1
14227,9,True,8,0,1,5,1,0,4,2,2,1,1,2,d1:1;d2:1
14229,22,True,21,0,3,5,9,0,3,4,3,1,2,2,d1:1;d3:1;d4:1
14231,11,True,10,0,0,-1,0,0,-1,0,0,0,0,0,none
14233,12,True,11,0,0,-1,0,0,-1,0,0,0,0,0,none
14235,9,True,8,0,0,-1,0,0,-1,0,0,0,0,0,none
14237,10,True,9,0,0,-1,0,0,-1,0,0,0,0,0,none
14239,10,True,9,0,2,2,2,0,0,5,3,1,2,2,d2:1;d3:1;d5:1
14241,13,True,12,0,1,3,1,0,2,2,2,1,1,2,d1:1;d2:1
14243,22,True,21,0,3,5,9,0,13,6,3,2,1,3,d2:1;d4:1;d5:1
14245,10,True,9,0,1,5,4,0,1,4,2,1,1,2,d2:1;d3:1
14247,23,True,22,0,2,5,5,0,3,6,3,2,1,3,d2:1;d4:1;d5:1
14249,18,True,17,0,3,5,4,0,2,3,2,1,1,2,d2:1;d3:1
14251,10,True,9,0,0,-1,0,0,-1,0,0,0,0,0,none
14253,27,True,26,0,4,7,9,0,10,3,2,1,1,2,d1:1;d3:1
14255,22,True,21,0,3,1,9,0,13,6,3,2,1,3,d2:1;d4:1;d5:1
14257,20,True,19,0,4,15,12,0,11,6,3,2,1,3,d2:1;d4:1;d5:1
14259,19,True,18,0,4,14,12,0,10,6,3,2,1,3,d2:1;d4:1;d5:1
14261,9,True,8,0,1,3,1,0,2,2,2,1,1,2,d1:1;d2:1
14263,33,True,32,0,4,11,12,0,24,6,3,2,1,3,d2:1;d4:1;d5:1
14265,10,True,9,0,0,-1,0,0,-1,0,0,0,0,0,none
14267,9,True,8,0,0,-1,0,0,-1,0,0,0,0,0,none
14269,34,True,33,0,5,9,13,0,25,6,3,2,1,3,d2:1;d4:1;d5:1
14271,32,True,31,0,4,2,12,0,23,6,3,2,1,3,d2:1;d4:1;d5:1
14273,9,True,8,0,1,5,1,0,4,4,3,2,1,3,d1:1;d2:1;d4:1
14275,8,True,7,0,2,2,1,0,1,4,3,1,2,2,d1:1;d3:1;d4:1
14277,13,True,12,0,2,8,6,0,4,6,3,2,1,3,d2:1;d4:1;d5:1
14279,23,True,22,0,1,2,3,0,0,3,2,1,1,2,d1:1;d3:1
14281,22,True,21,0,1,4,3,0,3,2,2,1,1,2,d1:1;d2:1
14283,7,True,6,0,0,-1,0,0,-1,0,0,0,0,0,none
14285,7,True,6,0,0,-1,0,0,-1,0,0,0,0,0,none
14287,33,True,32,0,4,1,12,0,24,6,3,2,1,3,d2:1;d4:1;d5:1
14289,7,True,6,0,0,-1,0,0,-1,0,0,0,0,0,none
14291,32,True,31,0,4,3,12,0,2,8,5,2,3,3,d1:1;d3:1;d5:1;d6:1;d8:1
14293,12,True,11,0,1,5,2,0,3,6,3,2,1,3,d2:1;d4:1;d5:1
14295,21,True,20,0,1,5,2,0,3,4,2,1,1,2,d2:1;d4:1
14297,13,True,12,0,1,6,2,0,4,6,3,2,1,3,d2:1;d4:1;d5:1
14299,11,True,10,0,0,-1,0,0,-1,0,0,0,0,0,none
14301,9,True,8,0,1,5,1,0,4,2,2,1,1,2,d1:1;d2:1
14303,19,True,18,0,2,1,2,0,6,5,3,1,2,2,d1:1;d3:1;d4:1
14305,8,True,7,0,2,4,2,0,2,4,3,1,2,2,d1:1;d3:1;d4:1
14307,12,True,11,0,1,5,2,0,3,6,3,2,1,3,d2:1;d4:1;d5:1
14309,14,True,13,0,2,9,4,0,5,4,3,1,2,2,d1:1;d3:1;d4:1
14311,9,True,8,0,1,1,1,0,0,3,2,1,1,2,d1:1;d3:1
14313,16,True,15,0,2,3,2,0,2,3,2,1,1,2,d1:1;d3:1
14315,9,True,8,0,1,4,2,0,2,4,2,1,1,2,d2:1;d4:1
14317,14,True,13,0,2,3,4,0,5,4,3,1,2,2,d1:1;d3:1;d4:1
14319,31,True,30,0,5,1,13,0,22,6,3,2,1,3,d2:1;d4:1;d5:1
14321,18,True,17,0,4,6,4,0,7,8,5,1,4,2,d1:1;d3:1;d4:1;d6:1;d8:1
14323,25,True,24,0,3,6,5,0,8,4,2,1,1,2,d1:1;d3:1
14325,17,True,16,0,4,3,2,0,6,8,5,1,4,2,d1:1;d3:1;d4:1;d6:1;d8:1
14327,12,True,11,0,0,-1,0,0,-1,0,0,0,0,0,none
14329,19,True,18,0,4,10,2,0,8,8,5,1,4,2,d1:1;d3:1;d4:1;d6:1;d8:1
14331,32,True,31,0,4,4,12,0,23,6,3,2,1,3,d2:1;d4:1;d5:1
14333,17,True,16,0,4,3,2,0,6,8,5,1,4,2,d1:1;d3:1;d4:1;d6:1;d8:1
14335,30,True,29,0,5,6,12,0,0,11,7,2,5,3,d1:1;d3:1;d4:1;d6:1;d8:1;d9:1;d11:1
14337,16,True,15,0,1,9,2,0,7,3,2,1,1,2,d1:1;d3:1
14339,14,True,13,0,1,7,2,0,5,5,3,2,1,3,d2:1;d4:1;d5:1
14341,16,True,15,0,1,6,2,0,4,4,2,1,1,2,d1:1;d3:1
14343,13,True,12,0,1,1,2,0,0,3,2,1,1,2,d1:1;d3:1
14345,37,True,36,0,7,2,14,0,11,6,3,1,2,2,d1:1;d3:1;d5:1
14347,15,True,14,0,1,5,2,0,3,4,2,1,1,2,d1:1;d3:1
14349,21,True,20,0,3,16,9,0,12,6,3,2,1,3,d2:1;d4:1;d5:1
14351,14,True,13,0,1,4,2,0,2,3,2,1,1,2,d1:1;d3:1
14353,21,True,20,0,3,16,9,0,12,6,3,2,1,3,d2:1;d4:1;d5:1
14355,15,True,14,0,1,2,2,0,1,2,2,1,1,2,d1:1;d2:1
14357,15,True,14,0,1,12,1,0,11,3,2,1,1,2,d2:1;d3:1
14359,19,True,18,0,3,14,9,0,10,6,3,2,1,3,d2:1;d4:1;d5:1
14361,30,True,29,0,3,8,9,0,21,6,3,2,1,3,d2:1;d4:1;d5:1
14363,30,True,29,0,8,4,7,0,8,4,2,1,1,2,d1:1;d3:1
14365,26,True,25,0,3,9,9,0,5,8,5,2,3,3,d1:1;d2:1;d4:1;d6:1;d7:1
14367,18,True,17,0,2,5,5,0,0,5,3,1,2,2,d2:1;d3:1;d5:1
14369,25,True,24,0,3,8,9,0,4,8,5,2,3,3,d1:1;d2:1;d4:1;d6:1;d7:1
14371,14,True,13,0,1,11,1,0,10,3,2,1,1,2,d2:1;d3:1
14373,6,True,5,0,1,2,1,0,1,3,2,1,1,2,d1:1;d2:1
14375,24,True,23,0,5,1,9,0,6,5,3,1,2,2,d1:1;d2:1;d4:1
14377,25,True,24,0,3,3,9,0,16,6,3,2,1,3,d2:1;d4:1;d5:1
14379,6,True,5,0,0,-1,0,0,-1,0,0,0,0,0,none
14381,16,True,15,0,1,13,1,0,12,3,2,1,1,2,d2:1;d3:1
14383,35,True,34,0,5,5,13,0,26,6,3,2,1,3,d2:1;d4:1;d5:1
14385,31,True,30,0,5,3,13,0,22,6,3,2,1,3,d2:1;d4:1;d5:1
14387,31,True,30,0,5,27,13,0,22,6,3,2,1,3,d2:1;d4:1;d5:1
14389,19,True,18,0,3,14,9,0,10,6,3,2,1,3,d2:1;d4:1;d5:1
14391,21,True,20,0,5,4,7,0,8,4,3,1,2,2,d1:1;d2:1;d4:1
14393,15,True,14,0,1,12,1,0,11,3,2,1,1,2,d2:1;d3:1
14395,16,True,15,0,1,13,1,0,12,3,2,1,1,2,d2:1;d3:1
14397,14,True,13,0,1,11,1,0,10,3,2,1,1,2,d2:1;d3:1
14399,28,True,27,0,5,1,13,0,19,6,3,2,1,3,d2:1;d4:1;d5:1
14401,30,True,29,0,5,6,13,0,21,6,3,2,1,3,d2:1;d4:1;d5:1
14403,29,True,28,0,5,4,13,0,20,6,3,2,1,3,d2:1;d4:1;d5:1
14405,19,True,18,0,3,14,9,0,10,6,3,2,1,3,d2:1;d4:1;d5:1
14407,15,True,14,0,1,3,3,0,0,3,2,1,1,2,d1:1;d3:1
14409,14,True,13,0,2,3,1,0,2,5,3,1,2,2,d1:1;d2:1;d4:1
14411,18,True,17,0,3,13,9,0,9,6,3,2,1,3,d2:1;d4:1;d5:1
14413,29,True,28,0,5,3,13,0,20,6,3,2,1,3,d2:1;d4:1;d5:1
14415,13,True,12,0,1,1,1,0,0,4,3,2,1,3,d1:1;d2:1;d4:1
14417,28,True,27,0,5,4,13,0,19,6,3,2,1,3,d2:1;d4:1;d5:1
14419,13,True,12,0,2,2,1,0,1,4,3,1,2,2,d1:1;d3:1;d4:1
14421,11,True,10,0,4,4,2,0,2,7,5,1,4,2,d1:1;d2:1;d4:1;d6:1;d7:1
14423,20,True,19,0,3,15,9,0,11,6,3,2,1,3,d2:1;d4:1;d5:1
14425,20,True,19,0,3,15,9,0,11,6,3,2,1,3,d2:1;d4:1;d5:1
14427,29,True,28,0,5,4,12,0,2,8,5,1,4,2,d1:1;d3:1;d5:1;d6:1;d8:1
14429,10,True,9,0,0,-1,0,0,-1,0,0,0,0,0,none
14431,12,True,11,0,1,9,1,0,8,3,2,1,1,2,d2:1;d3:1
14433,15,True,14,0,1,5,1,0,4,3,2,1,1,2,d2:1;d3:1
14435,9,True,8,0,0,-1,0,0,-1,0,0,0,0,0,none
14437,10,True,9,0,0,-1,0,0,-1,0,0,0,0,0,none
14439,15,True,14,0,2,3,3,0,1,4,2,1,1,2,d2:1;d4:1
14441,10,True,9,0,0,-1,0,0,-1,0,0,0,0,0,none
14443,18,True,17,0,1,7,1,0,6,3,2,1,1,2,d2:1;d3:1
14445,13,True,12,0,1,3,1,0,2,5,3,2,1,3,d2:1;d4:1;d5:1
14447,26,True,25,0,2,6,6,0,0,4,3,1,2,2,d1:1;d2:1;d4:1
14449,11,True,10,0,4,4,2,0,2,7,5,1,4,2,d1:1;d2:1;d4:1;d6:1;d7:1
14451,11,True,10,0,0,-1,0,0,-1,0,0,0,0,0,none
14453,19,True,18,0,3,14,9,0,10,6,3,2,1,3,d2:1;d4:1;d5:1
14455,21,True,20,0,4,11,9,0,4,3,2,1,1,2,d1:1;d3:1
14457,29,True,28,0,5,6,13,0,20,6,3,2,1,3,d2:1;d4:1;d5:1
14459,22,True,21,0,3,2,7,0,5,3,2,1,1,2,d1:1;d3:1
14461,15,True,14,0,1,3,2,0,1,4,2,1,1,2,d2:1;d3:1
14463,14,True,13,0,3,5,5,0,0,7,4,1,3,2,d2:1;d4:1;d5:1;d7:1
14465,28,True,27,0,5,7,13,0,19,6,3,2,1,3,d2:1;d4:1;d5:1
14467,28,True,27,0,4,6,12,0,19,6,3,2,1,3,d2:1;d4:1;d5:1
14469,29,True,28,0,4,7,12,0,20,6,3,2,1,3,d2:1;d4:1;d5:1
14471,20,True,19,0,3,1,9,0,11,6,3,2,1,3,d2:1;d4:1;d5:1
14473,34,True,33,0,4,2,5,0,23,8,5,1,4,2,d1:1;d3:1;d4:1;d6:1;d8:1
14475,27,True,26,0,5,23,13,0,18,6,3,2,1,3,d2:1;d4:1;d5:1
14477,12,True,11,0,3,4,1,0,3,6,4,1,3,2,d1:1;d2:1;d4:1;d6:1
14479,9,True,8,0,0,-1,0,0,-1,0,0,0,0,0,none
14481,16,True,15,0,1,7,4,0,3,4,2,1,1,2,d2:1;d4:1
14483,15,True,14,0,1,12,1,0,11,3,2,1,1,2,d2:1;d3:1
14485,16,True,15,0,1,4,3,0,1,3,2,1,1,2,d1:1;d2:1
14487,10,True,9,0,3,2,1,0,1,6,4,1,3,2,d1:1;d2:1;d4:1;d6:1
14489,30,True,29,0,4,5,12,0,21,6,3,2,1,3,d2:1;d4:1;d5:1
14491,28,True,27,0,4,2,12,0,19,6,3,2,1,3,d2:1;d4:1;d5:1
14493,19,True,18,0,3,14,9,0,10,6,3,2,1,3,d2:1;d4:1;d5:1
14495,28,True,27,0,8,10,10,0,3,7,4,2,2,3,d2:1;d3:1;d5:1;d7:1
14497,26,True,25,0,2,3,4,0,4,5,3,1,2,2,d2:1;d4:1;d5:1
14499,16,True,15,0,1,13,1,0,12,3,2,1,1,2,d2:1;d3:1
14501,14,True,13,0,2,3,2,0,1,5,3,1,2,2,d1:1;d3:1;d4:1
14503,27,True,26,0,4,3,12,0,18,6,3,2,1,3,d2:1;d4:1;d5:1
14505,22,True,21,0,3,7,6,0,1,7,4,1,3,2,d1:1;d3:1;d5:1;d6:1
14507,18,True,17,0,1,15,1,0,14,3,2,1,1,2,d2:1;d3:1
14509,13,True,12,0,2,5,1,0,4,5,3,1,2,2,d1:1;d2:1;d4:1
14511,30,True,29,0,7,1,11,0,8,5,2,1,1,2,d2:1;d4:1
14513,16,True,15,0,1,13,1,0,12,3,2,1,1,2,d2:1;d3:1
14515,15,True,14,0,1,12,1,0,11,3,2,1,1,2,d2:1;d3:1
14517,11,True,10,0,0,-1,0,0,-1,0,0,0,0,0,none
14519,28,True,27,0,5,24,13,0,19,6,3,2,1,3,d2:1;d4:1;d5:1
14521,16,True,15,0,1,13,1,0,12,3,2,1,1,2,d2:1;d3:1
14523,14,True,13,0,1,11,1,0,10,3,2,1,1,2,d2:1;d3:1
14525,21,True,20,0,3,2,5,0,4,4,2,1,1,2,d1:1;d3:1
14527,14,True,13,0,3,1,1,0,0,6,4,1,3,2,d1:1;d3:1;d4:1;d6:1
14529,28,True,27,0,4,23,12,0,19,6,3,2,1,3,d2:1;d4:1;d5:1
14531,26,True,25,0,4,21,12,0,17,6,3,2,1,3,d2:1;d4:1;d5:1
14533,13,True,12,0,5,4,2,0,2,9,6,1,5,2,d1:1;d3:1;d4:1;d6:1;d8:1;d9:1
14535,27,True,26,0,4,2,12,0,18,6,3,2,1,3,d2:1;d4:1;d5:1
14537,10,True,9,0,0,-1,0,0,-1,0,0,0,0,0,none
14539,17,True,16,0,1,5,1,0,4,2,2,1,1,2,d1:1;d2:1
14541,14,True,13,0,4,5,2,0,3,8,5,1,4,2,d1:1;d3:1;d4:1;d6:1;d8:1
14543,27,True,26,0,4,2,12,0,18,6,3,2,1,3,d2:1;d4:1;d5:1
14545,22,True,21,0,4,5,3,0,11,3,2,1,1,2,d1:1;d3:1
14547,21,True,20,0,4,8,3,0,10,3,2,1,1,2,d1:1;d3:1
14549,3,True,2,0,0,-1,0,0,-1,0,0,0,0,0,none
14551,21,True,20,0,4,5,3,0,10,3,2,1,1,2,d1:1;d3:1
14553,12,True,11,0,2,3,1,0,2,9,5,3,2,4,d2:1;d4:1;d5:1;d7:1;d9:1
14555,22,True,21,0,4,9,3,0,11,3,2,1,1,2,d1:1;d3:1
14557,30,True,29,0,6,13,11,0,4,6,3,1,2,2,d1:1;d3:1;d5:1
14559,30,True,29,0,5,12,12,0,5,3,2,1,1,2,d1:1;d3:1
14561,26,True,25,0,8,9,7,0,4,4,2,1,1,2,d1:1;d3:1
14563,2,True,1,0,0,-1,0,0,-1,0,0,0,0,0,none
14565,23,True,22,0,3,18,9,0,14,6,3,2,1,3,d2:1;d4:1;d5:1
14567,12,True,11,0,2,2,2,0,1,3,2,1,1,2,d1:1;d3:1
14569,13,True,12,0,1,2,1,0,1,4,2,1,1,2,d2:1;d4:1
14571,13,True,12,0,1,1,1,0,0,2,2,1,1,2,d1:1;d2:1
14573,28,True,27,0,5,10,13,0,19,6,3,2,1,3,d2:1;d4:1;d5:1
14575,19,True,18,0,4,6,6,0,1,5,3,1,2,2,d1:1;d2:1;d4:1
14577,11,True,10,0,0,-1,0,0,-1,0,0,0,0,0,none
14579,21,True,20,0,3,3,9,0,12,6,3,2,1,3,d2:1;d4:1;d5:1
14581,9,True,8,0,0,-1,0,0,-1,0,0,0,0,0,none
14583,27,True,26,0,5,9,13,0,18,6,3,2,1,3,d2:1;d4:1;d5:1
14585,21,True,20,0,1,15,1,0,14,2,2,1,1,2,d1:1;d2:1
14587,14,True,13,0,3,4,4,0,2,5,3,1,2,2,d1:1;d2:1;d4:1
14589,25,True,24,0,5,7,13,0,16,6,3,2,1,3,d2:1;d4:1;d5:1
14591,15,True,14,0,4,6,6,0,2,4,3,1,2,2,d1:1;d2:1;d4:1
14593,11,True,10,0,0,-1,0,0,-1,0,0,0,0,0,none
14595,27,True,26,0,5,3,13,0,18,6,3,2,1,3,d2:1;d4:1;d5:1
14597,10,True,9,0,0,-1,0,0,-1,0,0,0,0,0,none
14599,26,True,25,0,5,1,13,0,17,6,3,2,1,3,d2:1;d4:1;d5:1
14601,27,True,26,0,5,2,13,0,18,6,3,2,1,3,d2:1;d4:1;d5:1
14603,10,True,9,0,1,1,1,0,0,2,2,1,1,2,d1:1;d2:1
14605,9,True,8,0,0,-1,0,0,-1,0,0,0,0,0,none
14607,25,True,24,0,5,21,13,0,16,6,3,2,1,3,d2:1;d4:1;d5:1
14609,10,True,9,0,0,-1,0,0,-1,0,0,0,0,0,none
14611,33,True,32,0,3,6,9,0,24,6,3,2,1,3,d2:1;d4:1;d5:1
14613,24,True,23,0,5,20,13,0,15,6,3,2,1,3,d2:1;d4:1;d5:1
14615,8,True,7,0,0,-1,0,0,-1,0,0,0,0,0,none
14617,8,True,7,0,0,-1,0,0,-1,0,0,0,0,0,none
14619,31,True,30,0,3,5,9,0,22,6,3,2,1,3,d2:1;d4:1;d5:1
14621,21,True,20,0,3,16,9,0,12,6,3,2,1,3,d2:1;d4:1;d5:1
14623,27,True,26,0,4,1,12,0,18,6,3,2,1,3,d2:1;d4:1;d5:1
14625,9,True,8,0,0,-1,0,0,-1,0,0,0,0,0,none
14627,21,True,20,0,2,3,6,0,12,6,3,2,1,3,d2:1;d4:1;d5:1
14629,21,True,20,0,2,9,6,0,12,6,3,2,1,3,d2:1;d4:1;d5:1
14631,13,True,12,0,1,1,1,0,0,3,2,1,1,2,d2:1;d3:1
14633,11,True,10,0,1,2,1,0,1,5,3,2,1,3,d1:1;d3:1;d5:1
14635,21,True,20,0,2,1,6,0,12,6,3,2,1,3,d2:1;d4:1;d5:1
14637,24,True,23,0,5,20,13,0,15,6,3,2,1,3,d2:1;d4:1;d5:1
14639,27,True,26,0,2,3,6,0,0,4,3,1,2,2,d1:1;d3:1;d4:1
14641,9,True,8,0,0,-1,0,0,-1,0,0,0,0,0,none
14643,9,True,8,0,0,-1,0,0,-1,0,0,0,0,0,none
14645,23,True,22,0,5,19,13,0,14,6,3,2,1,3,d2:1;d4:1;d5:1
14647,26,True,25,0,5,2,13,0,17,6,3,2,1,3,d2:1;d4:1;d5:1
14649,19,True,18,0,2,10,3,0,7,5,3,1,2,2,d1:1;d3:1;d5:1
14651,12,True,11,0,1,1,1,0,0,2,2,1,1,2,d1:1;d2:1
14653,13,True,12,0,1,6,1,0,5,4,2,1,1,2,d2:1;d4:1
14655,19,True,18,0,3,5,5,0,1,3,2,1,1,2,d1:1;d2:1
14657,24,True,23,0,5,20,13,0,15,6,3,2,1,3,d2:1;d4:1;d5:1
14659,21,True,20,0,2,4,2,0,2,5,3,1,2,2,d1:1;d2:1;d4:1
14661,9,True,8,0,0,-1,0,0,-1,0,0,0,0,0,none
14663,23,True,22,0,4,5,5,0,2,7,4,1,3,2,d1:1;d3:1;d4:1;d6:1
14665,14,True,13,0,1,11,1,0,10,3,2,1,1,2,d2:1;d3:1
14667,9,True,8,0,1,1,1,0,0,2,2,1,1,2,d1:1;d2:1
14669,8,True,7,0,0,-1,0,0,-1,0,0,0,0,0,none
14671,13,True,12,0,1,1,3,0,0,4,3,2,1,3,d1:1;d3:1;d4:1
14673,31,True,30,0,4,8,6,0,20,8,5,1,4,2,d1:1;d3:1;d4:1;d6:1;d8:1
14675,29,True,28,0,4,6,2,0,18,8,5,1,4,2,d1:1;d3:1;d4:1;d6:1;d8:1
14677,8,True,7,0,1,5,1,0,4,3,2,1,1,2,d2:1;d3:1
14679,31,True,30,0,6,10,9,0,5,6,3,1,2,2,d1:1;d3:1;d5:1
14681,32,True,31,0,5,11,9,0,6,6,3,1,2,2,d1:1;d3:1;d5:1
14683,14,True,13,0,1,2,2,0,0,2,2,1,1,2,d1:1;d2:1
14685,23,True,22,0,5,19,13,0,14,6,3,2,1,3,d2:1;d4:1;d5:1
14687,11,True,10,0,1,8,1,0,7,3,2,1,1,2,d2:1;d3:1
14689,28,True,27,0,4,23,12,0,19,6,3,2,1,3,d2:1;d4:1;d5:1
14691,28,True,27,0,4,3,12,0,19,6,3,2,1,3,d2:1;d4:1;d5:1
14693,28,True,27,0,4,3,12,0,19,6,3,2,1,3,d2:1;d4:1;d5:1
14695,42,True,41,0,5,18,18,0,12,10,6,2,4,3,d1:1;d3:1;d4:1;d6:1;d8:1;d9:1
14697,21,True,20,0,5,17,13,0,12,6,3,2,1,3,d2:1;d4:1;d5:1
14699,9,True,8,0,1,1,1,0,0,2,2,1,1,2,d1:1;d2:1
14701,21,True,20,0,1,5,1,0,4,2,2,1,1,2,d1:1;d2:1
14703,20,True,19,0,2,1,1,0,0,4,3,1,2,2,d1:1;d3:1;d4:1
14705,23,True,22,0,4,18,12,0,14,6,3,2,1,3,d2:1;d4:1;d5:1
14707,28,True,27,0,4,5,12,0,19,6,3,2,1,3,d2:1;d4:1;d5:1
14709,22,True,21,0,4,17,12,0,13,6,3,2,1,3,d2:1;d4:1;d5:1
14711,20,True,19,0,1,5,3,0,2,4,2,1,1,2,d1:1;d3:1
14713,18,True,17,0,3,3,1,0,2,7,4,1,3,2,d2:1;d3:1;d5:1;d7:1
14715,22,True,21,0,2,2,6,0,13,6,3,2,1,3,d2:1;d4:1;d5:1
14717,26,True,25,0,4,7,12,0,17,6,3,2,1,3,d2:1;d4:1;d5:1
14719,24,True,23,0,3,5,4,0,2,5,3,1,2,2,d2:1;d3:1;d5:1
14721,28,True,27,0,4,9,12,0,19,6,3,2,1,3,d2:1;d4:1;d5:1
14723,23,True,22,0,5,19,13,0,14,6,3,2,1,3,d2:1;d4:1;d5:1
14725,22,True,21,0,5,18,13,0,13,6,3,2,1,3,d2:1;d4:1;d5:1
14727,22,True,21,0,5,1,13,0,13,6,3,2,1,3,d2:1;d4:1;d5:1
14729,15,True,14,0,1,2,1,0,1,3,2,1,1,2,d1:1;d3:1
14731,15,True,14,0,1,1,1,0,0,2,2,1,1,2,d1:1;d2:1
14733,22,True,21,0,4,17,12,0,13,6,3,2,1,3,d2:1;d4:1;d5:1
14735,18,True,17,0,2,13,6,0,9,6,3,2,1,3,d2:1;d4:1;d5:1
14737,10,True,9,0,0,-1,0,0,-1,0,0,0,0,0,none
14739,8,True,7,0,0,-1,0,0,-1,0,0,0,0,0,none
14741,22,True,21,0,4,17,12,0,13,6,3,2,1,3,d2:1;d4:1;d5:1
14743,8,True,7,0,0,-1,0,0,-1,0,0,0,0,0,none
14745,10,True,9,0,0,-1,0,0,-1,0,0,0,0,0,none
14747,17,True,16,0,2,3,3,0,2,3,2,1,1,2,d1:1;d2:1
14749,9,True,8,0,0,-1,0,0,-1,0,0,0,0,0,none
14751,19,True,18,0,2,2,6,0,0,5,3,1,2,2,d2:1;d4:1;d5:1
14753,30,True,29,0,4,7,12,0,21,6,3,2,1,3,d2:1;d4:1;d5:1
14755,16,True,15,0,4,3,3,0,5,3,2,1,1,2,d1:1;d3:1
14757,16,True,15,0,4,3,3,0,5,3,2,1,1,2,d1:1;d3:1
14759,8,True,7,0,1,2,2,0,0,3,2,1,1,2,d2:1;d3:1
14761,22,True,21,0,4,5,4,0,13,7,5,1,4,2,d1:1;d2:1;d4:1;d6:1;d7:1
14763,13,True,12,0,3,1,3,0,3,7,4,1,3,2,d1:1;d3:1;d4:1;d6:1
14765,17,True,16,0,1,11,1,0,10,2,2,1,1,2,d1:1;d2:1
14767,28,True,27,0,5,1,9,0,5,9,5,1,4,2,d2:1;d4:1;d6:1;d7:1;d9:1
14769,16,True,15,0,1,10,1,0,9,2,2,1,1,2,d1:1;d2:1
14771,15,True,14,0,1,9,1,0,8,2,2,1,1,2,d1:1;d2:1
14773,14,True,13,0,1,8,1,0,7,2,2,1,1,2,d1:1;d2:1
14775,14,True,13,0,1,8,1,0,7,2,2,1,1,2,d1:1;d2:1
14777,16,True,15,0,1,10,1,0,9,2,2,1,1,2,d1:1;d2:1
14779,29,True,28,0,3,1,9,0,10,4,3,1,2,2,d1:1;d3:1;d4:1
14781,34,True,33,0,6,3,17,0,17,3,2,1,1,2,d1:1;d3:1
14783,17,True,16,0,4,5,5,0,1,3,2,1,1,2,d1:1;d2:1
14785,13,True,12,0,1,5,2,0,3,4,2,1,1,2,d2:1;d4:1
14787,10,True,9,0,0,-1,0,0,-1,0,0,0,0,0,none
14789,9,True,8,0,1,6,1,0,5,3,2,1,1,2,d2:1;d3:1
14791,12,True,11,0,1,2,2,0,0,3,2,1,1,2,d2:1;d3:1
14793,11,True,10,0,0,-1,0,0,-1,0,0,0,0,0,none
14795,15,True,14,0,1,1,1,0,0,2,2,1,1,2,d1:1;d2:1
14797,16,True,15,0,1,10,1,0,9,2,2,1,1,2,d1:1;d2:1
14799,18,True,17,0,1,2,4,0,0,4,3,2,1,3,d1:1;d3:1;d4:1
14801,15,True,14,0,1,9,1,0,8,2,2,1,1,2,d1:1;d2:1
14803,14,True,13,0,1,8,1,0,7,2,2,1,1,2,d1:1;d2:1
14805,21,True,20,0,5,3,13,0,12,6,3,2,1,3,d2:1;d4:1;d5:1
14807,28,True,27,0,4,5,9,0,6,8,5,1,4,2,d1:1;d2:1;d4:1;d6:1;d8:1
14809,22,True,21,0,4,17,12,0,13,6,3,2,1,3,d2:1;d4:1;d5:1
14811,28,True,27,0,3,1,9,0,19,6,3,2,1,3,d2:1;d4:1;d5:1
14813,22,True,21,0,4,17,12,0,13,6,3,2,1,3,d2:1;d4:1;d5:1
14815,7,True,6,0,2,2,2,0,1,5,3,2,1,3,d2:1;d3:1;d5:1
14817,21,True,20,0,2,6,6,0,12,6,3,2,1,3,d2:1;d4:1;d5:1
14819,21,True,20,0,5,3,13,0,12,6,3,2,1,3,d2:1;d4:1;d5:1
14821,27,True,26,0,3,7,9,0,18,6,3,2,1,3,d2:1;d4:1;d5:1
14823,21,True,20,0,1,2,2,0,0,3,2,1,1,2,d2:1;d3:1
14825,27,True,26,0,3,2,9,0,18,6,3,2,1,3,d2:1;d4:1;d5:1
14827,19,True,18,0,1,1,2,0,0,2,2,1,1,2,d1:1;d2:1
14829,22,True,21,0,4,17,12,0,13,6,3,2,1,3,d2:1;d4:1;d5:1
14831,40,True,39,0,4,10,12,0,31,6,3,2,1,3,d2:1;d4:1;d5:1
14833,22,True,21,0,5,18,13,0,13,6,3,2,1,3,d2:1;d4:1;d5:1
14835,23,True,22,0,2,12,6,0,7,3,2,1,1,2,d1:1;d2:1
14837,20,True,19,0,2,2,6,0,4,2,2,1,1,2,d1:1;d2:1
14839,13,True,12,0,1,3,1,0,2,4,2,1,1,2,d1:1;d3:1
14841,14,True,13,0,1,5,1,0,4,3,2,1,1,2,d1:1;d2:1
14843,21,True,20,0,2,2,6,0,5,2,2,1,1,2,d1:1;d2:1
14845,40,True,39,0,4,8,12,0,3,2,2,1,1,2,d1:1;d2:1
14847,26,True,25,0,5,5,5,0,0,9,6,1,5,2,d1:1;d2:1;d4:1;d6:1;d8:1;d9:1
14849,17,True,16,0,1,8,3,0,5,3,2,1,1,2,d1:1;d2:1
14851,21,True,20,0,5,17,13,0,12,6,3,2,1,3,d2:1;d4:1;d5:1
14853,15,True,14,0,2,6,3,0,3,5,3,1,2,2,d1:1;d3:1;d5:1
14855,13,True,12,0,2,1,1,0,5,5,3,1,2,2,d1:1;d3:1;d5:1
14857,21,True,20,0,5,2,13,0,12,6,3,2,1,3,d2:1;d4:1;d5:1
14859,15,True,14,0,1,1,2,0,0,2,2,1,1,2,d1:1;d2:1
14861,9,True,8,0,1,6,1,0,5,3,2,1,1,2,d2:1;d3:1
14863,12,True,11,0,1,6,1,0,5,2,2,1,1,2,d1:1;d2:1
14865,9,True,8,0,1,6,1,0,5,3,2,1,1,2,d2:1;d3:1
14867,16,True,15,0,1,10,1,0,9,2,2,1,1,2,d1:1;d2:1
14869,23,True,22,0,4,18,12,0,14,6,3,2,1,3,d2:1;d4:1;d5:1
14871,9,True,8,0,0,-1,0,0,-1,0,0,0,0,0,none
14873,9,True,8,0,0,-1,0,0,-1,0,0,0,0,0,none
14875,25,True,24,0,3,1,9,0,16,6,3,2,1,3,d2:1;d4:1;d5:1
14877,10,True,9,0,0,-1,0,0,-1,0,0,0,0,0,none
14879,25,True,24,0,4,2,2,0,14,8,5,1,4,2,d1:1;d3:1;d4:1;d6:1;d8:1
14881,10,True,9,0,0,-1,0,0,-1,0,0,0,0,0,none
14883,23,True,22,0,4,18,12,0,14,6,3,2,1,3,d2:1;d4:1;d5:1
14885,12,True,11,0,1,3,2,0,1,3,2,1,1,2,d1:1;d3:1
14887,9,True,8,0,1,1,1,0,0,3,2,1,1,2,d2:1;d3:1
14889,13,True,12,0,2,2,1,0,1,5,3,1,2,2,d1:1;d3:1;d5:1
14891,23,True,22,0,4,1,12,0,14,6,3,2,1,3,d2:1;d4:1;d5:1
14893,23,True,22,0,4,18,12,0,14,6,3,2,1,3,d2:1;d4:1;d5:1
14895,22,True,21,0,2,3,3,0,0,4,3,1,2,2,d1:1;d3:1;d4:1
14897,22,True,21,0,1,3,1,0,2,4,2,1,1,2,d1:1;d3:1
14899,22,True,21,0,1,3,1,0,2,3,2,1,1,2,d1:1;d3:1
14901,8,True,7,0,1,5,1,0,4,3,2,1,1,2,d2:1;d3:1
14903,27,True,26,0,3,2,9,0,18,6,3,2,1,3,d2:1;d4:1;d5:1
14905,9,True,8,0,0,-1,0,0,-1,0,0,0,0,0,none
14907,15,True,14,0,1,1,2,0,0,2,2,1,1,2,d1:1;d2:1
14909,14,True,13,0,1,5,2,0,3,3,2,1,1,2,d2:1;d3:1
14911,12,True,11,0,1,3,2,0,1,4,2,1,1,2,d2:1;d3:1
14913,15,True,14,0,0,-1,0,0,-1,0,0,0,0,0,none
14915,13,True,12,0,0,-1,0,0,-1,0,0,0,0,0,none
14917,15,True,14,0,0,-1,0,0,-1,0,0,0,0,0,none
14919,22,True,21,0,2,2,3,0,3,6,3,1,2,2,d2:1;d4:1;d5:1
14921,21,True,20,0,4,16,12,0,12,6,3,2,1,3,d2:1;d4:1;d5:1
14923,14,True,13,0,1,1,1,0,0,2,2,1,1,2,d1:1;d2:1
14925,15,True,14,0,0,-1,0,0,-1,0,0,0,0,0,none
14927,14,True,13,0,1,1,1,0,0,4,3,2,1,3,d1:1;d3:1;d4:1
14929,14,True,13,0,2,4,1,0,3,4,3,1,2,2,d1:1;d2:1;d4:1
14931,13,True,12,0,1,3,1,0,2,3,2,1,1,2,d1:1;d2:1
14933,14,True,13,0,2,2,6,0,5,6,3,2,1,3,d2:1;d4:1;d5:1
14935,13,True,12,0,0,-1,0,0,-1,0,0,0,0,0,none
14937,13,True,12,0,0,-1,0,0,-1,0,0,0,0,0,none
14939,12,True,11,0,1,3,3,0,0,2,2,1,1,2,d1:1;d2:1
14941,8,True,7,0,1,5,1,0,4,3,2,1,1,2,d2:1;d3:1
14943,13,True,12,0,0,-1,0,0,-1,0,0,0,0,0,none
14945,13,True,12,0,0,-1,0,0,-1,0,0,0,0,0,none
14947,18,True,17,0,4,4,2,0,9,7,5,1,4,2,d1:1;d2:1;d4:1;d6:1;d7:1
14949,19,True,18,0,4,5,2,0,10,7,5,1,4,2,d1:1;d2:1;d4:1;d6:1;d7:1
14951,12,True,11,0,1,1,1,0,0,3,2,1,1,2,d2:1;d3:1
14953,13,True,12,0,0,-1,0,0,-1,0,0,0,0,0,none
14955,15,True,14,0,1,1,1,0,0,2,2,1,1,2,d1:1;d2:1
14957,22,True,21,0,3,9,7,0,5,6,4,2,2,3,d1:1;d3:1;d5:1;d6:1
14959,23,True,22,0,2,7,7,0,0,4,3,1,2,2,d1:1;d3:1;d4:1
14961,15,True,14,0,2,10,6,0,6,6,3,2,1,3,d2:1;d4:1;d5:1
14963,28,True,27,0,3,6,9,0,3,7,4,1,3,2,d1:1;d3:1;d4:1;d6:1
14965,23,True,22,0,4,18,12,0,14,6,3,2,1,3,d2:1;d4:1;d5:1
14967,7,True,6,0,1,4,1,0,3,3,2,1,1,2,d2:1;d3:1
14969,14,True,13,0,0,-1,0,0,-1,0,0,0,0,0,none
14971,14,True,13,0,1,2,2,0,0,2,2,1,1,2,d1:1;d2:1
14973,13,True,12,0,2,3,2,0,2,3,2,1,1,2,d1:1;d3:1
14975,23,True,22,0,3,3,9,0,0,7,4,1,3,2,d2:1;d4:1;d6:1;d7:1
14977,34,True,33,0,5,4,13,0,25,6,3,2,1,3,d2:1;d4:1;d5:1
14979,15,True,14,0,2,10,6,0,6,6,3,2,1,3,d2:1;d4:1;d5:1
14981,25,True,24,0,3,8,9,0,6,4,3,1,2,2,d1:1;d3:1;d4:1
14983,25,True,24,0,3,1,9,0,6,4,3,1,2,2,d1:1;d3:1;d4:1
14985,12,True,11,0,1,2,1,0,1,3,2,1,1,2,d1:1;d3:1
14987,25,True,24,0,3,1,9,0,6,4,3,1,2,2,d1:1;d3:1;d4:1
14989,14,True,13,0,2,9,6,0,5,6,3,2,1,3,d2:1;d4:1;d5:1
14991,12,True,11,0,0,-1,0,0,-1,0,0,0,0,0,none
14993,13,True,12,0,1,6,2,0,4,3,2,1,1,2,d1:1;d3:1
14995,12,True,11,0,1,5,2,0,3,3,2,1,1,2,d1:1;d3:1
14997,27,True,26,0,6,18,17,0,10,3,2,1,1,2,d1:1;d3:1
14999,13,True,12,0,2,8,6,0,4,6,3,2,1,3,d2:1;d4:1;d5:1
15001,26,True,25,0,3,9,9,0,17,6,3,2,1,3,d2:1;d4:1;d5:1
15003,18,True,17,0,4,5,5,0,4,2,2,1,1,2,d1:1;d2:1
15005,13,True,12,0,1,8,4,0,4,3,2,1,1,2,d2:1;d3:1
15007,23,True,22,0,3,1,9,0,14,6,3,2,1,3,d2:1;d4:1;d5:1
15009,21,True,20,0,3,8,4,0,5,3,2,1,1,2,d2:1;d3:1
15011,26,True,25,0,4,6,9,0,9,3,2,1,1,2,d1:1;d3:1
15013,23,True,22,0,4,2,9,0,1,8,5,1,4,2,d1:1;d2:1;d4:1;d6:1;d8:1
15015,17,True,16,0,4,6,6,0,8,7,5,1,4,2,d1:1;d2:1;d4:1;d6:1;d7:1
15017,32,True,31,0,5,10,13,0,1,10,6,1,5,2,d1:1;d3:1;d4:1;d6:1;d8:1;d10:1
15019,23,True,22,0,4,1,12,0,14,6,3,2,1,3,d2:1;d4:1;d5:1
15021,13,True,12,0,1,9,1,0,8,4,3,2,1,3,d1:1;d2:1;d4:1
15023,11,True,10,0,2,1,1,0,0,4,3,1,2,2,d1:1;d3:1;d4:1
15025,16,True,15,0,2,11,6,0,7,6,3,2,1,3,d2:1;d4:1;d5:1
15027,15,True,14,0,2,10,6,0,6,6,3,2,1,3,d2:1;d4:1;d5:1
15029,16,True,15,0,1,9,2,0,7,6,3,2,1,3,d2:1;d4:1;d5:1
15031,36,True,35,0,5,11,13,0,27,6,3,2,1,3,d2:1;d4:1;d5:1
15033,15,True,14,0,2,10,6,0,6,6,3,2,1,3,d2:1;d4:1;d5:1
15035,11,True,10,0,1,1,1,0,0,2,2,1,1,2,d1:1;d2:1
15037,16,True,15,0,2,2,6,0,7,6,3,2,1,3,d2:1;d4:1;d5:1
15039,41,True,40,0,6,17,17,0,13,7,4,3,1,4,d1:1;d3:1;d4:1;d6:1
15041,16,True,15,0,1,9,2,0,7,6,3,2,1,3,d2:1;d4:1;d5:1
15043,8,True,7,0,0,-1,0,0,-1,0,0,0,0,0,none
15045,9,True,8,0,1,6,1,0,5,3,2,1,1,2,d2:1;d3:1
15047,9,True,8,0,1,2,2,0,0,3,2,1,1,2,d2:1;d3:1
15049,15,True,14,0,1,8,2,0,6,6,3,2,1,3,d2:1;d4:1;d5:1
15051,34,True,33,0,5,1,12,0,4,8,5,2,3,3,d1:1;d3:1;d5:1;d6:1;d8:1
15053,9,True,8,0,1,6,1,0,5,3,2,1,1,2,d2:1;d3:1
15055,28,True,27,0,4,20,20,0,14,5,3,1,2,2,d1:1;d3:1;d5:1
15057,12,True,11,0,1,6,1,0,5,2,2,1,1,2,d1:1;d2:1
15059,10,True,9,0,1,4,1,0,3,2,2,1,1,2,d1:1;d2:1
15061,22,True,21,0,3,4,9,0,13,6,3,2,1,3,d2:1;d4:1;d5:1
15063,10,True,9,0,1,6,1,0,5,2,2,1,1,2,d1:1;d2:1
15065,8,True,7,0,1,5,1,0,4,3,2,1,1,2,d2:1;d3:1
15067,21,True,20,0,2,1,2,0,8,5,3,1,2,2,d1:1;d3:1;d4:1
15069,17,True,16,0,2,12,4,0,8,4,3,1,2,2,d1:1;d3:1;d4:1
15071,14,True,13,0,1,1,2,0,0,5,3,2,1,3,d2:1;d4:1;d5:1
15073,15,True,14,0,1,3,2,0,2,5,2,1,1,2,d2:1;d4:1
15075,21,True,20,0,3,3,9,0,12,6,3,2,1,3,d2:1;d4:1;d5:1
15077,20,True,19,0,4,8,4,0,9,8,5,1,4,2,d1:1;d3:1;d4:1;d6:1;d8:1
15079,17,True,16,0,4,4,4,0,2,6,3,1,2,2,d2:1;d4:1;d5:1
15081,15,True,14,0,1,3,2,0,1,4,2,1,1,2,d2:1;d4:1
15083,16,True,15,0,2,1,4,0,7,4,3,1,2,2,d1:1;d3:1;d4:1
15085,20,True,19,0,4,6,2,0,9,8,5,1,4,2,d1:1;d3:1;d4:1;d6:1;d8:1
15087,36,True,35,0,5,7,13,0,27,6,3,2,1,3,d2:1;d4:1;d5:1
15089,22,True,21,0,3,4,9,0,13,6,3,2,1,3,d2:1;d4:1;d5:1
15091,14,True,13,0,1,5,3,0,2,5,3,2,1,3,d1:1;d3:1;d5:1
15093,7,True,6,0,1,2,1,0,1,3,2,1,1,2,d1:1;d3:1
15095,20,True,19,0,4,6,2,0,9,8,5,1,4,2,d1:1;d3:1;d4:1;d6:1;d8:1
15097,19,True,18,0,4,5,2,0,3,9,6,2,4,3,d1:1;d2:1;d4:1;d6:1;d7:1;d9:1
15099,22,True,21,0,4,7,7,0,11,8,5,1,4,2,d1:1;d3:1;d4:1;d6:1;d8:1
15101,16,True,15,0,2,5,4,0,1,5,3,1,2,2,d1:1;d3:1;d5:1
15103,18,True,17,0,5,2,2,0,7,9,6,1,5,2,d1:1;d3:1;d4:1;d6:1;d8:1;d9:1
15105,25,True,24,0,3,20,9,0,16,6,3,2,1,3,d2:1;d4:1;d5:1
15107,24,True,23,0,3,19,9,0,15,6,3,2,1,3,d2:1;d4:1;d5:1
15109,23,True,22,0,3,18,9,0,14,6,3,2,1,3,d2:1;d4:1;d5:1
15111,39,True,38,0,7,1,14,0,13,6,3,1,2,2,d1:1;d3:1;d5:1
15113,18,True,17,0,1,2,2,0,1,3,2,1,1,2,d1:1;d3:1
15115,18,True,17,0,1,1,2,0,0,2,2,1,1,2,d1:1;d2:1
15117,17,True,16,0,1,14,1,0,13,3,2,1,1,2,d2:1;d3:1
15119,20,True,19,0,3,15,9,0,11,6,3,2,1,3,d2:1;d4:1;d5:1
15121,18,True,17,0,1,15,1,0,14,3,2,1,1,2,d2:1;d3:1
15123,17,True,16,0,1,14,1,0,13,3,2,1,1,2,d2:1;d3:1
15125,9,True,8,0,0,-1,0,0,-1,0,0,0,0,0,none
15127,16,True,15,0,1,13,1,0,12,3,2,1,1,2,d2:1;d3:1
15129,32,True,31,0,8,7,7,0,10,4,2,1,1,2,d1:1;d3:1
15131,37,True,36,0,6,17,17,0,3,5,3,1,2,2,d1:1;d3:1;d4:1
15133,23,True,22,0,3,18,9,0,14,6,3,2,1,3,d2:1;d4:1;d5:1
15135,20,True,19,0,2,7,7,0,0,5,3,1,2,2,d2:1;d4:1;d5:1
15137,9,True,8,0,1,5,1,0,4,3,2,1,1,2,d1:1;d2:1
15139,21,True,20,0,3,16,9,0,12,6,3,2,1,3,d2:1;d4:1;d5:1
15141,20,True,19,0,3,15,9,0,11,6,3,2,1,3,d2:1;d4:1;d5:1
15143,26,True,25,0,5,1,9,0,8,5,3,1,2,2,d1:1;d2:1;d4:1
15145,26,True,25,0,3,4,9,0,17,6,3,2,1,3,d2:1;d4:1;d5:1
15147,19,True,18,0,1,1,1,0,0,2,2,1,1,2,d1:1;d2:1
15149,17,True,16,0,2,5,2,0,3,5,3,1,2,2,d1:1;d3:1;d5:1
15151,17,True,16,0,2,2,2,0,0,4,3,1,2,2,d1:1;d3:1;d4:1
15153,17,True,16,0,1,4,1,0,3,4,2,1,1,2,d1:1;d3:1
15155,17,True,16,0,1,4,1,0,3,4,2,1,1,2,d1:1;d3:1
15157,9,True,8,0,0,-1,0,0,-1,0,0,0,0,0,none
15159,23,True,22,0,5,6,7,0,10,4,3,1,2,2,d1:1;d2:1;d4:1
15161,18,True,17,0,1,15,1,0,14,3,2,1,1,2,d2:1;d3:1
15163,15,True,14,0,1,1,1,0,0,2,2,1,1,2,d1:1;d2:1
15165,31,True,30,0,5,4,13,0,22,6,3,2,1,3,d2:1;d4:1;d5:1
15167,17,True,16,0,2,3,3,0,0,6,4,2,2,3,d1:1;d3:1;d5:1;d6:1
15169,9,True,8,0,0,-1,0,0,-1,0,0,0,0,0,none
15171,22,True,21,0,3,17,9,0,13,6,3,2,1,3,d2:1;d4:1;d5:1
15173,15,True,14,0,4,8,2,0,6,7,5,1,4,2,d1:1;d2:1;d4:1;d6:1;d7:1
15175,35,True,34,0,5,3,13,0,26,6,3,2,1,3,d2:1;d4:1;d5:1
15177,31,True,30,0,5,5,13,0,22,6,3,2,1,3,d2:1;d4:1;d5:1
15179,15,True,14,0,4,1,2,0,6,7,5,1,4,2,d1:1;d2:1;d4:1;d6:1;d7:1
15181,14,True,13,0,4,7,2,0,5,7,5,1,4,2,d1:1;d2:1;d4:1;d6:1;d7:1
15183,31,True,30,0,5,1,13,0,22,6,3,2,1,3,d2:1;d4:1;d5:1
15185,30,True,29,0,5,3,13,0,21,6,3,2,1,3,d2:1;d4:1;d5:1
15187,28,True,27,0,5,4,13,0,19,6,3,2,1,3,d2:1;d4:1;d5:1
15189,8,True,7,0,0,-1,0,0,-1,0,0,0,0,0,none
15191,23,True,22,0,3,18,9,0,14,6,3,2,1,3,d2:1;d4:1;d5:1
15193,14,True,13,0,4,7,2,0,5,7,5,1,4,2,d1:1;d2:1;d4:1;d6:1;d7:1
15195,23,True,22,0,3,3,9,0,14,6,3,2,1,3,d2:1;d4:1;d5:1
15197,13,True,12,0,4,6,2,0,4,7,5,1,4,2,d1:1;d2:1;d4:1;d6:1;d7:1
15199,10,True,9,0,0,-1,0,0,-1,0,0,0,0,0,none
15201,15,True,14,0,1,12,1,0,11,3,2,1,1,2,d2:1;d3:1
15203,7,True,6,0,0,-1,0,0,-1,0,0,0,0,0,none
15205,7,True,6,0,0,-1,0,0,-1,0,0,0,0,0,none
15207,13,True,12,0,2,2,2,0,1,6,4,3,1,4,d1:1;d2:1;d4:1;d6:1
15209,12,True,11,0,0,-1,0,0,-1,0,0,0,0,0,none
15211,14,True,13,0,4,1,2,0,5,7,5,1,4,2,d1:1;d2:1;d4:1;d6:1;d7:1
15213,15,True,14,0,1,5,1,0,4,5,3,2,1,3,d2:1;d4:1;d5:1
15215,20,True,19,0,2,2,2,0,0,4,3,1,2,2,d1:1;d3:1;d4:1
15217,6,True,5,0,0,-1,0,0,-1,0,0,0,0,0,none
15219,7,True,6,0,0,-1,0,0,-1,0,0,0,0,0,none
15221,6,True,5,0,0,-1,0,0,-1,0,0,0,0,0,none
15223,22,True,21,0,3,17,9,0,13,6,3,2,1,3,d2:1;d4:1;d5:1
15225,15,True,14,0,2,6,4,0,4,3,2,1,1,2,d1:1;d3:1
15227,24,True,23,0,4,2,9,0,7,3,2,1,1,2,d1:1;d3:1
15229,20,True,19,0,3,15,9,0,11,6,3,2,1,3,d2:1;d4:1;d5:1
15231,9,True,8,0,3,2,2,0,1,3,2,1,1,2,d2:1;d3:1
15233,17,True,16,0,1,5,1,0,4,6,4,3,1,4,d1:1;d3:1;d4:1;d6:1
15235,31,True,30,0,4,3,12,0,22,6,3,2,1,3,d2:1;d4:1;d5:1
15237,30,True,29,0,4,8,12,0,21,6,3,2,1,3,d2:1;d4:1;d5:1
15239,31,True,30,0,4,1,12,0,22,6,3,2,1,3,d2:1;d4:1;d5:1
15241,31,True,30,0,5,5,13,0,22,6,3,2,1,3,d2:1;d4:1;d5:1
15243,22,True,21,0,3,1,9,0,13,6,3,2,1,3,d2:1;d4:1;d5:1
15245,8,True,7,0,0,-1,0,0,-1,0,0,0,0,0,none
15247,14,True,13,0,3,6,1,0,5,6,4,1,3,2,d1:1;d2:1;d4:1;d6:1
15249,21,True,20,0,1,9,3,0,6,3,2,1,1,2,d1:1;d2:1
15251,19,True,18,0,1,7,3,0,4,3,2,1,1,2,d1:1;d2:1
15253,5,True,4,0,0,-1,0,0,-1,0,0,0,0,0,none
15255,18,True,17,0,1,6,3,0,3,2,2,1,1,2,d1:1;d2:1
15257,19,True,18,0,1,7,3,0,4,2,2,1,1,2,d1:1;d2:1
15259,17,True,16,0,1,1,3,0,0,2,2,1,1,2,d1:1;d2:1
15261,32,True,31,0,4,3,12,0,23,6,3,2,1,3,d2:1;d4:1;d5:1
15263,30,True,29,0,4,1,12,0,21,6,3,2,1,3,d2:1;d4:1;d5:1
15265,22,True,21,0,3,5,9,0,13,6,3,2,1,3,d2:1;d4:1;d5:1
15267,4,True,3,0,0,-1,0,0,-1,0,0,0,0,0,none
15269,19,True,18,0,1,3,2,0,1,4,2,1,1,2,d2:1;d4:1
15271,20,True,19,0,1,3,3,0,0,3,2,1,1,2,d2:1;d3:1
15273,27,True,26,0,2,3,4,0,1,6,3,1,2,2,d2:1;d4:1;d6:1
15275,17,True,16,0,2,1,2,0,4,5,3,1,2,2,d1:1;d3:1;d4:1
15277,6,True,5,0,0,-1,0,0,-1,0,0,0,0,0,none
15279,5,True,4,0,2,1,1,0,0,4,3,1,2,2,d1:1;d3:1;d4:1
15281,6,True,5,0,0,-1,0,0,-1,0,0,0,0,0,none
15283,5,True,4,0,0,-1,0,0,-1,0,0,0,0,0,none
15285,6,True,5,0,0,-1,0,0,-1,0,0,0,0,0,none
15287,12,True,11,0,0,-1,0,0,-1,0,0,0,0,0,none
15289,14,True,13,0,0,-1,0,0,-1,0,0,0,0,0,none
15291,14,True,13,0,1,1,1,0,0,2,2,1,1,2,d1:1;d2:1
15293,30,True,29,0,5,4,13,0,21,6,3,2,1,3,d2:1;d4:1;d5:1
15295,16,True,15,0,3,2,2,0,0,6,4,1,3,2,d1:1;d3:1;d5:1;d6:1
15297,24,True,23,0,4,14,10,0,7,4,2,1,1,2,d1:1;d3:1
15299,22,True,21,0,3,3,5,0,5,4,2,1,1,2,d1:1;d3:1
15301,9,True,8,0,0,-1,0,0,-1,0,0,0,0,0,none
15303,17,True,16,0,3,2,2,0,3,6,4,1,3,2,d1:1;d3:1;d4:1;d6:1
15305,29,True,28,0,4,24,12,0,20,6,3,2,1,3,d2:1;d4:1;d5:1
15307,16,True,15,0,4,1,2,0,5,8,5,1,4,2,d1:1;d3:1;d4:1;d6:1;d8:1
15309,16,True,15,0,4,7,2,0,5,8,5,1,4,2,d1:1;d3:1;d4:1;d6:1;d8:1
15311,14,True,13,0,5,1,2,0,3,9,6,1,5,2,d1:1;d3:1;d4:1;d6:1;d8:1;d9:1
15313,16,True,15,0,4,7,2,0,5,8,5,1,4,2,d1:1;d3:1;d4:1;d6:1;d8:1
15315,19,True,18,0,1,7,1,0,6,2,2,1,1,2,d1:1;d2:1
15317,10,True,9,0,1,3,2,0,1,3,2,1,1,2,d1:1;d3:1
15319,28,True,27,0,4,5,12,0,19,6,3,2,1,3,d2:1;d4:1;d5:1
15321,8,True,7,0,0,-1,0,0,-1,0,0,0,0,0,none
15323,23,True,22,0,4,1,3,0,12,3,2,1,1,2,d1:1;d3:1
15325,33,True,32,0,7,19,14,0,7,6,3,1,2,2,d1:1;d3:1;d5:1
15327,15,True,14,0,2,5,5,0,4,4,2,1,1,2,d1:1;d3:1
15329,15,True,14,0,2,3,1,0,5,9,5,3,2,4,d2:1;d4:1;d5:1;d7:1;d9:1
15331,10,True,9,0,0,-1,0,0,-1,0,0,0,0,0,none
15333,12,True,11,0,1,5,2,0,3,3,2,1,1,2,d2:1;d3:1
15335,31,True,30,0,6,1,11,0,5,6,3,1,2,2,d1:1;d3:1;d5:1
15337,38,True,37,0,4,9,9,0,2,6,4,1,3,2,d1:1;d3:1;d4:1;d6:1
15339,27,True,26,0,8,1,7,0,5,4,2,1,1,2,d1:1;d3:1
15341,26,True,25,0,3,21,9,0,17,6,3,2,1,3,d2:1;d4:1;d5:1
15343,15,True,14,0,2,2,2,0,0,4,3,1,2,2,d1:1;d3:1;d4:1
15345,11,True,10,0,0,-1,0,0,-1,0,0,0,0,0,none
15347,13,True,12,0,0,-1,0,0,-1,0,0,0,0,0,none
15349,22,True,21,0,3,5,9,0,3,3,2,1,1,2,d1:1;d3:1
15351,30,True,29,0,5,12,13,0,21,6,3,2,1,3,d2:1;d4:1;d5:1
15353,22,True,21,0,4,9,6,0,4,5,3,1,2,2,d1:1;d2:1;d4:1
15355,23,True,22,0,3,4,9,0,14,6,3,2,1,3,d2:1;d4:1;d5:1
15357,20,True,19,0,5,7,6,0,5,3,2,1,1,2,d1:1;d2:1
15359,34,True,33,0,5,6,9,0,0,10,6,1,5,2,d2:1;d4:1;d5:1;d7:1;d9:1;d10:1
15361,30,True,29,0,5,7,13,0,21,6,3,2,1,3,d2:1;d4:1;d5:1
15363,27,True,26,0,5,9,13,0,18,6,3,2,1,3,d2:1;d4:1;d5:1
15365,9,True,8,0,0,-1,0,0,-1,0,0,0,0,0,none
15367,27,True,26,0,5,1,13,0,18,6,3,2,1,3,d2:1;d4:1;d5:1
15369,19,True,18,0,5,2,7,0,6,4,3,1,2,2,d1:1;d2:1;d4:1
15371,8,True,7,0,1,1,1,0,0,2,2,1,1,2,d1:1;d2:1
15373,28,True,27,0,5,24,13,0,19,6,3,2,1,3,d2:1;d4:1;d5:1
15375,12,True,11,0,0,-1,0,0,-1,0,0,0,0,0,none
15377,28,True,27,0,5,24,13,0,19,6,3,2,1,3,d2:1;d4:1;d5:1
15379,12,True,11,0,0,-1,0,0,-1,0,0,0,0,0,none
15381,12,True,11,0,1,9,1,0,8,3,2,1,1,2,d2:1;d3:1
15383,27,True,26,0,5,23,13,0,18,6,3,2,1,3,d2:1;d4:1;d5:1
15385,29,True,28,0,5,4,13,0,20,6,3,2,1,3,d2:1;d4:1;d5:1
15387,18,True,17,0,3,3,3,0,1,5,3,1,2,2,d1:1;d2:1;d4:1
15389,27,True,26,0,5,23,13,0,18,6,3,2,1,3,d2:1;d4:1;d5:1
15391,28,True,27,0,4,4,12,0,19,6,3,2,1,3,d2:1;d4:1;d5:1
15393,12,True,11,0,1,4,1,0,3,3,2,1,1,2,d1:1;d2:1
15395,11,True,10,0,1,8,1,0,7,3,2,1,1,2,d2:1;d3:1
15397,23,True,22,0,3,2,9,0,14,6,3,2,1,3,d2:1;d4:1;d5:1
15399,26,True,25,0,5,1,13,0,17,6,3,2,1,3,d2:1;d4:1;d5:1
15401,25,True,24,0,5,2,13,0,16,6,3,2,1,3,d2:1;d4:1;d5:1
15403,26,True,25,0,5,1,13,0,17,6,3,2,1,3,d2:1;d4:1;d5:1
15405,26,True,25,0,5,22,13,0,17,6,3,2,1,3,d2:1;d4:1;d5:1
15407,10,True,9,0,2,2,2,0,0,4,3,1,2,2,d1:1;d3:1;d4:1
15409,25,True,24,0,5,21,13,0,16,6,3,2,1,3,d2:1;d4:1;d5:1
15411,25,True,24,0,5,21,13,0,16,6,3,2,1,3,d2:1;d4:1;d5:1
15413,10,True,9,0,1,7,1,0,6,3,2,1,1,2,d2:1;d3:1
15415,12,True,11,0,1,3,2,0,1,4,3,2,1,3,d1:1;d2:1;d4:1
15417,27,True,26,0,5,5,13,0,18,6,3,2,1,3,d2:1;d4:1;d5:1
15419,24,True,23,0,5,1,13,0,15,6,3,2,1,3,d2:1;d4:1;d5:1
15421,11,True,10,0,1,8,1,0,7,3,2,1,1,2,d2:1;d3:1
15423,20,True,19,0,2,2,6,0,11,6,3,2,1,3,d2:1;d4:1;d5:1
15425,16,True,15,0,1,5,1,0,4,3,2,1,1,2,d2:1;d3:1
15427,15,True,14,0,1,4,1,0,3,3,2,1,1,2,d2:1;d3:1
15429,11,True,10,0,1,8,1,0,7,3,2,1,1,2,d2:1;d3:1
15431,25,True,24,0,5,3,13,0,16,6,3,2,1,3,d2:1;d4:1;d5:1
15433,14,True,13,0,1,3,1,0,2,3,2,1,1,2,d1:1;d2:1
15435,10,True,9,0,1,1,1,0,0,2,2,1,1,2,d1:1;d2:1
15437,12,True,11,0,0,-1,0,0,-1,0,0,0,0,0,none
15439,10,True,9,0,1,1,1,0,0,4,3,2,1,3,d1:1;d3:1;d4:1
15441,12,True,11,0,0,-1,0,0,-1,0,0,0,0,0,none
15443,19,True,18,0,2,5,4,0,2,3,2,1,1,2,d1:1;d3:1
15445,6,True,5,0,0,-1,0,0,-1,0,0,0,0,0,none
15447,10,True,9,0,1,7,1,0,6,3,2,1,1,2,d2:1;d3:1
15449,10,True,9,0,0,-1,0,0,-1,0,0,0,0,0,none
15451,10,True,9,0,1,2,2,0,0,2,2,1,1,2,d1:1;d2:1
15453,25,True,24,0,5,4,13,0,16,6,3,2,1,3,d2:1;d4:1;d5:1
15455,14,True,13,0,1,2,3,0,1,4,3,2,1,3,d1:1;d3:1;d4:1
15457,32,True,31,0,4,9,5,0,21,8,5,1,4,2,d1:1;d3:1;d4:1;d6:1;d8:1
15459,23,True,22,0,5,19,13,0,14,6,3,2,1,3,d2:1;d4:1;d5:1
15461,24,True,23,0,5,20,13,0,15,6,3,2,1,3,d2:1;d4:1;d5:1
15463,21,True,20,0,3,6,6,0,1,4,3,1,2,2,d1:1;d2:1;d4:1
15465,34,True,33,0,5,13,9,0,8,6,3,1,2,2,d1:1;d3:1;d5:1
15467,17,True,16,0,1,1,2,0,0,2,2,1,1,2,d1:1;d2:1
15469,13,True,12,0,1,10,1,0,9,3,2,1,1,2,d2:1;d3:1
15471,17,True,16,0,4,9,9,0,3,5,3,1,2,2,d1:1;d3:1;d5:1
15473,6,True,5,0,0,-1,0,0,-1,0,0,0,0,0,none
15475,32,True,31,0,4,7,12,0,23,6,3,2,1,3,d2:1;d4:1;d5:1
15477,25,True,24,0,4,20,12,0,16,6,3,2,1,3,d2:1;d4:1;d5:1
15479,26,True,25,0,4,21,12,0,17,6,3,2,1,3,d2:1;d4:1;d5:1
15481,25,True,24,0,5,3,13,0,16,6,3,2,1,3,d2:1;d4:1;d5:1
15483,26,True,25,0,4,2,12,0,17,6,3,2,1,3,d2:1;d4:1;d5:1
15485,23,True,22,0,1,2,1,0,1,4,2,1,1,2,d2:1;d4:1
15487,8,True,7,0,4,2,2,0,0,7,5,1,4,2,d1:1;d2:1;d4:1;d6:1;d7:1
15489,26,True,25,0,4,4,12,0,17,6,3,2,1,3,d2:1;d4:1;d5:1
15491,12,True,11,0,1,9,1,0,8,3,2,1,1,2,d2:1;d3:1
15493,12,True,11,0,1,9,1,0,8,3,2,1,1,2,d2:1;d3:1
15495,22,True,21,0,1,1,3,0,0,3,2,1,1,2,d2:1;d3:1
15497,28,True,27,0,7,11,10,0,6,5,2,1,1,2,d2:1;d4:1
15499,30,True,29,0,4,1,12,0,21,6,3,2,1,3,d2:1;d4:1;d5:1
15501,13,True,12,0,1,10,1,0,9,3,2,1,1,2,d2:1;d3:1
15503,27,True,26,0,4,8,12,0,18,6,3,2,1,3,d2:1;d4:1;d5:1
15505,27,True,26,0,5,5,13,0,18,6,3,2,1,3,d2:1;d4:1;d5:1
15507,26,True,25,0,5,22,13,0,17,6,3,2,1,3,d2:1;d4:1;d5:1
15509,11,True,10,0,1,8,1,0,7,3,2,1,1,2,d2:1;d3:1
15511,11,True,10,0,1,8,1,0,7,3,2,1,1,2,d2:1;d3:1
15513,26,True,25,0,4,21,12,0,17,6,3,2,1,3,d2:1;d4:1;d5:1
15515,18,True,17,0,2,4,4,0,1,4,2,1,1,2,d1:1;d3:1
15517,24,True,23,0,4,19,12,0,15,6,3,2,1,3,d2:1;d4:1;d5:1
15519,17,True,16,0,6,9,9,0,3,8,5,2,3,3,d1:1;d3:1;d5:1;d6:1;d8:1
15521,21,True,20,0,2,16,6,0,12,6,3,2,1,3,d2:1;d4:1;d5:1
15523,24,True,23,0,4,19,12,0,15,6,3,2,1,3,d2:1;d4:1;d5:1
15525,23,True,22,0,4,18,12,0,14,6,3,2,1,3,d2:1;d4:1;d5:1
15527,21,True,20,0,2,6,6,0,2,3,2,1,1,2,d2:1;d3:1
15529,23,True,22,0,5,2,13,0,14,6,3,2,1,3,d2:1;d4:1;d5:1
15531,26,True,25,0,4,1,12,0,17,6,3,2,1,3,d2:1;d4:1;d5:1
15533,14,True,13,0,1,11,1,0,10,3,2,1,1,2,d2:1;d3:1
15535,19,True,18,0,2,1,3,0,0,4,3,1,2,2,d1:1;d3:1;d4:1
15537,19,True,18,0,4,6,3,0,8,3,2,1,1,2,d1:1;d3:1
15539,18,True,17,0,4,5,3,0,7,3,2,1,1,2,d1:1;d3:1
15541,10,True,9,0,0,-1,0,0,-1,0,0,0,0,0,none
15543,18,True,17,0,4,5,3,0,7,3,2,1,1,2,d1:1;d3:1
15545,19,True,18,0,4,6,3,0,8,3,2,1,1,2,d1:1;d3:1
15547,10,True,9,0,1,1,2,0,0,2,2,1,1,2,d1:1;d2:1
15549,12,True,11,0,1,2,1,0,1,3,2,1,1,2,d1:1;d3:1
15551,28,True,27,0,4,11,11,0,2,6,3,1,2,2,d1:1;d3:1;d5:1
15553,18,True,17,0,1,6,1,0,5,2,2,1,1,2,d1:1;d2:1
15555,15,True,14,0,1,3,1,0,2,2,2,1,1,2,d1:1;d2:1
15557,9,True,8,0,0,-1,0,0,-1,0,0,0,0,0,none
15559,18,True,17,0,1,2,2,0,0,3,2,1,1,2,d2:1;d3:1
15561,15,True,14,0,1,9,1,0,8,2,2,1,1,2,d1:1;d2:1
15563,16,True,15,0,1,1,1,0,0,2,2,1,1,2,d1:1;d2:1
15565,10,True,9,0,0,-1,0,0,-1,0,0,0,0,0,none
15567,17,True,16,0,1,2,2,0,0,4,3,2,1,3,d1:1;d3:1;d4:1
15569,36,True,35,0,6,5,17,0,19,3,2,1,1,2,d1:1;d3:1
15571,35,True,34,0,6,4,17,0,18,3,2,1,1,2,d1:1;d3:1
15573,17,True,16,0,3,12,9,0,8,6,3,2,1,3,d2:1;d4:1;d5:1
15575,13,True,12,0,0,-1,0,0,-1,0,0,0,0,0,none
15577,18,True,17,0,1,12,1,0,11,2,2,1,1,2,d1:1;d2:1
15579,11,True,10,0,1,1,1,0,0,2,2,1,1,2,d1:1;d2:1
15581,17,True,16,0,1,11,1,0,10,2,2,1,1,2,d1:1;d2:1
15583,14,True,13,0,1,2,2,0,0,5,3,2,1,3,d2:1;d4:1;d5:1
15585,16,True,15,0,1,10,1,0,9,2,2,1,1,2,d1:1;d2:1
15587,16,True,15,0,3,11,9,0,7,6,3,2,1,3,d2:1;d4:1;d5:1
15589,24,True,23,0,5,6,13,0,15,6,3,2,1,3,d2:1;d4:1;d5:1
15591,17,True,16,0,2,3,3,0,1,3,2,1,1,2,d1:1;d3:1
15593,16,True,15,0,1,2,1,0,1,4,2,1,1,2,d2:1;d4:1
15595,34,True,33,0,4,1,9,0,17,3,2,1,1,2,d1:1;d3:1
15597,24,True,23,0,5,6,13,0,15,6,3,2,1,3,d2:1;d4:1;d5:1
15599,14,True,13,0,2,1,1,0,0,4,3,1,2,2,d1:1;d3:1;d4:1
15601,24,True,23,0,5,20,13,0,15,6,3,2,1,3,d2:1;d4:1;d5:1
15603,24,True,23,0,4,19,12,0,15,6,3,2,1,3,d2:1;d4:1;d5:1
15605,23,True,22,0,5,19,13,0,14,6,3,2,1,3,d2:1;d4:1;d5:1
15607,23,True,22,0,5,5,13,0,14,6,3,2,1,3,d2:1;d4:1;d5:1
15609,25,True,24,0,5,7,13,0,16,6,3,2,1,3,d2:1;d4:1;d5:1
15611,19,True,18,0,2,7,7,0,2,4,2,1,1,2,d2:1;d3:1
15613,29,True,28,0,3,2,9,0,20,6,3,2,1,3,d2:1;d4:1;d5:1
15615,13,True,12,0,3,2,2,0,0,8,5,2,3,3,d2:1;d3:1;d5:1;d7:1;d8:1
15617,25,True,24,0,4,6,12,0,16,6,3,2,1,3,d2:1;d4:1;d5:1
15619,23,True,22,0,4,4,12,0,14,6,3,2,1,3,d2:1;d4:1;d5:1
15621,17,True,16,0,3,12,9,0,8,6,3,2,1,3,d2:1;d4:1;d5:1
15623,42,True,41,0,4,1,12,0,33,6,3,2,1,3,d2:1;d4:1;d5:1
15625,25,True,24,0,5,2,13,0,16,6,3,2,1,3,d2:1;d4:1;d5:1
15627,24,True,23,0,2,1,6,0,8,2,2,1,1,2,d1:1;d2:1
15629,9,True,8,0,0,-1,0,0,-1,0,0,0,0,0,none
15631,21,True,20,0,2,3,6,0,2,6,4,2,2,3,d1:1;d3:1;d5:1;d6:1
15633,10,True,9,0,0,-1,0,0,-1,0,0,0,0,0,none
15635,23,True,22,0,2,4,6,0,7,2,2,1,1,2,d1:1;d2:1
15637,17,True,16,0,2,5,6,0,8,6,3,2,1,3,d2:1;d4:1;d5:1
15639,7,True,6,0,0,-1,0,0,-1,0,0,0,0,0,none
15641,19,True,18,0,1,4,3,0,2,3,2,1,1,2,d1:1;d3:1
15643,23,True,22,0,5,3,13,0,14,6,3,2,1,3,d2:1;d4:1;d5:1
15645,17,True,16,0,2,8,3,0,5,5,3,1,2,2,d1:1;d3:1;d5:1
15647,16,True,15,0,2,1,3,0,0,5,3,1,2,2,d2:1;d4:1;d5:1
15649,26,True,25,0,4,21,12,0,17,6,3,2,1,3,d2:1;d4:1;d5:1
15651,26,True,25,0,4,21,12,0,17,6,3,2,1,3,d2:1;d4:1;d5:1
15653,26,True,25,0,4,21,12,0,17,6,3,2,1,3,d2:1;d4:1;d5:1
15655,11,True,10,0,1,1,1,0,0,3,2,1,1,2,d2:1;d3:1
15657,14,True,13,0,1,2,1,0,1,5,3,2,1,3,d1:1;d3:1;d5:1
15659,19,True,18,0,1,1,1,0,0,2,2,1,1,2,d1:1;d2:1
15661,18,True,17,0,2,6,6,0,9,6,3,2,1,3,d2:1;d4:1;d5:1
15663,30,True,29,0,3,5,9,0,3,5,3,1,2,2,d1:1;d3:1;d5:1
15665,12,True,11,0,1,4,1,0,3,4,2,1,1,2,d2:1;d3:1
15667,12,True,11,0,1,4,1,0,3,4,2,1,1,2,d2:1;d3:1
15669,10,True,9,0,1,7,1,0,6,3,2,1,1,2,d2:1;d3:1
15671,11,True,10,0,1,4,3,0,1,3,2,1,1,2,d1:1;d3:1
15673,28,True,27,0,4,5,2,0,17,8,5,1,4,2,d1:1;d3:1;d4:1;d6:1;d8:1
15675,16,True,15,0,2,1,6,0,7,6,3,2,1,3,d2:1;d4:1;d5:1
15677,15,True,14,0,1,6,2,0,4,3,2,1,1,2,d1:1;d3:1
15679,16,True,15,0,2,5,5,0,0,6,4,2,2,3,d1:1;d3:1;d5:1;d6:1
15681,11,True,10,0,1,8,1,0,7,3,2,1,1,2,d2:1;d3:1
15683,10,True,9,0,1,7,1,0,6,3,2,1,1,2,d2:1;d3:1
15685,10,True,9,0,1,7,1,0,6,3,2,1,1,2,d2:1;d3:1
15687,24,True,23,0,4,2,12,0,15,6,3,2,1,3,d2:1;d4:1;d5:1
15689,24,True,23,0,4,19,12,0,15,6,3,2,1,3,d2:1;d4:1;d5:1
15691,10,True,9,0,1,1,1,0,0,2,2,1,1,2,d1:1;d2:1
15693,29,True,28,0,4,7,9,0,3,6,3,1,2,2,d1:1;d3:1;d5:1
15695,24,True,23,0,1,1,1,0,0,4,3,2,1,3,d1:1;d3:1;d4:1
15697,29,True,28,0,3,5,9,0,3,5,3,1,2,2,d1:1;d3:1;d5:1
15699,23,True,22,0,3,4,3,0,1,7,4,1,3,2,d1:1;d3:1;d4:1;d6:1
15701,4,True,3,0,0,-1,0,0,-1,0,0,0,0,0,none
15703,16,True,15,0,1,7,2,0,5,3,2,1,1,2,d2:1;d3:1
15705,18,True,17,0,2,6,6,0,9,6,3,2,1,3,d2:1;d4:1;d5:1
15707,16,True,15,0,1,2,2,0,0,2,2,1,1,2,d1:1;d2:1
15709,17,True,16,0,0,-1,0,0,-1,0,0,0,0,0,none
15711,15,True,14,0,0,-1,0,0,-1,0,0,0,0,0,none
15713,18,True,17,0,0,-1,0,0,-1,0,0,0,0,0,none
15715,17,True,16,0,2,12,6,0,8,6,3,2,1,3,d2:1;d4:1;d5:1
15717,17,True,16,0,2,12,6,0,8,6,3,2,1,3,d2:1;d4:1;d5:1
15719,23,True,22,0,3,4,4,0,1,5,3,1,2,2,d2:1;d3:1;d5:1
15721,16,True,15,0,0,-1,0,0,-1,0,0,0,0,0,none
15723,17,True,16,0,1,1,1,0,0,2,2,1,1,2,d1:1;d2:1
15725,16,True,15,0,2,6,2,0,5,3,2,1,1,2,d1:1;d2:1
15727,15,True,14,0,2,1,1,0,0,4,3,1,2,2,d1:1;d3:1;d4:1
15729,25,True,24,0,4,6,12,0,16,6,3,2,1,3,d2:1;d4:1;d5:1
15731,12,True,11,0,1,5,1,0,4,2,2,1,1,2,d1:1;d2:1
15733,24,True,23,0,4,5,12,0,15,6,3,2,1,3,d2:1;d4:1;d5:1
15735,11,True,10,0,1,8,1,0,7,3,2,1,1,2,d2:1;d3:1
15737,14,True,13,0,1,5,3,0,2,5,3,2,1,3,d2:1;d3:1;d5:1
15739,11,True,10,0,1,2,2,0,0,2,2,1,1,2,d1:1;d2:1
15741,16,True,15,0,2,11,6,0,7,6,3,2,1,3,d2:1;d4:1;d5:1
15743,15,True,14,0,2,2,2,0,0,7,5,3,2,4,d1:1;d2:1;d4:1;d6:1;d7:1
15745,23,True,22,0,4,9,2,0,14,7,5,1,4,2,d1:1;d2:1;d4:1;d6:1;d7:1
15747,25,True,24,0,4,6,12,0,16,6,3,2,1,3,d2:1;d4:1;d5:1
15749,24,True,23,0,4,11,8,0,7,6,4,2,2,3,d1:1;d3:1;d5:1;d6:1
15751,24,True,23,0,4,1,12,0,15,6,3,2,1,3,d2:1;d4:1;d5:1
15753,17,True,16,0,2,2,6,0,8,6,3,2,1,3,d2:1;d4:1;d5:1
15755,24,True,23,0,3,1,7,0,7,6,4,2,2,3,d1:1;d3:1;d5:1;d6:1
15757,6,True,5,0,0,-1,0,0,-1,0,0,0,0,0,none
15759,24,True,23,0,4,5,12,0,15,6,3,2,1,3,d2:1;d4:1;d5:1
15761,26,True,25,0,4,5,12,0,17,6,3,2,1,3,d2:1;d4:1;d5:1
15763,24,True,23,0,4,3,12,0,15,6,3,2,1,3,d2:1;d4:1;d5:1
15765,5,True,4,0,0,-1,0,0,-1,0,0,0,0,0,none
15767,13,True,12,0,4,4,3,0,2,3,2,1,1,2,d1:1;d3:1
15769,15,True,14,0,3,5,2,0,4,3,2,1,1,2,d1:1;d3:1
15771,16,True,15,0,1,4,4,0,0,2,2,1,1,2,d1:1;d2:1
15773,25,True,24,0,4,8,9,0,2,9,5,1,4,2,d2:1;d4:1;d6:1;d7:1;d9:1
15775,14,True,13,0,3,3,3,0,1,2,2,1,1,2,d1:1;d2:1
15777,20,True,19,0,2,15,6,0,11,6,3,2,1,3,d2:1;d4:1;d5:1
15779,17,True,16,0,2,12,6,0,8,6,3,2,1,3,d2:1;d4:1;d5:1
15781,16,True,15,0,2,11,6,0,7,6,3,2,1,3,d2:1;d4:1;d5:1
15783,27,True,26,0,3,2,9,0,8,4,3,1,2,2,d1:1;d3:1;d4:1
15785,26,True,25,0,3,9,9,0,7,4,3,1,2,2,d1:1;d3:1;d4:1
15787,28,True,27,0,3,1,9,0,9,4,3,1,2,2,d1:1;d3:1;d4:1
15789,31,True,30,0,6,22,17,0,14,3,2,1,1,2,d1:1;d3:1
15791,15,True,14,0,2,1,2,0,0,4,3,1,2,2,d1:1;d3:1;d4:1
15793,10,True,9,0,0,-1,0,0,-1,0,0,0,0,0,none
15795,9,True,8,0,0,-1,0,0,-1,0,0,0,0,0,none
15797,8,True,7,0,0,-1,0,0,-1,0,0,0,0,0,none
15799,16,True,15,0,2,3,6,0,7,6,3,2,1,3,d2:1;d4:1;d5:1
15801,9,True,8,0,0,-1,0,0,-1,0,0,0,0,0,none
15803,31,True,30,0,5,1,17,0,14,3,2,1,1,2,d1:1;d3:1
15805,15,True,14,0,1,2,4,0,1,3,2,1,1,2,d1:1;d3:1
15807,25,True,24,0,4,3,9,0,1,4,2,1,1,2,d2:1;d4:1
15809,30,True,29,0,4,4,9,0,13,3,2,1,1,2,d1:1;d3:1
15811,27,True,26,0,4,7,9,0,10,3,2,1,1,2,d1:1;d3:1
15813,11,True,10,0,1,5,1,0,4,2,2,1,1,2,d1:1;d2:1
15815,26,True,25,0,4,2,9,0,4,8,5,1,4,2,d1:1;d2:1;d4:1;d6:1;d8:1
15817,8,True,7,0,0,-1,0,0,-1,0,0,0,0,0,none
15819,15,True,14,0,1,1,1,0,0,2,2,1,1,2,d1:1;d2:1
15821,26,True,25,0,3,6,9,0,17,6,3,2,1,3,d2:1;d4:1;d5:1
15823,14,True,13,0,1,2,2,0,0,4,3,2,1,3,d1:1;d3:1;d4:1
15825,25,True,24,0,3,5,9,0,16,6,3,2,1,3,d2:1;d4:1;d5:1
15827,18,True,17,0,2,13,6,0,9,6,3,2,1,3,d2:1;d4:1;d5:1
15829,11,True,10,0,1,5,1,0,4,2,2,1,1,2,d1:1;d2:1
15831,17,True,16,0,1,10,2,0,8,6,3,2,1,3,d2:1;d4:1;d5:1
15833,24,True,23,0,3,4,9,0,15,6,3,2,1,3,d2:1;d4:1;d5:1
15835,16,True,15,0,1,1,2,0,0,2,2,1,1,2,d1:1;d2:1
15837,25,True,24,0,3,5,9,0,16,6,3,2,1,3,d2:1;d4:1;d5:1
15839,12,True,11,0,1,2,2,0,0,5,3,2,1,3,d2:1;d4:1;d5:1
15841,17,True,16,0,2,12,6,0,8,6,3,2,1,3,d2:1;d4:1;d5:1
15843,11,True,10,0,1,5,1,0,4,2,2,1,1,2,d1:1;d2:1
15845,10,True,9,0,1,7,1,0,6,3,2,1,1,2,d2:1;d3:1
15847,10,True,9,0,1,2,2,0,0,3,2,1,1,2,d2:1;d3:1
15849,10,True,9,0,2,3,2,0,2,2,2,1,1,2,d1:1;d2:1
15851,10,True,9,0,1,1,1,0,0,2,2,1,1,2,d1:1;d2:1
15853,12,True,11,0,1,9,1,0,8,3,2,1,1,2,d2:1;d3:1
15855,38,True,37,0,4,4,12,0,29,6,3,2,1,3,d2:1;d4:1;d5:1
15857,19,True,18,0,2,8,5,0,10,4,3,1,2,2,d1:1;d3:1;d4:1
15859,25,True,24,0,3,7,9,0,16,6,3,2,1,3,d2:1;d4:1;d5:1
15861,18,True,17,0,2,7,5,0,9,4,3,1,2,2,d1:1;d3:1;d4:1
15863,12,True,11,0,1,6,1,0,5,2,2,1,1,2,d1:1;d2:1
15865,25,True,24,0,3,7,9,0,16,6,3,2,1,3,d2:1;d4:1;d5:1
15867,14,True,13,0,1,2,2,0,0,2,2,1,1,2,d1:1;d2:1
15869,9,True,8,0,2,2,1,0,1,6,4,2,2,3,d1:1;d2:1;d4:1;d6:1
15871,24,True,23,0,5,7,7,0,1,5,3,2,1,3,d1:1;d2:1;d4:1
15873,18,True,17,0,2,5,2,0,4,5,3,1,2,2,d1:1;d3:1;d4:1
15875,11,True,10,0,1,5,1,0,4,2,2,1,1,2,d1:1;d2:1
15877,25,True,24,0,3,7,9,0,16,6,3,2,1,3,d2:1;d4:1;d5:1
15879,25,True,24,0,3,1,9,0,16,6,3,2,1,3,d2:1;d4:1;d5:1
15881,23,True,22,0,4,2,4,0,12,8,5,1,4,2,d1:1;d3:1;d4:1;d6:1;d8:1
15883,25,True,24,0,3,1,9,0,16,6,3,2,1,3,d2:1;d4:1;d5:1
15885,11,True,10,0,1,5,1,0,4,2,2,1,1,2,d1:1;d2:1
15887,22,True,21,0,3,4,9,0,13,6,3,2,1,3,d2:1;d4:1;d5:1
15889,11,True,10,0,1,5,1,0,4,2,2,1,1,2,d1:1;d2:1
15891,22,True,21,0,4,8,2,0,11,8,5,1,4,2,d1:1;d3:1;d4:1;d6:1;d8:1
15893,19,True,18,0,1,5,3,0,2,4,2,1,1,2,d1:1;d3:1
15895,9,True,8,0,1,4,1,0,3,3,2,1,1,2,d1:1;d3:1
15897,10,True,9,0,1,5,1,0,4,3,2,1,1,2,d1:1;d3:1
15899,27,True,26,0,4,5,10,0,10,4,2,1,1,2,d1:1;d3:1
15901,11,True,10,0,1,5,1,0,4,2,2,1,1,2,d1:1;d2:1
15903,23,True,22,0,4,6,6,0,12,8,5,1,4,2,d1:1;d3:1;d4:1;d6:1;d8:1
15905,19,True,18,0,3,9,5,0,4,6,4,1,3,2,d1:1;d3:1;d5:1;d6:1
15907,19,True,18,0,1,5,3,0,2,3,2,1,1,2,d1:1;d3:1
15909,27,True,26,0,3,4,9,0,18,6,3,2,1,3,d2:1;d4:1;d5:1
15911,9,True,8,0,1,1,1,0,0,3,2,1,1,2,d2:1;d3:1
15913,18,True,17,0,3,6,5,0,2,3,2,1,1,2,d1:1;d3:1
15915,20,True,19,0,1,1,1,0,0,2,2,1,1,2,d1:1;d2:1
15917,19,True,18,0,1,16,1,0,15,3,2,1,1,2,d2:1;d3:1
15919,40,True,39,0,7,2,14,0,14,6,3,1,2,2,d1:1;d3:1;d5:1
15921,23,True,22,0,3,3,9,0,14,6,3,2,1,3,d2:1;d4:1;d5:1
15923,23,True,22,0,3,3,9,0,14,6,3,2,1,3,d2:1;d4:1;d5:1
15925,5,True,4,0,0,-1,0,0,-1,0,0,0,0,0,none
15927,42,True,41,0,4,17,16,0,33,6,3,2,1,3,d2:1;d4:1;d5:1
15929,21,True,20,0,1,6,1,0,5,3,2,1,1,2,d1:1;d3:1
15931,12,True,11,0,1,1,1,0,0,2,2,1,1,2,d1:1;d2:1
15933,11,True,10,0,0,-1,0,0,-1,0,0,0,0,0,none
15935,18,True,17,0,1,15,1,0,14,3,2,1,1,2,d2:1;d3:1
15937,13,True,12,0,0,-1,0,0,-1,0,0,0,0,0,none
15939,11,True,10,0,0,-1,0,0,-1,0,0,0,0,0,none
15941,12,True,11,0,0,-1,0,0,-1,0,0,0,0,0,none
15943,24,True,23,0,3,2,9,0,15,6,3,2,1,3,d2:1;d4:1;d5:1
15945,11,True,10,0,1,7,1,0,6,3,2,1,1,2,d1:1;d2:1
15947,11,True,10,0,1,1,1,0,0,2,2,1,1,2,d1:1;d2:1
15949,11,True,10,0,0,-1,0,0,-1,0,0,0,0,0,none
15951,22,True,21,0,3,1,9,0,13,6,3,2,1,3,d2:1;d4:1;d5:1
15953,11,True,10,0,0,-1,0,0,-1,0,0,0,0,0,none
15955,9,True,8,0,0,-1,0,0,-1,0,0,0,0,0,none
15957,10,True,9,0,0,-1,0,0,-1,0,0,0,0,0,none
15959,11,True,10,0,0,-1,0,0,-1,0,0,0,0,0,none
15961,19,True,18,0,1,3,1,0,2,3,2,1,1,2,d1:1;d3:1
15963,18,True,17,0,1,2,2,0,0,2,2,1,1,2,d1:1;d2:1
15965,10,True,9,0,0,-1,0,0,-1,0,0,0,0,0,none
15967,10,True,9,0,0,-1,0,0,-1,0,0,0,0,0,none
15969,33,True,32,0,5,7,13,0,24,6,3,2,1,3,d2:1;d4:1;d5:1
15971,9,True,8,0,0,-1,0,0,-1,0,0,0,0,0,none
15973,10,True,9,0,0,-1,0,0,-1,0,0,0,0,0,none
15975,20,True,19,0,2,4,4,0,1,4,3,2,1,3,d1:1;d2:1;d4:1
15977,19,True,18,0,2,5,3,0,2,6,4,2,2,3,d1:1;d3:1;d5:1;d6:1
15979,12,True,11,0,1,1,1,0,0,2,2,1,1,2,d1:1;d2:1
15981,17,True,16,0,4,10,2,0,8,7,5,1,4,2,d1:1;d2:1;d4:1;d6:1;d7:1
15983,25,True,24,0,3,3,9,0,16,6,3,2,1,3,d2:1;d4:1;d5:1
15985,11,True,10,0,0,-1,0,0,-1,0,0,0,0,0,none
15987,16,True,15,0,4,9,2,0,7,7,5,1,4,2,d1:1;d2:1;d4:1;d6:1;d7:1
15989,10,True,9,0,0,-1,0,0,-1,0,0,0,0,0,none
15991,11,True,10,0,0,-1,0,0,-1,0,0,0,0,0,none
15993,34,True,33,0,5,8,13,0,25,6,3,2,1,3,d2:1;d4:1;d5:1
15995,11,True,10,0,1,2,2,0,0,2,2,1,1,2,d1:1;d2:1
15997,30,True,29,0,5,3,13,0,21,6,3,2,1,3,d2:1;d4:1;d5:1
15999,17,True,16,0,6,5,5,0,2,3,2,1,1,2,d1:1;d2:1
16001,26,True,25,0,3,21,9,0,17,6,3,2,1,3,d2:1;d4:1;d5:1
16003,10,True,9,0,0,-1,0,0,-1,0,0,0,0,0,none
16005,9,True,8,0,1,5,1,0,4,2,2,1,1,2,d1:1;d2:1
16007,15,True,14,0,4,1,2,0,6,7,5,1,4,2,d1:1;d2:1;d4:1;d6:1;d7:1
16009,15,True,14,0,2,4,3,0,2,3,2,1,1,2,d1:1;d2:1
16011,8,True,7,0,1,1,1,0,0,2,2,1,1,2,d1:1;d2:1
16013,11,True,10,0,0,-1,0,0,-1,0,0,0,0,0,none
16015,8,True,7,0,0,-1,0,0,-1,0,0,0,0,0,none
16017,10,True,9,0,0,-1,0,0,-1,0,0,0,0,0,none
16019,9,True,8,0,0,-1,0,0,-1,0,0,0,0,0,none
16021,21,True,20,0,3,4,9,0,2,4,3,1,2,2,d1:1;d3:1;d4:1
16023,10,True,9,0,0,-1,0,0,-1,0,0,0,0,0,none
16025,17,True,16,0,1,7,1,0,6,5,3,2,1,3,d2:1;d4:1;d5:1
16027,16,True,15,0,2,3,3,0,1,4,2,1,1,2,d1:1;d3:1
16029,10,True,9,0,0,-1,0,0,-1,0,0,0,0,0,none
16031,17,True,16,0,3,4,4,0,1,3,2,1,1,2,d2:1;d3:1
16033,9,True,8,0,0,-1,0,0,-1,0,0,0,0,0,none
16035,21,True,20,0,3,3,9,0,12,6,3,2,1,3,d2:1;d4:1;d5:1
16037,25,True,24,0,4,5,9,0,8,3,2,1,1,2,d1:1;d3:1
16039,17,True,16,0,2,3,4,0,6,3,2,1,1,2,d1:1;d3:1
16041,17,True,16,0,4,5,4,0,1,8,5,1,4,2,d1:1;d3:1;d4:1;d6:1;d8:1
16043,13,True,12,0,4,1,2,0,5,4,2,1,1,2,d2:1;d3:1
16045,34,True,33,0,4,12,12,0,25,6,3,2,1,3,d2:1;d4:1;d5:1
16047,19,True,18,0,2,1,1,0,0,4,3,1,2,2,d1:1;d3:1;d4:1
16049,9,True,8,0,0,-1,0,0,-1,0,0,0,0,0,none
16051,8,True,7,0,0,-1,0,0,-1,0,0,0,0,0,none
16053,8,True,7,0,1,4,1,0,3,4,3,2,1,3,d1:1;d2:1;d4:1
16055,33,True,32,0,5,7,13,0,24,6,3,2,1,3,d2:1;d4:1;d5:1
16057,11,True,10,0,0,-1,0,0,-1,0,0,0,0,0,none
16059,10,True,9,0,1,1,1,0,0,2,2,1,1,2,d1:1;d2:1
16061,8,True,7,0,1,2,1,0,1,3,2,1,1,2,d1:1;d3:1
16063,38,True,37,0,4,6,6,0,27,8,5,1,4,2,d1:1;d3:1;d4:1;d6:1;d8:1
16065,9,True,8,0,0,-1,0,0,-1,0,0,0,0,0,none
16067,21,True,20,0,1,3,3,0,2,2,2,1,1,2,d1:1;d2:1
16069,6,True,5,0,0,-1,0,0,-1,0,0,0,0,0,none
16071,8,True,7,0,1,2,2,0,0,3,2,1,1,2,d2:1;d3:1
16073,33,True,32,0,4,6,12,0,24,6,3,2,1,3,d2:1;d4:1;d5:1
16075,33,True,32,0,4,1,12,0,24,6,3,2,1,3,d2:1;d4:1;d5:1
16077,6,True,5,0,0,-1,0,0,-1,0,0,0,0,0,none
16079,31,True,30,0,4,2,12,0,22,6,3,2,1,3,d2:1;d4:1;d5:1
16081,23,True,22,0,1,7,2,0,5,4,2,1,1,2,d2:1;d4:1
16083,21,True,20,0,1,5,2,0,3,4,2,1,1,2,d2:1;d4:1
16085,12,True,11,0,1,5,2,0,3,6,3,2,1,3,d2:1;d4:1;d5:1
16087,10,True,9,0,0,-1,0,0,-1,0,0,0,0,0,none
16089,9,True,8,0,1,5,1,0,4,2,2,1,1,2,d1:1;d2:1
16091,19,True,18,0,2,1,2,0,6,5,3,1,2,2,d1:1;d3:1;d4:1
16093,8,True,7,0,1,4,1,0,3,2,2,1,1,2,d1:1;d2:1
16095,6,True,5,0,1,1,1,0,0,5,3,2,1,3,d2:1;d4:1;d5:1
16097,7,True,6,0,0,-1,0,0,-1,0,0,0,0,0,none
16099,11,True,10,0,1,4,2,0,2,6,3,2,1,3,d2:1;d4:1;d5:1
16101,13,True,12,0,2,8,4,0,4,4,3,1,2,2,d1:1;d3:1;d4:1
16103,15,True,14,0,2,2,2,0,1,3,2,1,1,2,d1:1;d3:1
16105,8,True,7,0,1,3,2,0,1,4,2,1,1,2,d2:1;d4:1
16107,8,True,7,0,1,1,1,0,0,2,2,1,1,2,d1:1;d2:1
16109,13,True,12,0,2,8,4,0,4,4,3,1,2,2,d1:1;d3:1;d4:1
16111,24,True,23,0,3,6,9,0,15,6,3,2,1,3,d2:1;d4:1;d5:1
16113,13,True,12,0,1,6,2,0,4,6,3,2,1,3,d2:1;d4:1;d5:1
16115,24,True,23,0,3,5,5,0,7,4,2,1,1,2,d1:1;d3:1
16117,17,True,16,0,4,3,2,0,6,8,5,1,4,2,d1:1;d3:1;d4:1;d6:1;d8:1
16119,11,True,10,0,0,-1,0,0,-1,0,0,0,0,0,none
16121,18,True,17,0,4,9,2,0,7,8,5,1,4,2,d1:1;d3:1;d4:1;d6:1;d8:1
16123,31,True,30,0,4,3,12,0,22,6,3,2,1,3,d2:1;d4:1;d5:1
16125,17,True,16,0,4,3,2,0,6,8,5,1,4,2,d1:1;d3:1;d4:1;d6:1;d8:1
16127,30,True,29,0,4,6,12,0,0,8,5,1,4,2,d2:1;d3:1;d5:1;d7:1;d8:1
16129,13,True,12,0,1,6,2,0,4,6,3,2,1,3,d2:1;d4:1;d5:1
16131,13,True,12,0,1,6,2,0,4,3,2,1,1,2,d1:1;d3:1
16133,13,True,12,0,1,6,2,0,4,5,3,2,1,3,d2:1;d4:1;d5:1
16135,12,True,11,0,1,1,2,0,0,3,2,1,1,2,d2:1;d3:1
16137,31,True,30,0,4,2,12,0,22,6,3,2,1,3,d2:1;d4:1;d5:1
16139,36,True,35,0,7,1,14,0,10,6,3,1,2,2,d1:1;d3:1;d5:1
16141,14,True,13,0,1,4,2,0,2,4,2,1,1,2,d1:1;d3:1
16143,11,True,10,0,1,4,2,0,2,5,3,2,1,3,d2:1;d4:1;d5:1
16145,15,True,14,0,1,5,2,0,3,3,2,1,1,2,d1:1;d3:1
16147,17,True,16,0,2,5,1,0,7,9,5,3,2,4,d2:1;d4:1;d5:1;d7:1;d9:1
16149,19,True,18,0,3,14,9,0,10,6,3,2,1,3,d2:1;d4:1;d5:1
16151,13,True,12,0,1,2,2,0,1,4,3,2,1,3,d1:1;d2:1;d4:1
16153,33,True,32,0,6,3,11,0,7,6,3,1,2,2,d1:1;d3:1;d5:1
16155,17,True,16,0,4,11,11,0,1,8,4,1,3,2,d2:1;d4:1;d5:1;d7:1
16157,29,True,28,0,3,7,9,0,20,6,3,2,1,3,d2:1;d4:1;d5:1
16159,29,True,28,0,8,3,7,0,7,4,2,1,1,2,d1:1;d3:1
16161,25,True,24,0,4,8,9,0,6,3,2,1,1,2,d1:1;d3:1
16163,24,True,23,0,3,7,9,0,3,8,5,2,3,3,d1:1;d2:1;d4:1;d6:1;d7:1
16165,23,True,22,0,3,6,9,0,2,8,5,2,3,3,d1:1;d2:1;d4:1;d6:1;d7:1
16167,15,True,14,0,1,1,1,0,0,3,2,1,1,2,d2:1;d3:1
16169,23,True,22,0,3,6,9,0,4,3,2,1,1,2,d1:1;d3:1
16171,25,True,24,0,3,1,9,0,4,7,5,2,3,3,d1:1;d2:1;d4:1;d6:1;d7:1
16173,6,True,5,0,0,-1,0,0,-1,0,0,0,0,0,none
16175,24,True,23,0,3,2,9,0,15,6,3,2,1,3,d2:1;d4:1;d5:1
16177,5,True,4,0,0,-1,0,0,-1,0,0,0,0,0,none
16179,5,True,4,0,0,-1,0,0,-1,0,0,0,0,0,none
16181,14,True,13,0,1,11,1,0,10,3,2,1,1,2,d2:1;d3:1
16183,29,True,28,0,5,11,13,0,20,6,3,2,1,3,d2:1;d4:1;d5:1
16185,12,True,11,0,0,-1,0,0,-1,0,0,0,0,0,none
16187,31,True,30,0,5,1,13,0,22,6,3,2,1,3,d2:1;d4:1;d5:1
16189,30,True,29,0,5,26,13,0,21,6,3,2,1,3,d2:1;d4:1;d5:1
16191,20,True,19,0,5,3,7,0,7,4,3,1,2,2,d1:1;d2:1;d4:1
16193,14,True,13,0,1,11,1,0,10,3,2,1,1,2,d2:1;d3:1
16195,15,True,14,0,1,12,1,0,11,3,2,1,1,2,d2:1;d3:1
16197,14,True,13,0,1,11,1,0,10,3,2,1,1,2,d2:1;d3:1
16199,29,True,28,0,5,2,13,0,20,6,3,2,1,3,d2:1;d4:1;d5:1
16201,15,True,14,0,1,12,1,0,11,3,2,1,1,2,d2:1;d3:1
16203,14,True,13,0,1,1,1,0,0,2,2,1,1,2,d1:1;d2:1
16205,29,True,28,0,5,4,13,0,20,6,3,2,1,3,d2:1;d4:1;d5:1
16207,31,True,30,0,5,1,13,0,22,6,3,2,1,3,d2:1;d4:1;d5:1
16209,29,True,28,0,5,25,13,0,20,6,3,2,1,3,d2:1;d4:1;d5:1
16211,13,True,12,0,2,2,1,0,1,5,3,1,2,2,d1:1;d2:1;d4:1
16213,17,True,16,0,3,12,9,0,8,6,3,2,1,3,d2:1;d4:1;d5:1
16215,14,True,13,0,1,11,1,0,10,3,2,1,1,2,d2:1;d3:1
16217,13,True,12,0,1,10,1,0,9,3,2,1,1,2,d2:1;d3:1
16219,30,True,29,0,5,9,13,0,21,6,3,2,1,3,d2:1;d4:1;d5:1
16221,27,True,26,0,5,3,13,0,18,6,3,2,1,3,d2:1;d4:1;d5:1
16223,11,True,10,0,1,8,1,0,7,3,2,1,1,2,d2:1;d3:1
16225,29,True,28,0,5,4,13,0,20,6,3,2,1,3,d2:1;d4:1;d5:1
16227,19,True,18,0,3,14,9,0,10,6,3,2,1,3,d2:1;d4:1;d5:1
16229,19,True,18,0,3,14,9,0,10,6,3,2,1,3,d2:1;d4:1;d5:1
16231,28,True,27,0,5,3,12,0,1,8,5,1,4,2,d1:1;d3:1;d5:1;d6:1;d8:1
16233,27,True,26,0,5,23,13,0,18,6,3,2,1,3,d2:1;d4:1;d5:1
16235,13,True,12,0,1,1,1,0,0,2,2,1,1,2,d1:1;d2:1
16237,14,True,13,0,1,4,1,0,3,3,2,1,1,2,d2:1;d3:1
16239,14,True,13,0,2,2,2,0,0,4,3,1,2,2,d1:1;d3:1;d4:1
16241,9,True,8,0,0,-1,0,0,-1,0,0,0,0,0,none
16243,10,True,9,0,0,-1,0,0,-1,0,0,0,0,0,none
16245,9,True,8,0,0,-1,0,0,-1,0,0,0,0,0,none
16247,9,True,8,0,0,-1,0,0,-1,0,0,0,0,0,none
16249,17,True,16,0,1,6,1,0,5,3,2,1,1,2,d2:1;d3:1
16251,18,True,17,0,1,2,2,0,0,2,2,1,1,2,d1:1;d2:1
16253,12,True,11,0,1,9,1,0,8,3,2,1,1,2,d2:1;d3:1
16255,29,True,28,0,5,3,13,0,20,6,3,2,1,3,d2:1;d4:1;d5:1
16257,15,True,14,0,1,7,2,0,5,3,2,1,1,2,d1:1;d3:1
16259,9,True,8,0,0,-1,0,0,-1,0,0,0,0,0,none
16261,21,True,20,0,4,11,9,0,4,3,2,1,1,2,d1:1;d3:1
16263,9,True,8,0,1,1,1,0,0,3,2,1,1,2,d2:1;d3:1
16265,28,True,27,0,5,5,13,0,19,6,3,2,1,3,d2:1;d4:1;d5:1
16267,21,True,20,0,3,1,7,0,4,3,2,1,1,2,d1:1;d3:1
16269,18,True,17,0,3,13,9,0,9,6,3,2,1,3,d2:1;d4:1;d5:1
16271,13,True,12,0,1,3,1,0,2,2,2,1,1,2,d1:1;d2:1
16273,28,True,27,0,5,7,13,0,19,6,3,2,1,3,d2:1;d4:1;d5:1
16275,26,True,25,0,5,5,13,0,17,6,3,2,1,3,d2:1;d4:1;d5:1
16277,27,True,26,0,4,5,12,0,18,6,3,2,1,3,d2:1;d4:1;d5:1
16279,19,True,18,0,3,14,9,0,10,6,3,2,1,3,d2:1;d4:1;d5:1
16281,20,True,19,0,3,15,9,0,11,6,3,2,1,3,d2:1;d4:1;d5:1
16283,33,True,32,0,4,1,5,0,22,8,5,1,4,2,d1:1;d3:1;d4:1;d6:1;d8:1
16285,26,True,25,0,5,22,13,0,17,6,3,2,1,3,d2:1;d4:1;d5:1
16287,26,True,25,0,5,2,13,0,17,6,3,2,1,3,d2:1;d4:1;d5:1
16289,10,True,9,0,0,-1,0,0,-1,0,0,0,0,0,none
16291,27,True,26,0,4,5,12,0,18,6,3,2,1,3,d2:1;d4:1;d5:1
16293,14,True,13,0,1,5,4,0,1,4,2,1,1,2,d2:1;d4:1
16295,16,True,15,0,3,3,3,0,4,6,4,1,3,2,d1:1;d3:1;d4:1;d6:1
16297,18,True,17,0,3,8,7,0,1,6,4,1,3,2,d1:1;d2:1;d4:1;d6:1
16299,9,True,8,0,1,1,1,0,0,2,2,1,1,2,d1:1;d2:1
16301,29,True,28,0,4,4,12,0,20,6,3,2,1,3,d2:1;d4:1;d5:1
16303,27,True,26,0,4,1,12,0,18,6,3,2,1,3,d2:1;d4:1;d5:1
16305,19,True,18,0,3,14,9,0,10,6,3,2,1,3,d2:1;d4:1;d5:1
16307,18,True,17,0,3,13,9,0,9,6,3,2,1,3,d2:1;d4:1;d5:1
16309,16,True,15,0,1,13,1,0,12,3,2,1,1,2,d2:1;d3:1
16311,24,True,23,0,2,6,4,0,2,5,3,1,2,2,d2:1;d4:1;d5:1
16313,20,True,19,0,3,15,9,0,11,6,3,2,1,3,d2:1;d4:1;d5:1
16315,19,True,18,0,3,1,9,0,10,6,3,2,1,3,d2:1;d4:1;d5:1
16317,14,True,13,0,1,2,1,0,1,3,2,1,1,2,d1:1;d3:1
16319,21,True,20,0,3,6,6,0,0,6,4,1,3,2,d1:1;d3:1;d5:1;d6:1
16321,17,True,16,0,1,14,1,0,13,3,2,1,1,2,d2:1;d3:1
16323,29,True,28,0,8,13,12,0,7,5,2,1,1,2,d2:1;d4:1
16325,11,True,10,0,2,3,1,0,2,5,3,1,2,2,d1:1;d2:1;d4:1
16327,33,True,32,0,4,2,12,0,24,6,3,2,1,3,d2:1;d4:1;d5:1
16329,30,True,29,0,4,4,12,0,21,6,3,2,1,3,d2:1;d4:1;d5:1
16331,19,True,18,0,3,1,9,0,10,6,3,2,1,3,d2:1;d4:1;d5:1
16333,15,True,14,0,1,12,1,0,11,3,2,1,1,2,d2:1;d3:1
16335,27,True,26,0,5,1,13,0,18,6,3,2,1,3,d2:1;d4:1;d5:1
16337,15,True,14,0,1,12,1,0,11,3,2,1,1,2,d2:1;d3:1
16339,13,True,12,0,1,10,1,0,9,3,2,1,1,2,d2:1;d3:1
16341,9,True,8,0,0,-1,0,0,-1,0,0,0,0,0,none
16343,19,True,18,0,3,6,5,0,2,4,2,1,1,2,d1:1;d3:1
16345,11,True,10,0,2,3,1,0,2,4,3,1,2,2,d1:1;d2:1;d4:1
16347,25,True,24,0,4,1,12,0,16,6,3,2,1,3,d2:1;d4:1;d5:1
16349,26,True,25,0,4,21,12,0,17,6,3,2,1,3,d2:1;d4:1;d5:1
16351,21,True,20,0,2,1,6,0,12,6,3,2,1,3,d2:1;d4:1;d5:1
16353,15,True,14,0,1,4,2,0,2,4,2,1,1,2,d1:1;d3:1
16355,9,True,8,0,0,-1,0,0,-1,0,0,0,0,0,none
16357,16,True,15,0,1,4,1,0,3,2,2,1,1,2,d1:1;d2:1
16359,24,True,23,0,5,1,13,0,15,6,3,2,1,3,d2:1;d4:1;d5:1
16361,27,True,26,0,4,2,12,0,18,6,3,2,1,3,d2:1;d4:1;d5:1
16363,14,True,13,0,2,1,2,0,2,4,3,1,2,2,d1:1;d2:1;d4:1
16365,21,True,20,0,4,8,3,0,10,3,2,1,1,2,d1:1;d3:1
16367,32,True,31,0,4,7,12,0,23,6,3,2,1,3,d2:1;d4:1;d5:1
16369,13,True,12,0,3,4,2,0,2,7,4,1,3,2,d1:1;d3:1;d4:1;d6:1
16371,21,True,20,0,4,5,3,0,10,3,2,1,1,2,d1:1;d3:1
16373,11,True,10,0,2,2,1,0,1,9,5,3,2,4,d2:1;d4:1;d5:1;d7:1;d9:1
16375,21,True,20,0,4,8,3,0,10,3,2,1,1,2,d1:1;d3:1
16377,13,True,12,0,1,4,2,0,3,2,2,1,1,2,d1:1;d2:1
16379,30,True,29,0,5,12,12,0,5,3,2,1,1,2,d1:1;d3:1
16381,28,True,27,0,5,11,10,0,2,6,3,1,2,2,d1:1;d3:1;d5:1
16383,23,True,22,0,7,6,6,0,1,4,2,1,1,2,d1:1;d3:1
